document_id,total_blocks,extracted_text,event,event_description,setting,characters,plot,moral,meta_category
CREC-1995-01-19-pt1-PgE134,4,"Ives, Kenneth Keating, Jacob Javits, Robert Kennedy, Charles Goodell, James Buckley, Alfonse D’Amato and Moynihan. Emory has reported on the administrations of Harry Truman, Dwight Eisenhower, John Kennedy, Lyndon Johnson, Richard Nixon, Gerald Ford, Jimmy Carter, Ronald Reagan and George Bush. Come March, he’ll be dining with Bill Clinton. ‘‘It’s a very exciting prospect,’’ Emory says. In December, Emory was elected president of the Gridiron Club, an association of powerful Washington journalists. Some of his predecessors include David Broder, Helen Thomas, Carl Rowan and Jack Germond. Emory says he can’t remember another reporter from a small newspaper being elected club president. Each March, the Gridiron Club holds an ultra-exclusive white-tie dinner featuring the president, his cabinet, and most of Washington’s top public officials and politicians. Like the Legislative Correspondents Association’s annual show in Albany, the Washington reporters write parodies poking fun at Republicans and Democrats alike. As club president, Emory gets to dine with Clinton and must keep an eye on him throughout the show, the better to report back to the membership on how he reacted to the skits. Clinton gets to deliver a rebuttal following the show. Next year’s speakers also include Moynihan and former Education Secretary Bill Bennett. It’s been a long journey between dinner with the president and Watertown, where Emory first was hired in 1947 after graduating from Columbia University with a master’s degree in journalism. (He attended Harvard University as a undergraduate.) Emory was covering the Dewey administration in Albany when his publisher, John Johnson, called him in August 1951. ‘‘We’re going to raise the price of the paper. We owe the readers something,’’ Emory recalls Johnson telling him, ‘‘How would you like to go to Washington?’’ Emory jumped at the chance. He and his wife, Nancy, packed up and moved south. Shortly after arriving in Washington, they found a house on a lake in a Virginia suburb. They’ve been there ever since, raising three children. They now have four grandchildren as well. He’s traveled with presidents, covered the White House, and written on foreign affairs. But his bread-and-butter is the local, day-today coverage of New York affairs in Washington. The congressional delegation. The St. Lawrence Seaway. The state lobbying office. Politics. Federal decisions as they affect the Empire State. The New York connection has served Emory well. At the 1960 Republican National Convention, Emory got there a few days early and hung out with aides to then-New York Gov. Nelson Rockefeller. They told him that Rockefeller was not going to be nominated for president against Richard Nixon. A national scoop. ‘‘I got the story long, long before anyone else even came close to it,’’ Emory says. Likewise, at the 1968 Republican convention, while waiting to interview with William Miller, the former upstate New York congressman who was Barry Goldwater’s running mate four years earlier, Emory found a poll that showed Nixon being more popular than Rockefeller in New York. The two men were competing for the 1968 Republican presidential nomination. Emory gave his story to the Nixon folks with the stipulation that they agree to credit his newspaper if they used the information. Sure enough,

there was Nixon a few days later, quoting the Watertown Daily Times. Emory spends much of his time chronicling the Watertown-area congressman, John McHugh (R-Pierrepont Manor). McHugh was three years old when Emory first went to Washington. ‘‘I took my first lessons about politics from Alan Emory’s column,’’ McHugh says. ‘‘I’ve read about his experiences and his observations. I finally had a chance to meet with him face-to-face and work with him. It was a thrill for me. To most people in the North Country, Alan Emory is our window on the Capitol.’’ Many regional reporters in Washington move onto greener pastures. They land jobs at larger papers or enter the government. Emory says he has never tired of his job or the Watertown paper. He once had a shot at a bigger paper, but it fell through. Otherwise, he says, he’s never wanted to leave. ‘‘Watertown treats me like a member of the family,’’ he says. He goes on vacation when he wants. He has the time to do projects like Gridiron. The paper was very supportive when he underwent cancer treatment a few years back. One of Emory’s friends, Allan Cromley of the Daily Oklahoman, walks by. ‘‘Don’t believe a word he says,’’ Cromley says. Emory smiles and goes on. ‘‘When people play up to the big metropolitan papers, there’s that frustration,’’ Emory says. ‘‘But there’s a counterweight that comes if you luck into somebody from your neck of the woods who gets way up there.’’ Eisenhower’s press secretary, Jim Haggerty, used to work for Dewey. Nixon’s secretary of state, William Rogers, was a native of St. Lawrence County. Former Central Intelligence Agency chief Allan Dulles was a Watertown native. All became sources for Emory. Others from the North Country have passed through. Former state Sen. Douglas Barclay of Pulaski chaired President Bush’s upstate campaign in 1988 and was named to the Overseas Private Investment Corporation. Former North Country Rep. Robert McEwen was appointed by President Reagan to one of the joint U.S.-Canadian commissions. Former Assistant Education Secretary Donald Laidlaw was an Ogdensburg native. Another official, former Republican National Committee Executive Director Albert (Ab) Herman, had played professional baseball in Watertown. Emory wrote a story about him, and Herman began hearing from old friends long forgotten. ‘‘He was a fabulous political source from then on,’’ Emory recalls. In the 1950s, the federal government used to publish a book listing the home congressional district of numerous federal workers. Anyone hailing from the North Country’s congressional district could expect a call from Emory. ‘‘I would leaf through that book, call them up and do interviews,’’ Emory says. ‘‘These were people nobody had ever been in touch with before. They started getting mail from old neighbors who saw their write-ups in the Watertown Daily Times. Also, it gave me all kinds of contacts. If the individual didn’t have the answer, he could lead me to someone who did.’’ A U.S. senator named Hubert Horatio Humphrey became a source as well. Humphrey and Emory’s mother, Ethel Epstein, served together on the board of the liberal Americans for Democratic Action. Emory lists Humphrey and former Michigan U.S. Sen. Philip Hart as his two favorite politicians. He came to know Hart after an aide to New York U.S. Sen. Herbert Lehman joined the Michigan senator’s staff.

Thursday, January 19, 1995 Mr. BONILLA. Mr. Speaker, today, Congressman CHET EDWARDS and I are introducing the Endangered Species Act moratorium

help put a stop to the current abuses of the Endangered Species Act [ESA]. In its current form the Endangered Species Act—though well intentioned—works contrary to, and often against, one particular species—the human being. Many hardworking ranchers, farmers, and homeowners in Texas have a greater fear of the golden cheeked warbler than they do of tax hikes and tornadoes. In my own hometown of San Antonio, TX, the entire source of water has been held hostage by Federal agencies and courts over a small fish called the fountain darter. This bill is an important first step to allay some of those fears and bring common sense to the ESA process. We in Congress must act and ensure that human beings no longer play second fiddle to spiders and snakes. Specifically, this legislation will suspend the further listing of endangered or threatened species and the designation of new critical habitat until the Endangered Species Act is reauthorized by Congress. The ESA’s authorization expired in 1992. This bill is a realistic vehicle toward reforming the ESA. Passage of this bill compels Congress to consider human factors and bring balance to the ESA when it considers the reauthorization. ESA must be reconstructed with amendments which not only protect the environment, but respect property rights. Protecting property rights does not mean that threatened species cannot be protected. It simply means that human costs should be considered when the ESA is imposed. It also means that Government agencies, such as the Fish and Wildlife Service, should be creative in finding ways to balance these goals, rather than slamming the heavy fist of the Federal bureaucracy down on landowners. The Federal Government should work in concert with the true stewards of the land, instead of threatening them with fines without warning. Please join me in cosponsoring this important legislation. It is long since past the time that we brought sanity and common sense to the ESA process. This legislation will stop current abuses and make possible real reform of the ESA. Thank you.",ESA moratorium,Legislation to suspend the listing of endangered species and designation of critical habitat until the Endangered Species Act is reauthorized.,legislative chamber debate,"Congressman CHET EDWARDS [Hero]; Federal agencies and courts [Villain]; hardworking ranchers, farmers, and homeowners in Texas [Victim]; Fish and Wildlife Service [Villain]","Congressman CHET EDWARDS introduces legislation to suspend the listing of endangered species and designation of critical habitat until the Endangered Species Act is reauthorized, arguing that the current ESA process harms human interests, particularly those of ranchers, farmers, and homeowners in Texas, who feel threatened by federal regulations.",The Endangered Species Act must be reformed to prioritize human property rights and consider the impacts on local communities while still allowing for environmental protections.,ESA Legislative Action
CREC-1995-02-23-pt1-PgH2072,4,"(Mr. SMITH of Texas asked and was given permission to address the House for 1 minute and to revise and extend his remarks.) Mr. SMITH of Texas. Mr. Speaker, I am pleased to join my colleague, Mr. CONDIT, in offering a bipartisan amendment that will extend the Regulatory Transition Act to cover listings and designations of critical habitat under the Endangered Species Act. This amendment is necessary to protect the most endangered species of all, the American landowner. It is time that Congress gave hard-working, taxpaying American families the same rights as blind cave spiders, goldencheeked warblers, and fairy shrimp. Burdensome regulations imposed under the Endangered Species Act are reducing our landowners, farmers, and small business owners to a rare breed. This year, Congress has the opportunity to amend the Endangered Species Act to balance the rights of landowners. Until Congress reauthorizes the Endangered Species Act, we must put a stop to the out-of-control regulators and protect American property owners. Later today, we will offer a bipartisan

moratorium on Endangered Species Act listings and critical habitat designations. I urge my colleagues to support the bipartisan Condit amendment.

(Mr. HOSTETTLER asked and was given permission to address the House for 1 minute and to revise and extend his remarks.) Mr. HOSTETTLER. Mr. Speaker, I rise in support of the Regulatory Transition Act. Mr. Speaker, there is a frantic effort underway on the part of the administration to frighten the American public and this body about what those of us who would protect private property rights are trying to do. For years, Big Government has disseminated the message that the public needs of Washington, DC, to take care of it—that without Washington, DC, no one will look out for its health and well-being; that without Washington, DC, no one will protect its clean air and clean water; that without Washington, DC, no one will know what to do because only Washington, DC, knows what’s good. Something may sound ridiculous but, as the message goes, it’s coming from Washington, DC, so it must be a smart idea, because after all, doesn’t Washington, DC, know best? There was a different message sent in the last election. Washington, DC, doesn’t know best. Regulation after regulation comes down the pikemicromanaging every facet of the daily lives of individuals and the daily operations of businesses. The people said, ‘‘Enough.’’ The administration responded by preparing some 4,300 new regulations to get through under the closing door. If we are truly representing the American people, we must keep this from happening. The administration is trying to send a message that life as we know it will fall apart if these regulations don’t get through. That is an unfortunate scare tactic. But let’s show everybody concerned that the regulatory monster isn’t vital to our existence, but it actually threatens our way of life as we know it. Let’s cast a vote for smaller, smarter Government and defy those who are trying to scare the American public and this body into continuing with business as usual.

According to Timothy Mescon, dean of Kennesaw State College, political and academic resources were commingled in the preparation of the course he cotaught with Speaker GINGRICH. This led Dean Mescon to admit to the Los Angeles Times this week that ‘‘In hindsight, we would never do this again. There’s no question about that * * * I feel horrendous about this thing, and it’s embarrassing.’’ Lois Kubal, a graduate student involved in the design of Speaker GINGRICH. This led Dean Mescon to admit to the Los Angeles Times this week that ‘‘In hindsight, we would never do this again. There’s no question about that * * * I feel horrendous about this thing, and it’s embarrassing.’’ Lois Kubal, a graduate student involved in the design of Speaker GINGRICH’s so-called course, says that ‘‘the class at KSC was intended to be partisan and very political.’’ Even more disturbing, course content was sold to corporate sponsors. According to a request for funding, potential donors were promised they could participate or work directly with the leadership of the project in the course development process in exchange for their $25,000 or $50,000 check. This is how the course is taught, the game is played, at Newt University. Mr. Speaker, the charges keep piling up. We need an outside, independent counsel to investigate the serious ethical charges hanging over the head of the Speaker of the House, and we need one now.",regulatory moratorium,Proposal for a moratorium on Endangered Species Act listings and critical habitat designations.,House of Representatives debate on the Endangered Species Act,Mr. SMITH of Texas [Hero]; the administration [Villain]; American landowners [Victim],"Mr. SMITH proposes a bipartisan amendment to protect American landowners from burdensome regulations imposed by the administration under the Endangered Species Act, advocating for a moratorium on listings and designations.",The narrative advocates for the protection of American property rights by amending the Endangered Species Act to reduce regulatory burdens on landowners.,ESA Regulatory / Agency Action
CREC-1995-02-23-pt1-PgH2087-4,93,"certify that the regulation qualifies for an exclusion and publish a certification to that effect in the Federal Register. Mr. Chairman, we are going to hear a lot of rhetoric today about how this bill will turn back the clock and undo Federal regulations which have been in place for 25 years. Or other tales of woe that this bill will not provide us with safe drinking water or allow us to have meat inspections. This is absolutely not the case, palpably untrue. This bill does not impact regulations issued before this temporary moratorium period. In addition, the health and safety exemption in the bill allows a great deal of flexibility and discretion to address these concerns. It will be up to those in the executive branch to make decisions as to what specific regulations will be exempt under this broad category. This is a way flexible piece of legislation. The legislation provides a number of benefits. First, it will give authorizing committees a chance to review regulations that are already in the pipeline and see whether they meet some of the criteria discussed here in Congress regarding cost-beneficial regulations. Second, it will also give some breathing space from the flood of regulations while Congress considers and passes major regulatory reforms. Third, it will give the administration the opportunity to review their own administrative processes. I was pleased to see that the President the other day indicated that they were going to undertake a very massive review of existing regulation. I think that complements what we are trying to do here with a moratorium. Mr. Chairman, I reserve the balance of my time. Mrs. COLLINS of Illinois. Mr. Chairman, I yield myself such time as I may consume. (Mrs. COLLINS of Illinois asked and was given permission to revise and extend her remarks.) Mrs. COLLINS of Illinois. Mr. Chairman, I am reminded of something that I read as a child: Double, double, toil and trouble; Fire burn and caldron bubble. Fillet of a fenny snake, In the caldron boil and bake; Eye of Newt and toe of frog, Wool of bat and tongue of dog . . . Mr. Chairman, like the witches’ brew in Macbeth, the bill before us is a dangerous concoction that places the special interests of business ahead of the interest of the ordinary working family. H.R. 450 is not part of the Contract With America, and I doubt there are few Americans who went to the polls and thought they were voting to weaken food inspection procedures or to put a halt to testing for clean water. Regulatory moratoria are not new. Presidents Reagan and Bush each had a moratorium on regulations when they took office and President Clinton al-

so important to transforming this broad, sweeping, ambiguous bill into a moratorium that makes more sense. One of our first amendments will eliminate the retroactive aspect of the moratorium. To my colleagues who are normally concerned about retroactivity of legislation, and to those who have expressed a concern about passing laws that constitute a taking, you should be concerned about this bill’s retroactive aspects. Businesses have made millions of dollars of investments based upon the rules they had in front of them. Changing the rules in midstream is totally unfair and unprofitable. We also have an amendment to clean up the judicial review language, so that clever lawyers cannot tie up regulations in court, even if they are exempted under the bill. Another amendment will clarify the language in the bill that attempts to define what constitutes an ‘‘imminent threat to health and safety’’ in order to give the same protection to the American people that the bill gives to private property. We also have several amendments to legislatively clarify that we do not want certain regulations to be covered by the moratorium. Some are just commonsense rules that carry out laws that enjoyed wide support, or revise procedures that we would agree are necessary. example, we think Members do not want to block the Federal Elections Commission from enforcing its new regulations prohibiting the private use of campaign funds.

are offering these amendments to ensure that the regulations will be legislatively exempted and to send a strong message to the Senate that we do not want them to pass a moratorium that fails to exempt these regulations. We do not want to enable some clever lawyer to tie these regulations up in court. So please don’t tell us that a certain regulation might be covered by an exemption. If you have no problem with the regulations in the amendment, just accept it, so that we can save everyone the time. We adopted an amendment in committee to exempt tax interpretations; we have done it for bank regulations. We ought to do the same with rules protecting the American people. In closing, let me note that at our markup, the room was filled with high priced lobbyists all watching to ensure their special interests were taken care of. Today there is a larger audience of people watching. They are the ones we are privileged to serve. Let us not forsake our responsibility to them—the American people—during this debate. Our mission here is to represent them, to ensure that they enjoy good health, breathe clean air, drink germ free water, and work in a safe place in pursuit of their happiness.

mend the chairman, the ranking member of the subcommittee, and the minority and all of the staff for working with us on this bill. One of my main concerns about the original bill was the retroactive provisions. That was until I obtained a copy of the 615 regulations issued between November 9 and December 31 of last year and read them. The more I read, the more I believed that this bill was necessary. If every Member of Congress were required to read every Federal regulation, I am convinced that all of you would have a different view of the Federal regulatory process. The longer I worked on this bill, the more convinced I was that a wholesale attitude change was necessary in the regulatory process. I became convinced that what was needed was a 2 by 4 between the eyes of the Federal regulatory bureaucracy. H.R. 450 is just that, a 2 by 4 which serves as a wake up call, putting the bureaucracy on notice that business as usual is over. This bill was crafted taking into account the failures of the Bush-imposed moratorium. It is meant to be wide in scope and to avoid narrow exclusions. H.R. 450 exempts routine regulations, it exempts regulations which reduce or streamline the regulatory process, it gives the administration the full authority to exempt regulations that are a threat to health and human safety, and is limited to those regulations that need to be looked at and reassessed. H.R. 450 places a temporary hold on regulations until common sense risk assessment and cost-benefit analysis is passed and signed into law. Furthermore, H.R. 450 gives the committees of jurisdiction time to look at regulations and lets them ask the question: Do these regulations really make sense? The bottom line is that business as usual will be over with the passage of H.R. 450. It is a message that needs to be sent to the bureaucracy. The American people want a change in our inflexible and over-burdensome regulatory rulemaking process. I’m tired of going home and hearing yet another regulatory horror story. For example, Moorhead, MN, in my district, is being forced to pay $10 million to change their municipal water system when the engineering experts and health officials admit it is a waste of money. The regulations mandating this are not sensible, but typical of well-meaning but over-intrusive Federal bureaucrats. I want to thank committee chairman CLINGER and subcommittee chairman MCINTOSH for their hard work and willingness to make this a bipartisan effort. While this bill is not perfect, it is workable and serves as a wake up call to the bureaucracy telling them things have changed. This bill puts us on course for a regulatory change in attitude which involves risk assessment and cost-benefit analysis, and hopefully keeps the Federal Government out of the people’s lives except when it is absolutely necessary.

Mr. CLINGER. Mr. Chairman, I am very pleased to yield 3 minutes to the majority whip, the gentleman from Texas [Mr. DELAY], another coauthor of this very important piece of legislation. Mr. DELAY. I thank the chairman of the committee for yielding this time to me. Mr. Chairman, I have been waiting for today for 16 years. Ever since I opened up my small business and started to have to deal with bureaucrats constantly knocking at my door and piling on the paperwork, I have wanted to do something about the problem of Federal overregulation. With H.R. 450, the Regulatory Transition Act of 1995, we begin the process of reforming the regulatory system. Regulations are out of control, and are only going more so under this administration. Measured by the number of pages in the Federal Register, in which all new regulations are published, each of Mr. Clinton’s 2 years in office have seen the most regulatory activity since President Carter’s last. The number of ‘‘actual pages’’, not counting corrections and blank pages in 1994, was 64,914 pages, the third highest total of all time, and an increase from 1993’s count of 61,166 actual pages. Despite rhetoric to the contrary, regulatory activity under the Clinton administration is increasing, not decreasing. In fact, the average American had to work full time until July 10 last year to pay the costs associated with government taxation, mandates, and regulations. This means that 52 cents of every dollar earned went to the government directly or indirectly. On November 8, 1994, the American people sent a message to Washington. They voted for a smaller, less intrusive government. An important step toward reaching this goal is curtailing these excesses of Federal regulation and red tape that are now estimated to cost the economy over $500 billion annually. Although regulations are often wellintended, in their implementation too many are oppressive, unreasonable, and irrational. For example: An environmental engineer was criminally convicted of contaminating wetlands for moving two truckloads of dirt. Another man faced a grand jury because he stabbed a protected falcon with a pitchfork as it killed a chicken in his front yard. Mr. Chairman, one company paid $600,000 for failing to fill out a Federal form even though it had complied with an identical State law. A drycleaner was fined for not posting a piece of paper listing the number of employee injuries in the last 12 months, when in fact there were no injuries during that time. What do you think are the effects of such regulations? Besides the fact that Americans tend to lose respect for their Government, there is also the issue of cost. Regulatory costs that are imposed on businesses—both

big and small—have to be paid, but you can be sure they are not paid by the business. Instead, these costs are passed directly on to the consumer, increasing the prices for the goods and services they buy and lowering our standard of living. Every American needs to realize that excessive regulation affects their family and their personal lives directly. The last thing the Government should be doing is making it harder for Americans to pursue their dreams of entrepreneurship. Rather, we should be facilitating it, so that Americans can provide for their families free of regulatory roadblocks, which will result in a continued high standard of living for the whole country. H.R. 450 is such a facilitator. This bill establishes the moratorium on Federal regulations President Clinton refused to order himself last December. It gives Congress—Republicans and Democrats alike—some breathing room to pursue the process reforms that are embodied in the Contract With America, such as costbenefit analysis and risk assessment. Those reforms will then apply to those regulations that were suspended during the moratorium period, so that no new regulations since the election will have been promulgated without having gone through the tests of sound science and proper cost and risk analysis. Make no mistake. A Federal regulation is a law that can affect life, liberty, and property of Americans. Fairness, justice, and equity must be reflected in the laws of the land, including Federal regulations. The 104th Congress should undertake a thorough review of Federal regulations, starting with the way they are made and enforced, and make such adjustments to the statutes of this land as are necessary to reflect the mandate of the American people. No such thorough review has been possible for some 40 years. It is a daunting but welcome task. It cannot be achieved overnight, nor even in the first 100 days of this Congress, but we can make a start. That start will be impeded if legions of new regulations go into effect before even the initial consideration for regulatory reform and relief can be given. Mrs. COLLINS of Illinois. Mr. Chairman, I yield 5 minutes to the gentleman from South Carolina [Mr. SPRATT], a member of the committee. (Mr. SPRATT asked and was given permission to revise and extend his remarks.) Mr. SPRATT. Mr. Chairman, I thank the gentlewoman for yielding time to me. Mr. Chairman, I rise in opposition to H.R. 450, the Regulatory Transition Act of 1995, as it is now written. I share the concerns of this bill about the burdens of regulation. I believe the regulatory maze needs to be cleared out. But this bill is not the way to go. This is the all-time case of throwing out the baby with the bathwater. H.R. 450 freezes action on almost all Federal regulations issued between November 20, 1994, and December 31, 1995. Its reach is so broad that even its sponsors can’t tell us exactly what it embraces. For one thing, they did not try to inventory all the regulations issued or about to be issued before they filed this bill; and they cannot foresee all of the regs that may be needed over the next 10 months.

clude certain regs in clusters, under a particular heading. Our object in offering these amendments is to clear up a path through the enormous gray zone created because the boundaries of this bill are so ambiguous. For example, there will be amendments that make it clear that this bill does not block the Customs Modernization Act from being implemented, that make it clear that this bill does not stop sanctions against China or against other countries that engage in certain kinds of fraudulent trade, that settle any question about food safety regulation, that deal with airline safety, mine safety, that make it clear that this bill will not stop long-awaited rules for transuranic nuclear waste disposal, so that the Waste Isolation Pilot Project can go forward, that upgrade with mammography quality standards, that deal with personal use of campaign funds, that broaden veterans benefits for Persian Gulf syndrome, and that even deal with hunting season for ducks and waterfowl. There will also be amendments that make the bill prospective only and remove one of its most problematical features—judicial review. This bill is not without merit. But it needs a lot of work before it deserves to be passed, or else we will create far more confusion than we prevent by passing it.

That does not have to be that way. We should not have a problem. The other side of the story in reality is that regulatory overkill pouring out of this town has endangered the economic well-being and the essential services of virtually every community, every county, every State, every business up and down Main Street; every hospital, every school, everybody in America. The total cost, $600 billion nationwide, and it is breaking the back of our local government. What is at stake is the very confidence of the people of the United States and their faith in our Government. We are regulating our citizens out of business with a shotgun, Youare-guilty-until-proven-innocent approach. The gentleman from South Carolina [Mr. SPRATT] said we should not throw the baby out with the bath water. Right now the bath water would not meet the clean water standards, the soap would not be labeled right, the tub would be judged unsafe, and parents could not bathe the baby without proper instruction, certification and schooling. It is time for moratorium. Mrs. COLLINS of Illinois. Mr. Chairman, I yield 3 minutes to the gentleman from New Mexico [Mr. RICHARD-

judgment is not good. It is basically creating temporary bottleneck and gridlock. This is something that the other side has abhorred for years. But when you have a moratorium, it means nothing can happen. You delay a decision. So what we are doing is creating regulations, in my judgment, that do not create jobs. What we are doing is preventing regulations that create jobs, that protect children, that keep planes and trains from crashing, and keep hunters from hunting. That is in essence what we are doing. What we are doing is basically trying to use BandAids after open heart surgery. The administration has worked hard and with success to streamline agency rule making. Let that continue. The Congress can use its oversight authority to curb overzealous agency action. The Vice President has taken the lead in this direction, not just with reforming government, by cutting Federal workers, over 280,000, to finance the crime bill, and there are task forces in every single department of government designed to curb regulation. This is ongoing. Why do we have to interfere with this process? This moratorium is so strict that agency employees would be prohibited from almost doing anything by risk assessment. In other words, a paralysis would virtually take place. Any agency decision to exclude a rule except for emergencies could be challenged in court, tying things up further and keeping lawyers further employed. The committee made sure that exclusions exist for tax and banking regulations, but they would not add exclusions for meat and poultry inspection, safe drinking water regulations, mine safety regulations, programs that help the working class. Assurances that exclusions protect health and safety regulations are not worth anything. They are going to be tied up in court with lawsuits. We are employing a lot of lawyers with this legislation. The committee language makes it easier to exclude regulations on the basis of damage to property, rather than damage to individuals and human beings. So what we have is piecemeal legislation, a piecemeal amendment process, exempting certain statutes and programs from the moratorium. It is more evidence of the fact that this is a bad idea. How do we pick and choose in a day what should be exempt and what should not be exempt? Mr. CLINGER. Mr. Chairman, I am very pleased to yield 1 minute to the gentleman from Texas [Mr. COMBEST], the chairman of the Permanent Select Committee on Intelligence. Mr. COMBEST. Mr. Chairman, this bill goes right at the heart of what the frustration in this country is, and I would challenge Members of this Congress to walk down the streets of your community, stop anyone, and ask them what their concerns are, and I bet you more than not you will hear that the

er, yet OSHA would be stopped from their investigation on this very issue because the scope of this proposal is so broad that they could not even get further comment on a proposal to deal with protecting people in the workplace. This is not what the American public wants, regulatory relief that allows the tobacco industry to continue to promote and sell cigarettes to our children. There are other examples of how this bill will hurt the middle class. It will delay efforts to improve the safety of meat, poultry, and seafood. It would remove dangerous chemicals from drinking water under a proposal, and those proposals would be stopped. There is a proposal to establish standards for mammography, and those standards would be stopped. Protect children from iron poisoning and reduce toxic emissions from incinerators, these are regulations that are about to be proposed, and they would be stopped by this moratorium. I think it is a part of what is clearly not just in and of itself a transition to another bill, it is part of a salvo on attacking all of our Nation’s regulatory safety net. Other provisions we are going to get up before this Congress next week which are part of this so-called Contract with America would be even more extreme, because they would create a regulatory maze that would prevent the agencies from protecting our health and safety. They in fact would roll back 25 years of environmental progress. There are good regulations, there are bad regulations. Let us figure out how to make regulations smart and effective, not simply to take all regulations and stop them from going into effect, either through a moratorium, which is part of what this legislation would do, or the regulatory, so-called, reform bill that we will get next week, which will cripple government from doing anything to protect people. The people we are trying to deal with are the middle class.

Mr. Chairman, let me say, I do think the choice is clear today before this body, whether we are going to continue business as usual, to continue to have 4,300 new regulations coming out of this administration, to continue to be on the side of the 130,000 Federal bureaucrats who spend their time writing and enforcing regulations, or whether we are going to be on the side of the American people and say enough is enough. It is time we take a time out on Federal regulations. It is time that we have a moratorium, so we can go through and start getting rid of the unnecessary and ridiculous and burdensome regulations. I wanted to share with the body some of the examples that have come to my attention, both as chairman of the subcommittee, and as working with former Vice President Quayle, as his staff director of the Council on Competitiveness. One of those regulations was a rule that apparently would bar the tooth fairy in the United States. It was a requirement that every dentist not give back baby teeth to their parents. When we inquired, ‘‘Why on Earth would you need to have that type of regulation,’’ the agency said ‘‘We are worried that those baby teeth might be hazardous waste material.’’ Mr. Chairman, that, of course, is one of the most ridiculous assumptions we could possibly make. We asked ‘‘Could you think about that a little longer?’’ And they eventually said, ‘‘Yes, the dentist can give back baby teeth.’’ The tooth fairy can visit the American home. Another issue that has come to my attention was the Consumer Product Safety Commission guideline that recommended that on the worksite every bucket with 5 gallons or more that could contain water have a hole in the bottom of it. We asked ourselves, why on Earth would you want a bucket with a hole in the bottom of it?

Someone decided that it might contain water and that could become a hazard if someone slipped and fell and landed facedown in the bucket. Their response: Put a hole in the bottom of the bucket so that it leaks water and can no longer contain what it is meant to. Another example from my district was Mr. Floyd, who is a farmer in Muncie, IN. He has had his farm in his family for over 50 years now. One day one of the neighboring businesses accidentally broke the drainage tile that allowed his property to be drained and farmed, creating a big mud hole. Soon after that, he was visited by Government regulators who told him, ‘‘You can no longer farm your farm. We’ve decided that this mud hole is a wetland and needs to be protected.’’ There you have Mr. Floyd, an 80year-old farmer from Muncie, IN, going

COMMITTEE MEMBER: On behalf of the 2.2 million members of the National Education Association, I urge you to vote against HR 450, the Regulatory Transition Act of 1995, during Committee markup. HR 450 would freeze and delay implementation of a broad range of important federal regulations until an unspecified future date and would retroactively apply to many regulations already in effect. If enacted, HR 450 will undermine and negate many important safeguards and protections for Americans, and lead to confusion and uncertainty among state and local governments and employers attempting to understand their responsibilities for complying with federal laws. Among the hundreds of regulatory actions that could be negated by this bill are: Department of Labor final regulations to implement the Family and Medical Leave Act, scheduled to take effect on April 6; Department of Education guidance to states and school districts on how to implement the new Gun-Free Schools Act; Regulations currently being developed by the Education Department that are necessary to implement the new provisions of the recently enacted Elementary and Secondary Education Act; Education Department regulations and guidance on the new college student Direct Loan program, which will save the federal government billions of dollars; Proposed OSHA standards to protect workers from harmful indoor air pollutants; and Expected FCC regulations to implement the Children’s Television Act. By imposing an across-the-board freeze on all federal regulations, the Congress would prevent the federal government from carrying out its responsibilities and leave many Americans without the benefit of important guidance and protections. NEA urges you to vote against this ill-conceived plan for reducing the scope of safeguards Americans expect from the federal government.

veloper then we’ll allow it, but a regulation addressing a human health issue can only go into effect if it will prevent death or serious injury rather than safe guard general welfare. Mr. Chairman, I believe this bill will actually undermine efforts to improve the regulatory process. It defines regulatory action banned by the bill very broadly, including notice of inquiry, advanced notice of proposed rulemaking and notice of proposed rulemaking. For those familiar with the process of developing regulations, these are information gathering measures which open the process to all interested parties and afford them the opportunity of to raise important issues and point out possible pitfalls. These devices allow agencies to say here is what we are thinking about doing, what is your reaction and how can we do things better. I wish my Republican colleagues would explain to me how the process can be improved if agencies are barred from soliciting input from entities which might be covered by a regulation. This definition is totally counterproductive and again demonstrates that the proponents of this bill have not fully thought out its effects. I am very concerned about the implications of this bill on the interests of the residents of my State. For example, important regulations issued by the National Marine Fisheries Service in December 1994 and January 1995 designed to protect certain New England fishstocks will be repealed. These regulations will help to stem the dramatic decline of haddock, cod, and flounder and rebuild these important species. Without these measures, it is very likely that these species will become extinct thereby driving fishermen in communities like Stonington, CT, out of business. As the bill is written, these regulations, which respond to an emergency, do not qualify as such. Furthermore, regulations issued by the Environmental Protection Agency last month to improve air quality in the Northeast will be declared void. These regulations were requested by nine States in the region and are among the most flexible I’ve ever seen. This bill casts aside the will of nine States and abrogates regulations which are a model of flexibility. Once again, this bill throws the baby out with the bath water purely and simply. Mr. Chairman, this is an ill-conceived measure which will jeopardize the health, safety, and well-being of every American. It does not facilitate a transition as the title suggests. Instead, it creates a massive chasm which its proponents virtually guarantee can not be bridged. It does not seek a separate out those measures which have widespread public support or address many important issues which might not cause immediate death. This bill is bad public policy and should be defeated. Mr. CLAY. Mr. Chairman, I rise in opposition to H.R. 450. This is absurd legislation intended to prevent the President from exercising his constitutional responsibility to enforce the laws of the United States. It is an ill-conceived bill that creates tremendous confusion as to what kinds of regulations are subject to the moratorium and what kind are not. In effect, the new majority wants to make the President a powerless executive. If they succeed, the public will suffer. The impact of this legislation on regulations intended to protect the health and safety of American workers clearly illustrates the extent of the confusion that enactment of this legislation would cause. The bill specifically provides that the Office of Management and Budget’s

Administrator of the Office of Information and Regulatory Affairs may issue a waiver for any regulation that is certified as necessary because of an imminent threat to health or safety. The term ‘‘imminent threat to health or safety’’ is further defined to mean ‘‘the existence of any condition, circumstance, or practice reasonably expected to cause death, serious illness, or severe injury to humans * * *.’’ The Supreme Court has interpreted the Occupational Safety and Health Act to require a finding that a hazard poses a significant risk to workers before the Occupational Safety and Health Administration [OSHA] may regulate it. Therefore, based upon the text of the bill, it would appear that regulations issued by the Occupational Safety and Health Administration are potentially exempt under the imminent threat to health or safety exemption. However, the committee report accompanying this legislation, Report No. 104–39 part I, goes on to state: The inclusion of the word ‘‘imminent’’ is not intended to pose an insurmountable obstacle to the certification of health or safety regulations. Rather it is intended to guard against the undisciplined use of this exception as a means to evade Congress’ intent. For example, this committee does not intend this exception to include OSHA’s regulations prescribing ergonomic protection standards which require employers to build new work environments to prevent disorders associated with repetitive motions. Such regulations would not be excepted from the moratorium under section 5(a) because they do not address a threat that is imminent. The imposition of a test of imminence of injury is absurd. Apparently, while the Republicans continue to adhere to the view that employers should not kill employees immediately, it is perfectly alright for employers to kill them slowly. OSHA has prepared a protective rule to safeguard workers from exposure to methylene chloride, a carcinogenic solvent used to strip furniture and for other purposes. Methylene chloride is a carcinogenic. It does not kill instantly. It nevertheless produces death. By OSHA’s estimate, a 1-year delay results in an estimated 21 deaths and 32,000 illnesses that otherwise would have been prevented. In my view, the methylene chloride rule clearly falls within the purview of the imminent threat to health and safety exception. Nevertheless, the committee report creates confusion and invites litigation over this issue. The Republican indifference to the health and safety of working Americans becomes explicit with regard to the ergonomic regulations that the committee specifically intends to be subject to the moratorium. It is estimated that a 1-year delay of the ergonomic regulations will result in serious musculoskeletal or cumulative trauma disorders to 300,000 additional workers. Liberty Mutual estimates that the average musculoskeletal disorder costs $8,000 in workers’ compensation claims, including wage replacements and medical benefits. The 300,000 additional ergonomic injuries, therefore, pose a potential cost of $2.4 billion. Many of these injuries would be prevented by the timely issuance of a protective standard requiring employers to develop ergonomics programs for at-risk jobs. Apparently, the Republicans prefer to allow workers to continue to be injured. Mr. Chairman, based upon what has been put forward to explain this bill, it is impossible

to tell what kind of regulations are subject to the moratorium. What does it mean to streamline a regulation? What kind of matters relate to foreign affairs functions? What is a routine administrative function? More seriously, what is an imminent threat to health or safety? The confusion engendered by this legislation is impractical, counter-productive, and unnecessary. It is also dangerous. I, therefore, urge the defeat of H.R. 450. Mr. KIM. Mr. Chairman, I rise in support of this Regulatory Transition Act—it represents another commonsense reform in the Republican Contract With America. The Federal bureaucracy is out of control issuing regulation after regulation. Many of these are unnecessary and have become great burdens on American businesses. Many of these regulations are contradictory and—in some cases—jeopardize the economic prosperity and personal safety of the public. For example, in my own district I witnessed the struggle between the Federal Aviation Administration and the Fish and Wildlife Service over whose regulations were more important at Ontario Airport. The FAA’s regulations require the destruction of vegetation around the airport. This is needed to keep birds away from being sucked into the engines of the jets flying people in and out of the airport. This is clearly a safety issue—one bird strike can crash an airliner. But, because there was an endangered species—an endangered insect—a fly—near by, Fish and Wildlife regulations prohibited the destruction of the vegetation near the runway. For 8 months everything was stalled and the risk of bird strikes increased. The bureaucrats were so academic and dedicated to their own particular regulations, they became illogical. An insect became more important than the life and death of people. It’s time to say, ‘‘stop!’’ to this nonesense. It’s time to re-evaluate and reform the way new regulations are issued. This bill will make sure that any new regulations are: First, necessary; Scond, logical—that means they make practical sense; Third, cost-effective; and Fourth, do not contradict other laws and regulations already in effect. Mr. DOOLITTLE. Mr. Chairman, I rise today in strong support of H.R. 450, the Regulatory Transition Act. This legislation prohibits Federal agencies from promulgating new rules and regulations until December 31, 1995. In addition, the bill suspends any Federal rules issued since November 20 of last year. Mr. Chairman, this legislation provides a needed time out from the onslaught of Federal regulations. Currently over 110 executive branch agencies issue regulations, including approximately

proposed section 6(2)(B), strike the period at the end and insert a semicolon, and after and immediately below clause (ii) insert the following: ‘‘except that in the case of a regulatory rulemaking action with respect to determining that a species is an endangered species or a threatened species under section 4(a)(1) of the Endangered Species Act of 1973 (16 U.S.C. 1533(a)(1)) or designating critical habitat under section 4(a)(3) of that Act (16 U.S.C. 1533(a)3)), the term means the period beginning on the date described in subparagraph (A) and ending on the earlier of the first date on which there has been enacted after the date of the enactment of this Act a law authorizing appropriations to carry out the Endangered Species Act of 1973, or December 31, 1996.’’ The CHAIRMAN. Pursuant to the order of the House of today, the gentleman from California [Mr. CONDIT] and a Member opposed each will control 20 minutes. The Chair recognizes the gentleman from California [Mr. CONDIT].

Mr. CONDIT. Mr. Chairman, I have a parliamentary inquiry. The CHAIRMAN. The gentleman will state it. Mr. CONDIT. Did the Chair state that I am in control of 20 minutes? The CHAIRMAN. The gentleman is correct. The gentleman is in control of 20 minutes. Mr. CONDIT. Mr. Chairman, I ask unanimous consent to give 10 minutes to my colleague, the gentleman from Texas [Mr. COMBEST], the cosponsor of the amendment, for his use, and retain 10 minutes for my use. The CHAIRMAN. Is there objection to the request of the gentleman from California? There was no objection. Mr. CONDIT. Mr. Chairman, I yield myself such time as I may consume. Mr. Chairman, I rise today to offer a bipartisan amendment to H.R. 450 that would extend the regulatory moratorium for new listing of endangered species or designation of critical habitat under the Endangered Species Act. These moratoria would continue until the law is reauthorized on December 31, 1996. Under the current law, numerous species have been listed without adequate scientific proof of the need of their protection. This has resulted in severe regulatory action which would limit the use of natural resources and private

property while creating significant economic hardships on communities throughout this country. For example, species listing a critical habitat designation has caused land values to plummet which has caused serious tax revenue shortfalls in many local communities across the United States. In this regard, the endangered species stands as a prime example of an unfunded Federal mandate. We understand and we appreciate the value of protecting species that are truly in danger of becoming extinct. However, this decision needs to be based on sound scientific data with consideration to the economic impact that it would cause local communities throughout this country. This is not what is happening under current law. Until the Endangered Species Act is reauthorized and these issues are considered, a moratorium should be placed on additional endangered species designation. Several bills in Congress have been introduced with bipartisan support that would attempt to do what we are trying to do today, Mr. Chairman. That is, limiting new listing of endangered species or threatened species as well as limiting designated critical habitat. The Endangered Species Act does not consider an impact on human population, and I believe that this extended moratorium would provide leverage, and we need some leverage, necessary to ensure that the Endangered Species Act would be reauthorized in this Congress. Today that is why I stand to urge the adoption of this amendment. It would give us the opportunity to spend some time to force Congress to consider reauthorization of the Endangered Species Act. It would also give breathing room for communities across the country, local governments, private property owners, so that they could catch up with the list of endangered species that have been passed up to this point. Mr. Chairman, I would ask that Members support this amendment. Mr. Chairman, I reserve the balance of my time. Mr. COMBEST. Mr. Chairman, I yield myself such time as I may consume. Mr. Chairman, I am pleased to stand in offering this with Mr.

will extend the regulatory moratorium in the case of new listings of endangered species or designations of critical habitat until the Endangered Species Act [ESA] is reauthorized or the end of 1996. The ESA expired in 1992 and until the act is reauthorized the bureaucracy should be shut down. Under current law several species have been listed without adequate scientific proof of the need for their protection. This has resulted in severe regulatory actions which limit the use of natural resources and private property. These regulations have no real benefit to species protection. Over the last few years we have seen more and more cases of lives of law-abiding citizens

being affected by ESA actions. These regulatory actions have resulted from a poorly written law. Do I have interests that concern me parochially? Yes, I do. I am concerned about the possible listing of a 2-inch minnow. This could lead to unneeded regulation of drinking water for 11 cities in Texas and pumping of water by farmers for irrigation. Excess pumpage of ground water could result in fines of up to $100,000 for individuals and $200,000 for corporations per incident, plus 1 year of jail time. Our people and our economy depends on the use of these resources for their survival. Yet they could be subject to these enormous fines for normal water usage. Even though the Federal Fish and Wildlife Service says the minnow is endangered the Texas Parks and Wildlife Department concludes that the Arkansas River Shiner is neither threatened nor endangered. When the act is reauthorized it should be rewritten to bring more legitimate science into the process and include strong provisions to protect property rights. Until that is accomplished the bureaucracy should not be allowed to continue wasting Federal resources. Citizens Against Government Waste says our amendment ‘‘addresses one of the many examples of waste and mismanagement of taxpayer dollars.’’ There is no need to protect species which are not endangered while restricting the use of precious natural resources and private property. Support the bipartisan amendment to bring rational science back into the endangered species process.

Mr. FAZIO. Mr. Chairman, I rise in strong support of the Condit amendment to House Resolution 450, the Regulatory Transition Act of 1995. It is important that we know what this amendment does and does not do. It does not gut the Endangered Species Act. The ESA and its substantive provisions are left intact, untouched by the amendment. The amendment does put the brakes on what is clearly a runaway train. Simply put, the Department of Interior is overwhelmed by the sheer number of listing decisions it faces. There is plenty of blame to be shared for the current predicament we find ourselves in as we struggle with reforming the ESA. A recent Wall Street Journal article reports that a last-minute consent decree signed by Bush administration officials on their way out the door left over 400 species petitions waiting at the Department of the Interior before the current administration was even sworn in. To be specific on December 15, 1992, the Bush administration signed a settlement agreement stating that the U.S. Fish and Wildlife Service would act on 382 species petitions by September 30, 1996. That settlement agreement is a legally binding requirement for the Service to act on nearly 400 species listing petitions in less than 4 years. And the agreement does not prevent new petitions from being added to that list of nearly 400. Be that as it may, there is clearly a crisis in the implementation of the

The Condit amendment calls for a much needed time out in the species wars—a battle that threatens to divide people of goodwill on all sides. The moratorium is temporary; it gives Congress the ability to control its own destiny. This moratorium goes away so long as this Congress deals with reauthorization of the Endangered Species Act. Otherwise, the moratorium expires naturally on December 31, 1996, after the adjournment of the 104th Congress. Mr. Speaker, the Endangered Species Act is broken. But it needs to be fixed, not gutted. This amendment will give us time to carefully consider how to fix the act. It also puts more pressure on both the legislative and executive branches to fix the act. I have my own ideas about how we can fix the ESA. Basically, I believe we need to open up the act to allow for more public review and input. We need comprehensive, multi-species habitat plans that take into consideration the human impacts of listings. And we need a clear statement of the economic impacts of a listing decision. I am not advocating that ESA decisions be driven solely by the impacts on the treasury, but I am saying that

we need to know the exact burdens associated with the benefits we seek. The ESA as written now is like a black box. A petition is dropped into the box and a listing comes out of the side. Unfortunately, the process that takes us from that petition to the listing is either unknown or incomprehensible to the average American citizen. We need to open the act to the sunshine—to the light of public review. We also need to restore the people’s faith in the accuracy and quality of the science used in listing decisions. I have a six-point plan for reauthorization of the ESA. These concepts in my plan have received favorable review by a wide range of interests, including local farm bureaus, the Governor of California, and others interested in reforming rather than gutting the ESA. Mr. Speaker, I submit my proposal for reauthorization of the ESA and the Wall Street Journal article I cited earlier to be included in the RECORD. In closing, I reiterate my support for this commonsense approach to call a time out to let the agencies charged with implementing the ESA to catch their breath. We have to make some tough choices. We can no longer treat these species questions as if we have an unlimited pot of money for ESA purposes. The ongoing, hostile budget debate highlights the fact that we have limited resources in every aspect. We have to live within our means. I support the Condit amendment as the first logical step toward a commonsense reauthorization of the Endangered Species Act.

(By Congressman Vic Fazio) The stakes for California in the reauthorization of the Endangered Species Act could not be higher. California has more listed species and candidate species than any other state. Each country has at least one species listed. Reasonable implementation of the Endangered Species Act (ESA) calls for balancing of environmental quality with the economic livelihood and cultural identity of many California communities. Over the last few years, I have spoken repeatedly about the need for significant improvements in the ESA. As Congress prepares to debate the reauthorization, I have suggested six specific changes to the Act that I believe are vital to California’s interests. First, the implementation of the Act must provide an opportunity for greater public input. Currently, the public has no role in the petition process to list a candidate species endangered until after the agency has decided to list a candidate species as threatened or endangered. Second, we need to speed up the process of developing and implementing species recovery plans. Right now, recovery plans have been prepared for barely forty percent of all listed domestic species. I believe the preferred time for the development of recovery plans should be in no less than one year after the listing occurs. Delays only serve to disrupt local economies and put the listed species in continued, and sometimes increased, jeopardy.

Third, the Act should include a thorough peer review of the data and analysis considered in decisions to list. Currently, the Act requires agencies to use ‘‘the best scientific and commercial data available’’ in making listing decisions. Unfortunately, ‘‘the best scientific and commercial data available’’ is not defined in the Act or the accompanying regulations. Unbiased peer review is the best way to ensure that the information used will support a listing decision without any subjective interpretation and ensure that it is both clear and convincing. Fourth, Section 10 of the Act should be expanded to encourage the development of habitat conservation plans which address more than one listed or candidate species. The Act currently does not permit the development of habitat conservation plans for candidate species nor does the Act clearly encourage multiple species plans. Careful habitat planning can prevent the need to list a candidate species and speed the recovery of species already listed. Fifth, the Act should be amended to provide equal access to the courts for those who challenge the listing of a species. Currently, the Act provides for judicial review for only those individuals or parties that oppose an agency’s decision denying a petition to list a species. No similar access to the courts is provided to those who challenge the listing. Sixth, and finally, the Act should be amended to require the development of an economic impact report concurrently with the listing of a species. The public has a right to know the best estimate of the total cost of implementing the Act for a given species. The report should detail the various direct and indirect economic factors that will be implicated by a listing and provide a reasonable estimate of the larger economic picture in light of the listing. Balance is the key to reauthorizing the Endangered Species Act. The stakes in California are high, but we can protect our environment without destroying our economic prosperity by providing for greater public input into the decisions that affect us all.

(By Timothy Noah) TIBURON, CA.—It is Charlie Dill’s job to kill disease-bearing mosquitoes, but he has had another pest on his mind lately: the Interior Department’s Fish and Wildlife Service. Mr. Dill, manager of the Marin-Sonoma Mosquito Abatement District, a local-government agency, keeps mosquito populations in check by dropping small fish that love to eat the insects into ponds and streams. Trouble is, some researchers say these ravenous mosquito fish also love to eat the eggs of California red-legged frogs, which, though rare, can be found in the San Francisco Bay area. And the service has proposed placing the frog on the endangered-species list. Though people like Mr. Dill worry that this may make mosquito hunting more difficult, Interior Department officials say they had little choice. They cite a little-known legal settlement that President Bush’s Interior Department and environmental groups reached after the 1992 election. The agreement committed the Clinton administration to propose listing nearly 400 endangered species over four years—in effect imposing a critter quota.

Thanks to the quota, the number of plants and animals annually added to the list of endangered species, which averaged 50 a year during the Reagan and Bush administrations, now averages nearly 100 a year. This heightened regulatory activity, in turn, has added to a political backlash against environmental rules in general and the Endangered Species Act in particular. ‘‘What our predecessors did was fight the lawsuit and then after the election was over, with a wink and a nod, say to the plaintiffs, ‘We’ll agree to whatever those numbers are,’ ’’ complains Interior Secretary Bruce Babbitt. ‘‘It puts us in a reactive mode, always working from a very tight corner that we’ve been painted into.’’ Former Bush administration officials deny that there was any deliberate effort to make life miserable for their Democratic successors. But ‘‘a lot of stuff got flushed through’’ between Election Day and Inauguration Day, concedes former Interior Department Solicitor Tom Sansonetti.

The rising tide of antiregulatory sentiment in the new Republican-controlled Congress is viewed as a rebellion against the liberal policies of a Democratic administration. And, it is true, Democrats generally do tend to view government regulation more favorably than their Republican adversaries. But since the wheels of government don’t turn quickly, some of the rules most abhorrent to conservatives—or the circumstances that created them—are the product not of two years of Democratic-run regulatory agencies but of the previous 12 years of Republican rule. The critter quota is one such example. During the Reagan administration, a conservationist in Boulder, Colo., Jasper Carlton, grew frustrated with the Fish and Wildlife Service’s seeming reluctance to add animals and plants to the federal endangered list. Mr. Carlton was uniquely well-equipped to notice this because he was among the most active endangered-species litigants in the U.S.; to date, he has been a plaintiff in 90 cases involving endangered species. In Mr. Carlton’s words, he was ‘‘getting fed up with the fact that it was so hard to get a listing of any species.’’

Endangered-species listings, which had numbered 57 in fiscal 1980, the last full year Democrat Jimmy Carter was president, dropped to five in fiscal 1981. By the mid1980s, annual listings had crept back up to around 50, but data collected by Mr. Carlton suggested that even this pace wasn’t keeping up with extinctions that the Fish and Wildlife Service’s own officials saw looming. The backlog was particularly hefty in the West, home of the California red-legged frog. (The West leads the nation in threatened extinctions because of its diverse topography and because of the relative newness of its commercial and residential development.) Mr. Carlton figured that the backlog violated the fairly exacting requirements of the 1973 Endangered Species Act, which stipulates that if scientific evidence shows a species is endangered, it must be placed on the endangered list, regardless of political or economic consequences. So he joined the Fund for Animals and several other environmental groups in suing the Interior Department to compel the listings. The department wasn’t confident it could defeat the environmental groups in court. And after President Bush lost the 1992 election, recalls Eric Glitzenstein, an attorney for the Fund for Animals, ‘‘a lot of potential objections’’ to settling ‘‘were cleared away. . . . Maybe the Republican administration

thought, ‘Hey, let’s see how the Democrats do with all these listings.’ ’’ ‘‘I’m sure there were forces in the department . . . who were very cognizant of the fact that the Bush administration was no longer going to have to deal with that,’’ says Steven Goldstein, who at the time served as spokesman for Interior Secretary Manuel Lujan.

The government lawyers chose to settle. In an agreement dated Dec. 15, 1992, the Bush administration pledged that the Fish and Wildllife Service would, by Sept. 30, 1996, propose listing all species ‘‘for which substantial information exists to warrant listing them as either endangered or threatened.’’ The service had a list of these species—382 to be exact. Substitutions could be made, with proper reasoning, and certain species could be dropped from the backlog list, but only with voluminous scientific justification that in most cases would be hard to come by. (The settlement addresses only ‘‘proposed’’ endangered-species listings, but since more than 0% of all such proposals become, after a period of public comment, legally enforceable ‘‘final’’ listings, that distinction is largely moot.) Today, at least one Bush administration official contends that signing the agreement was a mistake because it compelled the Interior Department to make too many listings. ‘‘They wouldn’t have signed if I had anything to do with it,’’ says Cy Jameson, former director of the Bureau of Land Management. Other former Bush officials disagree. John Turner, former director of the Fish and Wildlife Service, maintains the agreement had ‘‘little impact’’ because he was already accelerating the agency’s actions on endangered species. He says it is ‘‘absolutely not’’ true that the November election goosed the decision to settle; the mandate to list about 100 species a year ‘‘fit within the targets that we’d outlined for ourselves.’’ On this last point, the numbers bear Mr. Turner out, In 1991, Fish and Wildlife listed 54 endangered species; in 1982, it listed 93, Virtually all of the 1982 listings were proposed before the Fund for Animals filed its lawsuit and became final before the settlement was struck in December 1992. The listings increased, Mr. Turner says because ‘‘I just believed strongly in protecting diverse life forms.’’

Nevertheless, the net result of the critter quota has been that the Clinton administration is compelled to maintain a frenzy of species listing. By legal fiat, listings have maintained a brisk pace (95 in 1988), 103 in 1994), and will continue to do so through the 1996 election year. There currently are 919 plants and animals on the list. Today, Mr. Babbitt says ‘‘I would not have signed’’ the settlement, though he adds that, given the listings bottleneck in the 1980s, the quota was probably inevitable. ‘‘When administrative agencies fail to do their job,’’ he says, ‘‘they are inviting this kind of judicial takeover.’’ Which brings matters back to item No. 135 on the court-ordered list of 382 species: the California red-legged frog. Naturalists are puzzling over the causes for a declining frog population world-wide, but in the case of the California red-legged frog the answer is pretty straightforward. The long-legged amphibian was plundered by grenouille hunters for French restaurants that sprang up in San Francisco in the wake of the California Gold Rush, then fell victim to competition with the heartier bullfrog, introduced by settlers from the East in the 1890s. After widespread agricultural and

urban development in the 20th century, the red-legged frog’s range shrank to a few coastal areas, which are believed to represent only about a quarter of its former habitat. By 1992, Mark Jennings, a zoologist affiliated with the California Academy of Sciences, was petitioning Fish and Wildlife to declare the California red-legged frog endangered. The department proposed listing the frog in February 1994—and promptly set off a squall among California’s mosquito hunters. The trouble began with the circulation of a study written by Randy Schmieder, a recent graduate of the University of California at Santa Cruz.

Schmieder had compiled evidence suggesting that the non-native mosquito fish used by public-health officials to gobble up mosquito larvae were also gobbling up the eggs of redlegged frogs. Mr. Schmieder’s findings, and the fact that he then lacked a graduate degree, have made him the subject of criticism among mosquito-fish partisans. But in its proposed listing, the Fish and Wildlife Service noted Mr. Schmieder’s findings, and the agency says it may have to limit use of mosquito fish to protect the frogs. (Mr. Babbitt says the California red-legged frog is ‘‘a case that cries out for more biology and careful research.’’)

Mr. Dill says any restrictions on use of mosquito fish is cause for concern. California officials have been using the South American fish to control mosquito populations since a malaria epidemic during the 1920s. In 1993, the last year for which data are available, Mr. Dill’s small Petahamn-based agency put 1,200 fish in 222 different water sources: ponds, streams, bird feeders, artificial lagoons and wherever else mosquitoes are liable to swarm. Without proper mosquito control, says Mr. Dill, Californians risk contracting a variety of diseases, such as encephalitis, which had been detected in the animal population as recently as 1993. Should use of the mosquito fish be restricted in the future, he adds, he wouldn’t stop killing mosquitoes. Rather, ‘‘there would be a direct increase in the amount of chemicals we use’’ to control mosquito infestation. The chemicals Mr. Dill refers to are ‘‘biological’’ pesticides, generally viewed as less harmful than their synthetic counterparts. But they are more harmful than mosquito fish, Mr. Dill says—and more expensive, too. ‘‘If only they would take their time,’’ Mr. Dill says of the Fish and Wildlife Service’s final declaration that the red-legged frog is endangered, which is expected soon. ‘‘We need the freedom to put the fish wherever we think it would do us some good.’’

The data below reflect findings on listing petitions received by the Fish and Wildlife Service in 1990, 1991, 1992, 1993, and 1994. The data pertain only to petitions to list taxa and do not include petitions to delist, reclassify, revise critical habitat, list humans, etc. More than half of the petitions were rejected either at the 90-day or 12-month stage. Section A is taken from petitions received during 1990 through 1993 (4 years) because only a few petitions received in 1994 have had 12month findings come due. A. 12-Month Findings on Species Petitioned for Listing in 1990, 1991, 1992 & 1993: Not Warranted—26 native species (no foreign species).

Warranted/Warranted but Precluded—42 native + 53 foreign birds = 95. 12-Month findings overdue—23 native species (no foreign species). 90-Day Findings on Species Petitioned for Listing in 1990, 1991, 1992 & 1993: Substantial—89 native species + 53 foreign birds = 142. Not Substantial—115 native species (no foreign species). 90–day findings overdue—2 native species (no foreign species). Subset of petitions to list native species during this period: 206—native species petitioned for listing. 115—turned down at 90 days. 91—remaining. 26—turned down at 12 months. 42—warranted/warranted but precluded. 23—findings overdue. 0—(68 percent turned down). B. Petitions Received in 1994: 26 native species. 8 foreign species (7 butterflies, koala). 34 species. As of 2/15/95: 90–day finding substantial—8 native + 8 foreign. 90–day finding not substantial—0. 12–month finding not warranted—1 (lynx). 12–month finding warranted/warranted but precluded—0.

tion Act to cover new regulations under the Endangered Species Act. The Endangered Species Act has destroyed the rights of hardworking, tax-paying American families for the sake of blind cave spiders, fairy shrimp, and golden-cheeked warblers. The following horror stories are not exceptions; they are the rule: Landowners in 33 Texas counties are endangered because their land may be designated as ‘‘critical habitat’’ for the goldencheeked warbler. This designation could render vast amounts of property useless and valueless. In Montana, a rancher was fined $3,000 for violating the Endangered Species Act. His crime? He shot and killed a grizzly bear that charged him on his own property. In Round Rock, TX, a school might not be expanded because Federal agents discovered a blind cave spider nearby. Government officials forced this delay after the school district had spent almost $100,000 of taxpayer money on environmental studies. Just imagine if the Endangered Species Act had been around throughout history. In the Bible, Noah could have been condemned as an animal-hater, fined, and kept from launching his arc. American history could have been changed forever: George Washington could have been imprisoned for cutting down the cherry tree. Lewis and Clark could have been fined for trampling native grasses. Until Congress reauthorizes the Endangered Species Act to balance common sense with environmental concerns, we must protect American landowners by putting regulators on a leash. This amendment would extend the regulatory moratorium on listing of endangered or threatened species or designation of critical habitat until Congress reauthorizes the Endangered Species Act. Join this bipartisan coalition and support the Condit amendment.

current abuses of the Endangered Species Act [ESA]. I am very proud to be a part of this effort. In its current form the Endangered Species Act—though well intentioned—works contrary to, and often against, one particular speciesthe human being. Many hard-working ranchers, farmers, and homeowners in Texas have a greater fear of the golden cheeked warbler than they do of Federal tax hikes and tornadoes. In my own hometown of San Antonio, TX, the entire source of water has been held hostage by Federal agencies and courts over a small fish called the fountain darter. This amendment is an important first step to allay some of those fears and bring common sense to the ESA process. We in Congress must act and insure that human beings no longer play second fiddle to spiders and snakes. Specifically, this amendment will suspend the further listing of endangered or threatened species and the designation of new critical habitat until the Endangered Species Act is reauthorized by Congress. The ESA’s authorization expired in 1992. This measure is a realistic vehicle toward reforming the ESA. Passage will compel Congress to consider human factors and bring balance to the ESA when it considers the reauthorization. ESA must be reconstructed with amendments which not only protect the environment, but respect property rights. Protecting property rights does not mean that threatened species cannot be protected. It simply means that human costs should be considered when the ESA is imposed. It also means that Government agencies, such as the Fish and Wildlife Service, should be creative in finding ways to balance these goals, rather than slamming the heavy fist of the Federal bureaucracy down on landowners. The Federal Government should work in concert with the true stewards of the land, instead of threatening them with fines without warning. Please join us in this important bipartisan effort. It is long since past time that we bring sanity and common sense to the ESA process. This will stop current abuses and make possible real reform of the ESA. Mr. COMBEST. Mr. Chairman, I yield such time as he may consume to the gentleman from Oklahoma [Mr.

Mr. CONDIT and Mr. COMBEST. I believe that of all the amendments offered to improve this legislation this is one of the most important. The 104th Congress must put a moratorium on any future endangered species listings until the Endangered Species Act is reauthorized. As currently written, the Endangered Species Act should be considered a pariah in society and be cast out with many other over-zealous big-government institutions that plague individual freedom, industry and potential economic development. It is fundamentally flawed and must be redrafted. Last month, I came to the floor and spoke in morning hour about a little bait fish lurking in the Arkansas River Basin that might have the power to stop those in the agriculture in-

dustry from irrigating their land, or protecting their crops. I wondered if the little bait fish might inhibit rural towns from utilizing their primary water sources or impact a major metropolitan area’s $250 million downtown restoration project which is crucial to its economic future. I spoke of my dissatisfaction with the Fish and Wildlife Service who failed to respond to my queries on the proposed listing of the Arkansas River Shiner in a timely fashion. And I called on my colleagues to cosponsor legislation putting a moratorium on any new listings until the ESA is reauthorized. This bipartisan amendment offered by Mr. CONDIT and Mr. COMBEST will buy the American people time and protection from the ever growing ESA web that is sweeping our country. I am confident this Congress will shortly take up this task. I look forward to infusing a little common sense into the act. Private property rights, economic impact, cost-benefit analysis, and human compassion must be an integral part of a new Endangered Species Act. In addition to the sponsors of the amendment, I would like to laud Mr. SMITH, Mr. BONILLA, and Mr. POMBO for their efforts on the issue. I urge my colleagues to support this important addition to this legislation. Mr. COMBEST. Mr. Chairman, I yield such time as he may consume to the gentleman from Indiana [Mr.

of H.R. 490, the bill introduced by my colleague, Mr. SMITH, the gentleman from Texas. I am quite aware of the hardships that have been caused by sending the original Endangered Species Act into regulatory overdrive. In my district, there have been coal operations endangered because of the potential listing of a water snake that happens to abide in mines. There have been farmers with easements placed on their farms to preserve potentially critical habitat for bats. The horror stories elsewhere about ranchers being fined for protecting their sheep from bears and farmers jailed for killing rats are numerous. But beyond the horror stories, there is a fundamental issue at stake. The rights of American citizens to own and enjoy their property. No one is advocating the wanton extermination of legitimate species here. But it’s time that we make a decision about what takes a higher priority—the property rights of taxpaying American citizens or the comfort of creeping things and the special interests that represent them. Mr. Speaker, I urge passage of the Condit-bipartisan amendment and final passage of H.R. 450. Mr. COMBEST. Mr. Chairman, I yield such time as he may consume to the gentleman from Arizona, [Mr.

Mr. HAYWORTH. Mr. Chairman, I stand in strong support of this amendThis amendment provides Americans temporary relief from the onerous and intrusive provisions of the Endangered Species Act

When residents of Greenlee County, AZ attempted to repair a dirt road after flooding wiped it out last November, heavy handed bureaucrats from the U.S. Fish and Wildlife Service threatened a daily fine of $20,000 if the work wasn’t halted. The dirt road in question is near the Blue River designated as habitat for the loach minnow which the Fish and Wildlife Service has listed as threatened under the Endangered Species Act. Elsewhere on the Blue River, in Pinal County, AZ, the county is seeking to replace a bridge which washed out during a flood in 1993. The county has two alternatives: Spend $4 million to replace the washed out bridge in the same high risk location, or build a bridge upstream out of harms way for half the cost. Common sense would dictate building the cheaper, safer bridge. Unfortunately, Mr. Chairman, I’ve learned that nothing makes sense about the ESA and the only thing common is for the Fish and Wildlife Service to trample on the rights of people. The ESA has allowed bureaucrats to make decisions having serious negative economic consequences throughout regions of the United States. These decisions are made without benefit of comprehensive economic analysis or without public accountability. Let me mention an example of just one area of the ESA in desperate need of reform. The Fish and Wildlife Service views State borders as a division of species habitat. For example, if you have a population of birds that crosses a State border, it could be considered as two different species. One could be listed, while a plentiful amount lived on the other side of the stateline. Again, common sense is lacking from the process. Of the 853 species placed on the endangered or threatened lists in the law’s 22 year history, only 24 have come off. Of this 24, over half should not have been listed in the first place. In some cases the courts have forced the Fish and Wildlife Service to remove species from the list. With regards to recovery programs it is estimated that each species cost an average of $3 million to recover. I should also note, Mr. Chairman, that another 3,600 are being considered for listing. Unless we reform the ESA, beginning with this temporary moratorium, expect to see the problems faced by those in Greenlee and Pinal County coming soon to a city, county, or backyard near you. As a member of the Endangered Species Task Force, I believe that we must address these concerns immediately. In the interim, however, the Condit amendment halts further listings until Congress can properly reauthorize the ESA. I urge my colleagues to support this important amendment. Mr. COMBEST. Mr. Chairman, I yield such time as he may consume to the gentleman from California [Mr.

Mr. COMBEST. Mr. Chairman, I yield such time as he may consume to the gentleman from Texas [Mr. STOCKMAN]. (Mr. STOCKMAN asked and was given permission to revise and extend his remarks.) Mr. STOCKMAN. Mr. Chairman, I want to stand in support of this bill and this amendment. Mr. COMBEST. Mr. Chairman, I yield back the balance of my time. Mr. EDWARDS. Mr. Chairman, I rise today in support of the Condit-bipartisan amendment to H.R. 450 and in doing so recognize the importance of reforming the Endangered Species Act. This amendment is virtually the same as a bill introduced last year by Congressman HENRY BONILLA and me. The act, expiring in 1992, should have been reauthorized by Congress more than 2 years ago. Since that time, endangered and threatened species continue to be listed and critical habitats continue to be designated—without the act being reviewed by Congress. This amendment is simple. It would suspend the authority of the Secretary of the Interior to designate funds for the further listing of any endangered or threatened species or for the designation of critical habitat until the Endangered Species Act is reauthorized. If we do not adopt the Condit-bipartisan

could continue in full force without congressional review. Presently, 775 animals, plants, and insects are listed as endangered or threatened under the Endangered Species Act—almost a 400percent increase from the original endangered species list. Another 3,900 species are candidates for listing. I see the result of this in my own backyard where the U.S. Fish and Wildlife Department proposed to designate portions of 33 counties for the protection of the golden-cheeked warbler. This proposal would have encompassed some 20 million acres. The current enforcement of the Endangered Species Act is a direct attack on private property rights. It seems that there are more protections for bugs and birds than for people and their constitutional private property rights. We cannot continue an act that is not working. Help stop Endangered Species Act abuse; return common sense to environmental law. Vote yes on the Condit-bipartisan amendment to H.R. 450. Mr. STENHOLM. Mr. Chairman, I rise in strong support of the Condit-bipartisan amendment to H.R. 450, the Regulatory Transition Act. The Condit-bipartisan amendment would extend the regulatory moratorium for new listings of endangered species or designation of critical habitat under the Endangered Species Act [ESA]. Therefore, there could not be any new listings until Congress reauthorizes the ESA or until December 31, 1996. The lack of common sense exercised under the ESA in designating critical habitat was clearly illustrated in the State of Texas last year when the U.S. Fish and Wildlife Service designated 33 counties in Texas as critical habitat for the golden cheeked warbler. The Fish and Wildlife Service regulations in designating this critical habitat fly in the face

of common sense. Property owners in the habitat area have been prohibited from making even the most limited alterations on their land, such as building fences or trimming hedgerows. The critical habitat designation is intended to prevent activities that harass the warblers. However, the activities that are considered harassment include ‘‘chasing away a warbler that took up residence on the front porch of a farmhouse,’’ according to a Fish and Wildlife official interviewed in the Wall Street Journal. This same official considered the Agency’s enforcement of its policies ‘‘reasonable and prudent.’’ Reasonable and prudent enforcement of the warbler’s critical habitat should not mean that private property owners are stripped of their rights to manage their own holdings. Reasonable and prudent enforcement should mean that concern for the environment and endangered species is tempered with common sense to protect the rights of landowners. The only reasonable and prudent course is for Congress to unite to see that common sense drives changes in the current regulations. We can do that today by supporting the Condit-bipartisan amendment to H.R. 450. Mr. LEWIS of Kentucky. Mr. Chairman, I rise today to speak in favor of the Condit

Transition Act. Let me tell you a little story about an animal called the copper-belly water snake. It’s a nonpoisonous snake that ranges from Michigan to Kentucky—mostly in the wetlands. Now by all accounts it’s a very nice snake. And those of us from farm States know that snakes provide a useful service removing rodents and other nuisances. But if the copper-belly water snake is added to the threatened species list, thousands of farmers throughout Kentucky could be out of work. We’ve heard too many such stories: The farmer who accidentally ran over an endangered mouse. Or the man who killed a rat in his basement, only to find out that it was a protected species. What sort of fine might a Kentucky farmer be forced to pay if he accidentally ran over a copper-belly water snake? Would the regulatory forces that serve as judge, jury, and executioner impound his tractor? Our farmers are generally the best stewards of our land. They have to be—their crops depend on fertile soil and clean air and water. The men and women who literally make their living off the land are already suffering due to overzealous regulators. The coal industry could also be affected by the copper-belly water snake. Nearly 500 people in the western Kentucky county of Daviess still depend on coal-mining to put bread on the table. Are we to shut down the few remaining mines if a copper-belly water snake decides to go undergound? Let me again say, Mr. Chairman, that I have no quarrel with the copper-belly water snake. I’ve certainly never been bitten by one. But I urge my colleagues to support the

We have, on February 22, received a communication from the U.S. Department of Justice, Office of Legislative Affairs and under the signature of the Assistant Attorney General of the United States that lays out the Justice Department’s position on this amendment, and not reading the entire letter other than the fact that they support the amendment in its entirety, if I can quote a portion of this? It says, ‘‘As you know, the administration strongly opposes H.R. 450. Its judicial review provision is one of the bases for this opposition. We believe section 7 will result in litigation each time a new rule is promulgated during the moratorium. We strongly oppose this language, and we think the bill should include an express bar to judicial review,’’ and this amendment provides that ‘‘express bar’’ to judicial review. I cannot urge my colleagues more firmly, and this is not a partisan issue. This is a Government issue. This is a question of whether or not we believe this Government should function and whether or not we are not capable as a Congress of finding another way to correct overzealousness in rulemaking or improper applications of rules. The fact is there are tens of thousands of rules promulgated every year. The overwhelming majority are necessary and do not cause problems or conflict with the people, but in fact enable us to carry on government. In order for us to solve the problem of perhaps 1 or 2 percent where there is some disagreement we are throwing out literally the baby with the bath water, and I think the admonishment of the U.S. Department of Justice should be taken seriously and those people that are interested in Government functioning should understand that they have made a thorough review of this act, and particularly section 7, and on the basis of that I would recommend all my colleagues to act in a bipartisan way to see certain that we do not freeze the activities of Government. Mr. Chairman, I reserve the balance of my time. Mr. CLINGER. Mr. Chairman, I yield 3 minutes to the gentleman from Arizona [Mr. SHADEGG], a very valued and contributing member of the committee. Mr. SHADEGG. Mr. Chairman, let me focus the debate on this issue. Quite frankly what we have here is a proposal to subsume the entire moratorium in one rule. The language which appears in the existing bill is carefully crafted to preserve the rights which presently exist. That language appearing in section 7 says no private right of action may be brought against any Federal agency for a violation of this act. What that means plainly and simply is: By the passage of this measure we are not creating a new and separate right of action. However, there is a second sentence also intended to preserve that balance, and that is: This prohibition shall not affect any private right

remedy for an Agency which chose to ignore the moratorium. You are at least agreeing that is your proposal. Mr. KANJORSKI. There is no process to ignore it? No. You can just tell the Secretary. Mr. SHADEGG. Absolutely. So everyone affected by a rulemaking proceeding would be left at the mercy of calling the Secretary of that particular regulatory Agency and asking him to stop. He could not go to court and pursue the current legal rights he would have but for the language. That is, you are taking away a right he would have under the APA to go to court and challenge a rulemaking proceeding by the Kanjorski amendment. Mr. KANJORSKI. Reclaiming my time, I am taking away the advantage that wealthy individuals and corporations in this society would have to stop the progress and protection of our people, whereas average Americans could never assume their rights under the

I think it goes to the essence of what this act is all about, and maybe it extends beyond this act and goes to what we are here for this first 100 days, it is all about. It is a tremendous shift of power, to give the wealthiest elements and corporations of our society a special seat in government, a special opportunity in litigation, to frustrate the protections and the needs of average Americans. You bet your life I think that is the problem. Mr. SHADEGG. What we are talking about really is the fact that average Americans take advantage of the APA on a regular basis, and that you are taking advantage of this moratorium to take away their right to go to court and challenge the regulatory agencies that are currently regulating and taking away their rights. The purpose of the moratorium is to preserve the status quo for the time period. The language of section 7 does that precisely by saying we are creating no new right of action, but we are preserving the existing rights of action. Mr. KANJORSKI. No, you are going beyond that, so that I may answer you. You are reserving a right of action that is based on this statute, if the APA rules are the vehicle to bring that action. So you are accomplishing nothing by the first sentence, it does not even matter being there, because the second sentence becomes controlling, and everybody who could attack this and would be denied that right under the first sentence of the act, has the right under the second sentence if they proceed under Administrative Procedures Act. Mr. SHADEGG. The first sentence of the amendment simply says that this legislation does not in and of itself create a new right of action. That is because it was not the goal of those who are proponents to create a new right of

Mr. RADANOVICH. Mr. Chairman, will the gentleman yield? Mr. CLINGER. I yield to the gentleman from California. Mr. RADANOVICH. Mr. Chairman, the moratorium on Federal regulations does not apply to the California BayDelta agreement of December 15, 1994, and the actions necessary to implement that agreement. The December 15 agreement is an accord between the Federal agencies of the Department of the Interior, Commerce, and EPA and the State of California. It is not a Federal regulatory action. The agreement calls for the withdrawal of the EPA final rules for water quality standards in the delta, once the California Water Resources Control Board adopts its own final rules under State law. This is expected to happen in March 1995. Thus, there is no impediment to the implementation to the bay-delta agreement as a result of the EPA regulations becoming subject to the moratorium. The agreement also calls for the 1995 Biological Opinions on winter run salmon and Delta smelt to be consistent with the bay-delta agreement. This means that the existing 1994 biological opinions must be revised to conform to the bay-delta agreement. It should be clear that the revision on these biological opinions is not a regulatory action subject to the moratorium. If, for some reason, the 1994 biological opinions could not be revised to conform to the bay-delta agreement, there could be a significant water cost to Federal and State contractors south of the delta. This would be a significant obstacle to the continued implementation of the bay-delta agreement. We know that the gentleman from Pennsylvania is aware of the environmental problems in California in the San Francisco Bay and Sacramento-San Joaquin River Delta. We know that you are also aware of the recent historic agreement between the State of California and a number of Federal agencies that has temporarily resolved many of the environmental problems in the delta. Mr. CLINGER. The gentleman is correct. I am aware of the agreement.

Obey Olver Owens Pallone Pastor Payne (NJ) Pelosi Pomeroy Rahall Rangel Reed Reynolds Richardson Rivers Rose Roukema Roybal-Allard Rush Sabo Sanders Sawyer Schroeder Schumer Scott Serrano Skaggs Slaughter Spratt Stark Stokes Studds Stupak Taylor (MS) Thompson Thurman Torres Torricelli Towns Traficant Tucker Velazquez Vento Volkmer Ward Waters Watt (NC) Waxman Wise Woolsey Wynn Yates

latory rulemaking action begun by the Administrator of the Environmental Protection Agency before the date of the enactment of this Act that relates to control of microbial and disinfection by-product risks in drinking water supplies.

1906 or 1907, based on a public outcry from a book by Upton Sinclair, we have maintained that same method of operating and checking on meat and poultry, with very little update. What we were doing now was for the first time to recognize the role of pathogens in meat inspection and what happens. But every day that we delay this moratorium that would cause this delay, 11 Americans will lose their lives and every day over 13,000 will be ill. The delay caused by the moratorium will sentence 3,420 more people to die needlessly in the United States. It does not matter what Members think of the details of the Agriculture Department proposal, or it does not matter what they think of the regulatory process overall. It does not matter what their district is or what political party they belong to. A vote for this amendment is a vote for your constituents, it is to ensure that food and water are safe. I am not willing to sacrifice my constituents’ lives, health, and wealth on the altar of regulatory reform, and I ask all of my colleagues not to sacrifice theirs.

not only do bad things. I know it comes as a surprise to some Members of this body, but the Federal Government actually does some good things, and preserving safe drinking water in our country is one of them, preserving safe food in our country is another. I am all for getting rid of unnecessary regulations, but let us do it when we find a regulation that does not work. But when we have a regulation that works, let us work it, let us have it help save lives. And this is what this

is simple and straightforward: It will allow the Federal Government to continue its efforts to ensure the safety of our Nation’s food and water. For example, this amendment will allow the Federal Government to continue its efforts to protect our citizens from the threats posed by cryptosporidium in our water and E. coli bacteria in our meat. In my district, in my home of New York City, people are very worried over recent discoveries of the cryptosporidium parasite in our water supply. They have good reason to be worried: Recent outbreaks in Milwaukee of the disease caused by this parasite, cost over 100 people their lives and made hundreds of thousands sick. The medical evidence clearly demonstrates that for our most vulnerable populations this illness can be fatal. Only in 1994, was the EPA able to issue rules about collecting data on the dangers posed by this disease. And now the experts at EPA tell us that this bill will halt testing for this deadly parasite. We cannot allow that to happen. Mr. Chairman, the safety of our drinking water is precisely the type of problem that the Federal Government is best equipped to combat because it affects the residents of all 50 States. Water does not respect State boundaries; neither do parasites or bacteria. As currently drafted, this bill could present a threat to every American who eats or drinks. Our amendment would simply remove any ambiguity about the continuing ability of the American Government to combat these deadly threats. Parasites don’t take a moratorium; microbes don’t take a moratorium, and safeguards shouldn’t take a moratorium. Please support this amendment.

man, no one can see E. coli, salmonella, or any other bacteria on meat. Visual inspection is inadequate. Only microbial testing, as could be required under the U.S. new meat inspection rule, can tell whether the meat we feed our children might actually kill them. At our committee’s markup of this bill, we had a young woman who appeared who lives every day with the tragedy that can come from bacterial contamination of meat. Mrs. Nancy Donely from Chicago, IL, lost her 6-year-old son, Alex, in July of 1993 after he ate E. coli contaminated hamburger meat. She has made the safe food campaign her passion. She led opposition to the meat industry’s efforts recently to dispense with sampling hamburger for E. coli. She is a very strong advocate for the USDA’s new meat inspection regulations. Mrs. Donely has said Alex’s last words to her were, and I quote, ‘‘Mommie, don’t worry.’’ For us not to worry that we have failed to protect little children like Alex from illness and death caused by bacteria-contaminated meat, we have to vote to exempt the meat inspection regulations from the moratorium in this legislation. It just seems to me that there is a commonsense way to go about any kind of bill that would put a moratorium on something that is so important as the food we eat, as the water we drink, as the air we breathe, as benefits we give to all American people, that we simply cannot fail to pass this amendment offered by the gentlewoman from New York.

Let me read from a letter I received from Michael R. Taylor, Under Secretary of Agriculture for Food Safety, that is dated February 22, 1995. It says in part that: All work on the FSIS [Food Safety and Inspection Service] Pathogen Reduction/ HACCP proposal would have to be suspended throughout the moratorium period. The public comment period would need to be put on hold. Public information briefings throughout the country to encourage public participation in the rulemaking processs and answer technical questions would need to be canceled. The adverse impact on food safety is an important reason why the Administration opposes the passage of H.R. 450. So, should we care that the moratorium would block implementation of the new meat and poultry inspection rules? I firmly believe we should. Meat and poultry sold to the American consumer are currently being inspected under procedures that were implemented in 1907. These 82-year-old procedures simply call for visual inspection of animal carcasses. The meat inspection rule that the Department of Agriculture published recently in the Federal Register represents a drastic improvement over this outdated, outmodied system. This regulation would, for the first time, simply require that processors test meat and poultry regularly for bacteria. This regulation is also the Agriculture Department’s long-awaited response to the massive food borne illness outbreak that spread across the west coast 2 years ago. No one can see E. coli, salmonella, or any other bacteria on meat. Visual inspection is inadequate. Only microbial testing, as could be required under the USDA new meat inspection rule, can tell whether the meat we feed our children might kill them. At our committee’s markup of this bill, we had a young woman appear who lives each day with the tragedy which can come from bacteria contamination in meat. Mrs. Nancy Donley, from Chicago, IL, lost her 6-year-old son, Alex, in July of 1993, after he ate E. coli contaminated hamburger meat. She has made the safe food campaign her passion. She led opposition to the meat industry’s efforts recently to dispense with sampling hamburger for E. coli, and she is a strong advocate for the USDA’s new meat inspection regulation. Mrs. Donley has said that Alex’s last words to her were, ‘‘Mommy, don’t worry.’’ For us ‘‘not to worry’’ that we have failed to protect children like Alex from illness and death caused by bacteria contaminated meat, we must vote to exempt the meat inspection regulation from the moratorium in this legislation. I completely disagree with the proponents of this bill that we should delay for 1 minute, much less 6 months, the implementation of regulations that can require the testing needed to detect bacteria on meat. Only such testing will reduce the number of deaths and illnesses from food poisoning. Mr. Chairman, the gentlewoman’s amendment would exempt from the moratorium rules that provide important protections for the public health. If the proponents of the bill feel so strongly that their bill exempts these matters, then we need to make that point explicit and clear in the bill itself. When concerns were raised in the committee about the moratorium’s possible applica-

tion to bank and tax regulations, these matters were excluded from the bill. We should do the same thing for the important food and water safety regulations addressed by the gentlewoman’s amendment. I urge my colleagues to support the amendment. Mr. CLINGER. Mr. Chairman, I am very pleased to yield 3 minutes to the chairman of the Subcommittee on Civil Service, the gentleman from Florida [Mr. MICA]. (Mr. MICA asked and was given permission to revise and extend his remarks.) Mr. MICA. I thank the gentleman for yielding this time to me. Mr. Chairman, ladies and gentleman of the House, I cannot believe what the other side of the aisle is saying. Let us really get the facts straight here. They are accusing us of delaying. They are accusing us of endangering health and welfare. Well, let me say this: I served on the subcommittee that oversaw this matter, so I know in depth what tool place. The problem with E. coli bacteria is not anything new. The report goes back to May 21, 1993. The question about risk-based inspections and the need for monitoring meat and poultry are here in these reports that span the length and breadth of this administration. Come on, let us get the facts straight here. What is going on? Mike Espy said at a press conference, May 1993, he said, ‘‘The regs are on the way. I have directed FSIS officials to publish in 90 days.’’ Do not give me that. Let us see what the New York Times said about delays in this process. This is an article in the New York Times, June 9, 1994. The decision by the Agriculture Department in 1993 which spared Tyson and other poultry producers from rigorous inspections brought a chorus of complaints from the meat packers and consumer groups about enforcement of an industry with longstanding ties to the President. Come on, let us not scare the people of this country. We also know that we heard in those hearings on E. coli bacteria, people were told to cook their meat. The point brought up about Milwaukee, here is another example: There are 53 water contaminants mandated by this Congress in regulations to study and the Milwaukee contaminant was not one of them. The blame is here. We are not delaying anything. You saw the chairman of this subcommittee stand up and give an explanation of the exemptions for public health, safety, and welfare. I tell you, ladies and gentlemen, this is not going to do anything to endanger any child or any individual. It is not going to endanger the health, safety, and welfare of one American. What we are doing is we are saying we are overegulating. We are sayingwhy not concentrate on real problems.

There are different aspects in this regulation. Some of this regulation does not go into effect for 4 or 5 years. So it is way beyond the moratorium. There are some specific issues that may do some good: The antimicrobial rinsing provisions that are in this bill where they are going to ask the companies to have that as standard operating procedure. Some folks argue that, by putting the Federal regulation in place, we are actually going to get in the way of industry. So I do not think that you can argue that holding up parts of this bill, this rule, if they are held up, which I do not think they will be, is going to make any difference. They were 3 years getting out in the first place. Lastly, we had this discussion about cryptosporidium in the committee. You know, this is a problem, and we got all the groups together, the water organizations, to discuss how to deal with this, and they all agreed what they should do. I do not believe we need a Federal rule or regulation to accomplish this. The testimony was that they all agree what needs to be done, they can go out and do it. Why do we have this mentality in this country that unless the Federal Government mandates that you regulate or that you do a rule, that it cannot be done? Clearly, this case is being taken care of with the local communities working together. We do not need a rule in that area. So this is covered in the exception, and I oppose the amendment. Ms. SLAUGHTER. Mr. Chairman, I yield the remaining 1 minute to the gentleman from Virginia [Mr. MORAN], a member of the committee. Mr. MORAN. I thank the gentlewoman, my friend from New York [Ms. SLAUGHTER] for yielding to me. This amendment would do 3 things: It would enable us to regulate pathogens in meat and poultry, deadly microbes in drinking water and lead in canned food. Those are the 3 specific regulatory areas we are trying to insure will continue. You heard from Mr. BARRETT, who represents Wisconsin, where thousands of people in Milwaukee got sick because of cryptosporidium in the water supply. The Environmental Protection Agency was able to take that experience, and when they found cryptosporidium in the Washington area water supply, they were able to stop it. As a result, we did not have thousands of people getting sick in the Washington area. What they now need to do is to determine what the appropriate tolerable level of cryptosporidium is. They need to conduct the experiment. This would prevent them from being able to do that. You know, I cannot imagine why we would want to prevent these kinds of what are really both common sense and terribly important regulations. On the one hand you say we ought to leave it up to the administration to ex-

Payne (NJ) Pelosi Pomeroy Poshard Rahall Rangel Reed Reynolds Richardson Rivers Rose Roukema Roybal-Allard Rush Sabo Sanders Sawyer Schroeder Schumer Scott Serrano Skaggs Skelton Slaughter Spratt Stark Stenholm Stokes Studds Stupak Tanner Tauzin Taylor (MS) Tejeda Thompson Thornton Thurman Torres Torricelli Towns Traficant Tucker Velazquez Vento Visclosky Volkmer Ward Waters Watt (NC) Waxman Wilson Wise Woolsey Wyden Wynn Yates

state cannot pass a more stringent labeling rule than the U.S. government. USDA filed a brief in the lawsuit supporting the poultry industry position. A Federal court blocked enforcement of California’s law on jurisdictional grounds on April 8, 1994. The issue was appealed. Many other states, including New York, Arizona, Oregon, Maine, Alaska, Illinois, Washington and Puerto Rico, have passed poultry labeling laws regarding the definition of ‘‘fresh’’, as well as organic and kosher production and processing. On February 10, 1994, USDA Secretary Mike Espy issued a press release, pledging that USDA would direct the Food Safety and Inspection Service (FSIS) to reexamine whether current policy on fresh labeling is reasonable. On June 16, 1994, the Government Operations Subcommittees on Human Resources and Intergovernmental Relations and Information, Justice, Transportation and Agriculture conducted a joint hearing on USDA rules concerning ‘‘fresh’’ labels on poultry products. Richard Rominger, USDA Deputy Secretary, testified that FSIS staff would review current policy on two tracks: evaluate scientific literature concerning temperature effects on poultry, and, conduct regional hearings to assess consumer expectations. These results would form the basis of any policy revision regarding labeling of ‘‘fresh’’ poultry. Support for a new rule continued to grow. Well-known and respected consumer groups urged Secretary Espy to act, including Consumers Union, Consumer Federation of America, National Consumers League and Public Voice for Food & Health Policy. On July 27, ‘‘The Truth in Poultry Labeling Act of 1994’’ was introduced by Senators Boxer and Feinstein and Representative Condit in the 103rd Congress. The Senate approved Senator Boxer’s Amendment to S. 2095 expressing the sense of the Senate that delays in proposing a new rule must be ended and a decision must be made ‘‘as expeditiously as possible.’’ FSIS Administrator Michael R. Taylor promised Senator Barbara Boxer and Representative Condit that truth-in-labeling would be addressed on a ‘‘fast track’’. On August 26, 1994, USDA Food Safety and Inspection Service announced public hearings on the use of the term ‘‘fresh’’ on the labeling of raw poultry products to be held on: September 12, 1994 in Modesto, California; September 16, 1994 in Atlanta, Georgia; and September 20, 1994 in Washington, D.C., to assist FSIS in developing a new policy. Consumer advocates, chefs, consumers and home economists came forward and testified at these public hearings across the country that it was time for USDA to listen to consumers and end mislabeling of poultry. In a letter to Senator Boxer and Congressman Condit. USDA promised a rule before Thanksgiving. On December 14, 1994, a victory was won by California consumers when the Ninth Circuit Court of Appeals reinstated the provision making it illegal for poultry frozen below 26 degrees Fahrenheit to be advertised or sold as fresh. Consumer advocates Public Voice for Food and Health Policy and the National Consumers League implored USDA to change federal labeling laws so that all Americans are afforded the same protection against the misrepresentation of frozen chicken being sold as fresh. On December 21, 1994, Senator Boxer again urged USDA Deputy Secretary Rominger to expedite rule-making, particularly in light of the recent California Court decision. Deputy Secretary Rominger again assured her that a proposed rule would be announced

Reed Regula Reynolds Richardson Rivers Roemer Rose Roybal-Allard Rush Sabo Sanders Sawyer Schroeder Scott Serrano Sisisky Skaggs Skelton Slaughter Solomon Spence Spratt Stark Stenholm Stockman Stokes Studds Stupak Tanner Tauzin Taylor (MS) Taylor (NC) Tejeda Thompson Thornton Thurman Torres Torricelli Towns Traficant Tucker Velazquez Vento Visclosky Volkmer Wamp Ward Waters Watt (NC) Waxman Whitfield Williams Wilson Wise Wolf Woolsey Wyden Wynn Yates

Mr. WAXMAN. Mr. Chairman, I yield myself such time as I may consume. Mr. Chairman, I offer this amendment on behalf of the gentleman from Wisconsin [Mr. BARRETT], the gentleman from Vermont [Mr. SANDERS], and myself. The purpose of this amendment is to apply the same protection to human health that H.R. 450 would provide to private property. This bill provides an exemption from the moratorium for imminent threats to health or safety. In section 6(7) this is defined to be a reasonable expectation of death, serious illness or severe injury to humans, or substantial endangerment to private property. This definition in H.R. 450 provides significantly more protection to private property than to health. My

protection. It would apply the substantial endangerment test to both private property and human health. It is inconceivable to me that this body would want to go on record as providing more protection to private property than to human health. It is inconceivable that we want to set up a different standard for the protections of private property than for human health, which is exactly what this bill would do, and it does not make sense. Let me explain why H.R. 450 provides more protection to private property than human health. This bill in the case of private property requires a reasonable expectation of an endangerment, and that would be sufficient to exempt a regulation from the moratorium. There is no requirement to show that there is a reasonable expectation of actual injury. All you have to show is that private property is placed in jeopardy. In the case of human health or safety, the standard of a reasonable expectation of an endangerment is not enough to exempt the regulation. It is not enough to show that people will be put in a dangerous situation. Instead, you must show it is likely that there will be actual death, actual illness, or injury. This test is much more difficult to meet than private property tests. It is much easier to show that there is a reasonable expectation that some property may be endangered but not actually injured, which is the private property test, than to show that there is a reasonable expectation that some person will be actually injured, which is the health test. Private property gets more protection than health for a second reason, also. A regulation to protect private property can be exempted from the moratorium so long as the endangerment is just substantial. When it comes to human health, however, the agency must show that the injury is either severe or serious. Obviously, the threshold of showing that an injury to health or people is serious or severe is higher than the threshold of showing that an injury to property is merely substantial.

The gentleman from Pennsylvania will be recognized for 15 minutes. Mr. CLINGER. Mr. Chairman, I yield myself 1 minute, merely to point out to the gentleman in the report where we make it very clear that it is certainly not the intent to raise concerns or interest in property to a higher level than that which we provide for human health. We define ‘‘imminent threat to health or safety’’ to mean the existence of a condition, circumstance, or practice reasonably expected to cause death, serious illness, or severe injury to humans, or substantial endangerment to private property, during the moratorium period. In setting forward this definition, the Committee has not elevated protections of private property above human health or safety, or even attempted to equate endangerment to private property with death, illness or injury to humans. Rather, it seeks to protect both human health and safety and private property according to appropriately separate and distinct standards. It is the Committee’s understanding that the moratorium should not prevent the promulgation of rules and regulations that are necessary to make food safe from E.

coli bacteria, or others discussed in regard to the slaughter amendment. Mr. Chairman, we reject the notion this is somehow raising this concern to a higher degree. Mr. Chairman, I reserve the balance of my time. Mr. WAXMAN. Mr. Chairman, I yield 2 minutes to the gentlewoman from Oregon [Ms. FURSE]. Ms. FURSE. Mr. Chairman, I rise in strong support of this amendment. I am very concerned about how H.R. 450 would impede the Department of Energy’s ability to write needed safety regulations for the clean-up of the Hanford nuclear weapons complex. The Hanford complex has 1500 sites contaminated by radioactive and hazardous waste. Some of this radioactive waste has begun to leak into the Columbia River and contaminate its water and fish. DOE needs the ability to act quickly to promulgate regulations to protect the safety of workers at the Hanford site and to protect the public from the hazardous waste stored there. You say that H.R. 450 contains an exemption for regulations to address ‘‘imminent threats to health and safety.’’ What I want to know is how long will it take the DOE to get an exemption under this law? It is my understanding that DOE would have to submit a written request to OMB and to the appropriate congressional committees in the House and Senate. Then OMB would have to find in writing that this waiver was indeed necessary. And finally the DOE Secretary would have to publish the findings and waiver in the Federal Register. How long will this process take? Mr. Chairman, the threats to public safety from the Hanford complex are real and can impact citizens throughout the entire Northwest. If there is any doubt that the Department of Energy will be impeded in protecting American citizens from Hanford’s radioactive hazards, then I say that risk is too great. I urge my colleagues to vote for the Waxman amendment.

I strongly urge its adoption. In its current form, the moratorium does not apply to regulations that protect against imminent threats of serious illness, severe injury, or death or substantial endangerment to private property. As Mr. WAXMAN described, this is an absurd provision that gives greater protection to private property than to human life. I think this is a absurd set of priorities that needs to be changed. Furthermore, the bill is misleading because it does not allow regulations that protect public health and safety. In fact, it threatens regulations implemented last year that: Promote safer meat, poultry, and seafood; Establish standards for water quality; Set standards for disposal of nuclear and other hazardous waste; Set motor vehicle safety standards for brake systems; Amend performance standards for children’s life jackets; Set safety standards for baby walkers and children’s toys; and Standardize aviation rules. Under the current definition of ‘‘imminent threat of human health and safety,’’ regulations protect against activities that cause cancer, AIDS, or any other illness that has a latency period cannot be implemented. Today 1 in 3 of us will get cancer, and tragically 1 in 4 will die of it. Over 60 different occupations are at a documented risk of cancer, including farmers, petrochemical workers, asbestos workers, plastics manufacturers, and radiations workers. If this amendment is not adopted, the administration will not be able to respond to this expensive and debilitating health care crisis by implementing regulations that prevent cancer. For instance, regulations that provide certification standards for mammography that are required by law will not be implemented unless this amendment is adopted. Regulations that prevent breast cancer and save lives should be implemented.

Indoor air regulations that protect against toxic exposures ultimately cause asbestosis, lung cancer, or other serious respiratory illnesses, will also be prohibited if this amendment is not adopted. OSHA has been considering a rule banning smoking in workplaces nationwide, the FDA is considering to regulate cigarettes as a drug, and the Department of Health and Human Services is working on regulations that limit smoking in schools and other places where children congregate. All of these plans will be put on hold unless this amendment is adopted. Lung cancer is the No. 1 cancer killer. The immediate implementation of regulations like these could save many lives. Also, nuclear safety standards for waste disposal, like the regulation allowing nuclear wastes to be transferred from sites in Idaho, Colorado and other States to a WIPP facility in New Mexico, will be retroactively canceled. Thus, more Americans could potentially be exposed to toxic substances that cause serious illness and death. I simply do not see the sense in the current language which allows regulations that protect against deaths in 1995, yet prohibits regulations that protect against deaths in other years. If the drafters of this bill intended to protect against cancer and AIDs, then this intention should be made clear in the plain meaning of the definition of ‘‘imminent threat to human health or safety.’’ I strongly urge you to support this amendment which clearly states that we care enough about human lives to permit regulations that prevent serious illnesses, severe injuries, and death in any year and gives human lives as much protection as the bill gives to private property.

Commission which would require that all buckets have a hole in the bottom of them, so that they can allow water to go through and avoid the danger of somebody falling face down into the bucket and drowning; the leaky bucket regulation. There is also the regulation that allows FDA officials to break into a doctor’s office in Kent, WA, and hold at gunpoint the doctors and the nurses there to force them to answer a series of questions, because they use injectible vitamin B and other products. Would those regulations be exempt under this new standard? There is also a regulation that the Occupational Safety and Health Administration,

know the gentleman is well-intended, I know our independent colleague is well-intended, that they are indeed concerned about public health, safety, welfare. However, I think that we have provided in this moratorium some very specific language that in fact will do the job. In fact, we are not ending regulation as we know it. This is not an end to regulation. This is, again, as I said earlier on the floor, this is a stop and let us look at what we are doing with these regulations. Let us make some sense. We have a mechanism in the bill and I believe we have a precedent for the language that we have put in this bill, to really accomplish what they would like and really, in a more effective fashion. That is why we have to defeat the Waxman amendment. Again, Mr. Chairman, we are all concerned here. We are all human beings. I am a parent. I have children. I am concerned about the air they breathe, the water they drink. I am concerned about our environment. However, we have to start taking all this regulation in perspective. This is not an indefinite moratorium. Even the moratoriums of the Reagan administration were more long-term than this. In fact, this even says if we take time and read it, that when we have some provisions in place to look at the cost and the benefit and risk, that we can go forward. We have in here protections that reasonable people, working together, can use to go forward, and we can enact necessary restrictions and needed regulations. No, in fact, this is not an end to regulation as we know it. This bill is concerned about people; that we have limited resources; that this country and its taxpayers want the very best regulation as far as protection of the health and public welfare and safety of our children. So yes, we on this side of the aisle, are concerned. We want to work with the gentleman, and we want to pass something reasonable. We think our language is better. I urge my colleagues to come down here and to sort through all of the smoke and mirrors, to defeat this

Thornton Thurman Torres Torricelli Towns Traficant Tucker Velazquez Vento Visclosky Volkmer Ward Waters Watt (NC) Waxman Williams Wise Woolsey Wyden Wynn Yates

Mr. DE LA GARZA. I yield to the genMr. CLINGER. Mr. Chairman, I assure the gentleman that is absolutely correct. Mr. DE LA GARZA. I thank the gentleman. I also thank the gentleman for the clarification and would like to include in the RECORD an analysis prepared by the Department of Agriculture listing the regulations that may be affected by the moratorium, and I will ask for such permission in the House. I want to be sure that the Department will be able to continue to help farmers, ranchers, exporters, and the food service industry to supply agricultural products for our Nation’s consumers and consumers around the world. I also want to be sure that the agency charged with implementing and enforcing animal and plant quarantine laws is able to carry out its charge to protect against long-term hazards associated with animal and plant diseases. Finally, I want to be sure the Forest Service is able to manage our National Forest System lands for the benefit of recreational users, timber industry, ranchers, and the wildlife in our forests and rangelands. I would also like to ask the gentleman if I am correct in stating the bill before us is not intended to affect regulations making routine adjustments to USDA activities or programs including the following: establishing industry self-help and promotion programs for port, beef, milk, fruit, vegetables, and specialty crops, commodity grading programs, animal-plant health programs, adjustments in agriculture under article 28 associated with GATT, timber-sale contracting, animal damage control programs, labeling of meat and poultry products, and internal USDA regulatory streamlining and reform. I yield to the gentleman from Pennsylvania. Mr. CLINGER. The gentleman is correct. Mr. DE LA GARZA. I thank the gentleman for those clarifications. Mr. ROBERTS. Mr. Chairman, will the gentleman yield? Mr. DE LA GARZA. I yield to the gentleman from Kansas. Mr. ROBERTS. Mr. Chairman, I thank the distinguished gentleman from Texas for yielding, in that we have both worked on the gentleman’s statement, and we have mutual concern and interest in making sure this bill in no way impedes the regular, normal business procedures and, yes, also regulations simply within the Department of Agriculture. I think the colloquy is extremely important. I associate myself with the gentleman’s remarks, and I think this should take care of many concerns that both of us share. Mr. VOLKMER. Mr. Chairman, will the gentleman yield? Mr. DE LA GARZA. I yield to the gentleman from Missouri.

Federal Cave Resources Protection; June 17, 1994 ....................................................................................................

Species Surplus to Domestic Manufacturing Needs ....................................................................................................

our animal import regulations to allow for importations from regions, rather than countries only, and to recognize levels of risk, rather than just diseased/disease-free areas. Another regulation that has generated considerable interest concerns the importation of logs, lumber and other unmanufactured wood (Doc. No. 91–074–1). Other examples include importation of animals and germ plasma from countries where scrapie exists (Doc. No. 94–085–1), importation of additional species of embryos from countries where footand-mouth disease exists (Doc. No. 94–006–1), removal of a staining requirement for imported seed (95–004–1), and a number of regulations allowing the importation of additional types of fruits and vegetables from various countries, including Mexico, Korea, and Chile. In addition, we routinely publish regulations to change the disease status of a country or area, based on changes in those conditions. Pending regulations include ones to declare Spain free of African horse sickness and swine vesicular disease, and to declare Switzerland free of foot-and-mouth disease and viscerotropic velogenic Newcastle disease. These changes would relieve certain restrictions on imports from those countries. Conversely, we sometimes need to publish a regulation to restrict imports when there is an outbreak of a pest or disease in a country or area. Beneficiaries: The ability to improve the variety and supply of animals, plants, and their products benefits producers, importers, brokers, food distributors and processors, and consumers. Northwest lumber mills would benefit from the rule concerning wood imports. Impact: When the scientific/biological data provides no indication of substantial pest or disease risk from the importation, failure to revise our regulations puts us in violation of GATT. There is considerable pressure on the United States to implement these many of the regulations listed above in response to GATT. Failure to finalize Doc. No. 94–106–1 could result in other countries putting additional restrictions on U.S. exports. While there is often opposition to regulations of this type, there is always some interest, usually for the purpose of improving bloodlines or stock, or establishing a supply to meet a new or growing market. Northwest lumber mills are eager for wood rule because they believe it will give them additional logs to cut, and some environmentalists prefer using imported to domestic logs. A number of mills have stated they will go out of business without a reliable source of imported logs.

Date: Final rule published 1/26/95; effective 2/16/95. States affected: California. Rule: Doc. No. 93–157–3, Mexican Fruit Fly Regulations; Removal of Regulated Area. Removes restrictions on movement of citrus and other regulated articles. Beneficiaries: Growers, wholesalers, exporters. Impact: California production would be negatively impacted by the failure to lift the quarantine. Fruit and vegetable producers and associations would be likely to complain about this action. Date: Published 1/26/95; effective 2/27/95. States affected: California. Rule: Doc. No. 94–117–1, Oriental Fruit Fly; Quarantine Part of LA County, CA. Quarantines an area to prevent OFF spread and protect export markets. Beneficiaries: Growers, wholesalers, exporters. Impact: Withdrawal would allow OFF spread. If spread occurs, it would likely lead Japan and U.S. citrus States to reject CA citrus. Date: Published 11/14/95; effective 11/7/95. States Affected: Primarily CA, FL, and HI. Rule: Doc. No. 93–147–2, Imported Palms. Allows certain palms to be imported from New Zealand and Australia. Beneficiaries: Supported by comercial ornamental plant growers. Hawaiian Representatives Patsy Mink and Neil Abercrombie supported this rule. Impact: Withdrawing this rule would reduce the number of sources for Howea palms to one. Opposition from nurserymen in CA, FL, and HI. Date: Final rule published and effective 1/ 24/95. States affected: All. Rule: Doc. No. 93–031–2, Inspection of Animals Exported to Canada and Mexico. Requires a final inspection before export of livestock, including horses, shipped by air to Canada or Mexico. Beneficiaries: The American Horse Council supports this rule. Impact: Failure to take this action could result in sick animals being exported to Canada and Mexico, and having to be returned to the U.S. Date: Final rule published 1/24/95; effective 2/23/95. States affected: CA, FL, all. Rule: Doc. No. 89–154–2, Importation of Plants Established in Growing Media. Allows additional genera of plants in growing media (potted plants) to be imported into the United States. Beneficiaries: Importers and brokers of imported products.

Impact: From the standpoint of GATT, there is no sound biological reason to continue to prohibit these imports, which would be the effect of a moratorium. California and Florida representatives are most likely to hear from their constituents, although other areas may be affected as well. Date: Final rule published 1/13/95; effective 2/13/95. States affected: All (GATT/NAFTA issue). Rule: Doc. No. 89–117–4, Honeybees and Honeybee Semen From New Zealand. Allows imports. Beneficiaries: Apiary industries. Impact: If we withdraw the rule, we may be challenged under GATT conflict resolution procedures. Date: Final rule published 2/1/95, effective 3/3/95. States affected: California. Rule: Doc. No. 94–042–2, True Potato Seed From Chile. Allows imports. Beneficiaries: Plant breeders, potato producers. Impact: California Department of Food and Agriculture supports this, and several California companies (especially Esca Genetics/ TPS Products) have invested heavily in expectation of it. CA Rep. Anna G. Eshoo wrote in support of it. Date: Final published 2/16/95, effective 3/20/ 95. States affected: All. Rule: Doc. No. 94–069–1, Tangerines From Cheju Island (Korea). Would allow imports. Beneficiaries: Consumers; exporters seeking reciprocal arrangements. Impact: GATT issue, we could be challenged if we withdraw it. Date: Under development. States affected: All. Rule: Doc. No. 94–114–1, Imported Fruits & Vegetables; 6th Periodic Amendment. We do this kind of rule regularly to allow newly-requested frutis and vegetables to be imported. Beneficiaries: Importers, wholesalers, consumers. Impact: Delaying this rule would affect importers and distributors in most States, and reduce the variety of produce available to consumers. Date: Proposal nearly ready to publish. States affected: All. Rule: Doc. No. 94–116–3, Fresh Hass Avocados From Mexico. Would allow imports of Hass avocados. Beneficiaries: Importers, consumers. Impact: Mexico has been seeking this change for years and will accuse the U.S. of violating NAFTA if we do not pursue the proposal. Domestic avocado producers would support the delay in this proposal. Date: Under development.

States affected: All. Rule: Doc. No. 93–006–3, Identification of Certain Cattle Imported From Mexico. Allows cattle from Mexico to be permanently identified with a mark located high on the hip rather than be face-branded with a hot iron. Beneficiaries: Generated tremendous interest and support, including full page ads placed in Washington newspapers and New York Times by Animal Rights International. PETA and other animal welfare groups also lobbied hard for this change. Impact: Serious opposition from animal rights organizations. After many years and considerable effort, the United States is nearing eradication of tuberculosis. While we are moving to eradicate the last areas of infection in the United States, we must improve our level of protection against new introductions of the disease, which not only affects cattle, but can be transmitted to humans. In addition to being an animal health issue, this became an animal welfare issue. This issue was so important to the animal welfare community that it generated thousands of letters and resulted in full-page advertisements in national newspapers. Date: Final rule published 12/22/94; effective 1/23/95.

States affected: California, Texas, Mississippi, Arkansas, Louisiana, Arizona, Tennessee, Georgia, Alabama, and Missouri Rule: Annual determination of fees to be charged cotton producers who voluntarily request and obtain grading services to determine the quality of their cotton. Beneficiaries: U.S. cotton producers, and wholesale and retail buyers of cotton and products made from cotton. Impact of H.R. 450: USDA can reduce the fees charged to the Nation’s cotton producers, saving them millions of dollars. Each year, based on expected crop size, USDA determines by formula the fee needed to cover cotton quality grading services (classing). The past season’s cotton crop was record large, and since fees are partly determined by expected volumes, the large crop generated more revenue than needed. This year, USDA can reduce the fee charged to producers, and save U.S. cotton growers $3–4 million. In turn, such savings reduce costs to growers, which are passed on to consumers, both domestic and foreign. U.S. cotton exports are a fast-growing market, and U.S. cotton has become one of the most competitive fibers worldwide. Any opportunities to keep costs low, while maintaining the availability of quality assurance, would be lost if H.R. 450 is enacted.

out these funds, the research project would have to be terminated. Texas Onions—Action to announce expenses for administrative committee to run marketing order locally; otherwise, marketing order cannot continue, and the committee will be unable to implement needed compliance activities and a planned market development program. Walla Walla (Washington) Sweet OnionsAction is the second of a four-step formal rulemaking process to establish a new marketing order for Walla Walla onions in Washington, as requested by growers. Research and Promotion Programs—Under a moratorium, sheep producers will not be able to implement the promotion program authorized by Congress to help promote sheep, wool, and lamb products. An important upcoming issue is the opportunity for the Nation’s sheep ranchers to promote and strategically market sheep products through this self-help mechanism. Producers in California, Colorado, Idaho, Indiana, Minnesota, Montana, New Mexico, North Dakota, Oregon, South Dakota, Texas, Utah, Vermont, and Wyoming recently received authorizing legislation to initiate this program through self-assessments. USDA must publish rules in order to implement the program. Producers collectively will vote on whether to assess themselves and importers, to use the funds collected to conduct research and promotion activities. With a moratorium, sheep and wool producers will be unable to collectively come together, across a dozen states, to develop marketing strategies to expand markets for their products. In the meanwhile, foreign producers will be strategically targeting U.S. consumers as a growing niche market, and promoting their foreign-origin lamb at the expense of domestic producers. Other R&P issues expected to surface in coming months include: Soybeans—The Department is required to conduct a producer poll in a timely manner to determine if a refund referendum should be held. That poll is tentatively set for early summer, and procedures for its conduct must be finalized so that producers can receive adequate notice. Watermelons—The industry will be unable to revise its program, for which it has already received authority to eliminate refunds and revise assessments.

Organic standards The Department received authority in the 1990 Farm Bill to establish an organic standards program. Over the period of the past five years, the Department has worked closely with the National Organic Standards Board and all segments of the organic community in developing standards by which the organic community can market its products in the mainstream of American Agriculture. The Department is proceeding to publish rulemaking that will provide the necessary standards for implementation of this program. A regulatory moratorium would further delay this effort to the disadvantage of organic producers. Sheep Research and Promotion Program The Department expects to promulgate regulations and implement this new program this year. The Department would be unable to implement this Act this year in event of the moratorium. Watermelon Research and Promotion Program The watermelon industry under a moratorium would be unable to revise its program for which it has already received statutory authority to eliminate refunds and revise its assessments. The industry is asking for a promulgation of a final rule by March 1 of this year. Soybean Research and Promotion Program The soybean legislation approved by Congress in the 1990 Farm Bill requires the Department to conduct a producer poll in a timely manner to determine if a refund referendum should be held. The poll is tentatively set for early summer. Procedures for its conduct must be finalized in time to adequately inform producers. A regulatory moratorium would obviate the Department’s ability to meet the statutory requirement. Pork Research and Promotion Program The pork industry wishes to increase the rate of assessment from .35% to .45% of the market value of porcine animals. The overall

to the national flood insurance program. This amendment—which was passed as part of the 1992 housing reauthorization—addressed areas which once had adequate flood protection, but which had experienced a decertification of their flood control system. Importantly, these

remember, therefore, that H.R. 450 does not just stop bad regulations—it stops virtually all regulations. There is no exemption in this legislation for regulations that simply make good sense. As a result, the amendment I am offering would exempt several regulations that I believe most Members will agree make sense, and should not be subject to a moratorium. Regulations that would be exempt from the moratorium under my amendment include: rules prohibiting the personal use of campaign funds; improved procedures to dispose of meritless petitions for asylum under immigration laws; rules to give preference to the elderly in public housing, to exclude drug addicts from public housing and to designate empowerment zones and enterprise communities; rules authorizing payment of benefits to Persian Gulf veterans; rules providing for the development of a data base for child molesters; and rules necessary to establish the hunting season for ducks and other waterfowl.

Let me speak first on the duck hunting issue. My amendment would exempt from the moratorium the Interior Department’s regulations establishing the hunting season, hunting hours, hunting areas, and bag limits for migratory birds. Without this exclusion, this year’s hunting season for ducks and other waterfowl could be canceled, according to the Fish and Wildlife Service. I am sure the bill’s proponents did not have the Nation’s hunters in their sights when they took aim at Federal regulation. However, without the exclusion contained in my amendment there will not only be disappointed hunters this hunting season, but there will also be reduced Federal and State revenues from the sale of licenses and duck stamps. Why would we want the moratorium to stop the hunting season? I would also caution my colleagues against relying on assurances from the bill’s proponents that there is no need to worry, because this or that regulation can be excluded under the term of the bill. There are no automatic exclusions under this bill. Furthermore, since the bill allows the courts to review an agency decision to exclude a matter, the agencies will be very reluctant to grant exclusions. Let me give my colleagues a little background on some other rules, and I think it will be very clear why they should be excluded from the moratorium: The Federal Elections Commission has recently completed a rulemaking clarifying its prohibition against the personal use of campaign funds. The new FEC rule defines personal use to include expenses such as club memberships, clothing, tuition payments, and mortgage and rent payments on a candidate’s personal resi-

a more artfully drafted amendment. So I would not want to muddy the water here, and I must maintain my objection. The CHAIRMAN. Objection is heard. Mrs. COLLINS of Illinois. Mr. Chairman, I yield 3 minutes to the gentleman from Michigan [Mr. STUPAK]. Mr. STUPAK. Mr. Chairman, I thank the gentlewoman from Illinois for

would make some important needed corrections in this legislation. H.R. 450, the regulatory moratorium, is for the birds, but, more specifically, it is for ducks, geese, doves, woodcocks, and pigeons. In fact, it really should be renamed the Migratory Bird Safe Passage Act of 1995, because one of the consequences of the legislation is that the U.S. Fish and Wildlife’s Federal regulations would not be able to set up this year’s migratory bird hunting season and bag limits. Under the provisions of the migratory bird treaty, the U.S. Fish and Wildlife allows waterfowl hunting between September 1 and March 9. Because of the moratorium that we have here today, the U.S. Fish and Wildlife would be hard-pressed to set the hunting season before September 1, 1995. Without this amendment, 3 million duck hunters can hang up their shotguns, States will forego $1 million in license revenue, and rural communities such as northern Michigan which depend on the hunting season will lose an aggregate total economic benefit of $3.6 billion. In Michigan’s upper peninsula alone, over 5,000 duck hunters bring nearly $1 million to our economy. Further, this amendment reminds us that we should reflect on our goal for veterans. Many of the young veterans from the gulf war are suffering from a mysterious delibitating disease. The Secretary of Veterans Affairs recently authorized benefits for soldiers and their families to help them cope with the gulf war syndrome. The authorization, aimed at providing relief, would be considered under this legislation a burdensome regulation. I find it unconscionable that now we put forth a moratorium and turn our back on our suffering veterans. What about our seniors? HUD regulations, which will help keep drug and alcohol abusers out of senior housing complexes are now under assault. Every senior should be afforded the opportunity to live in comfort and safety in their home. The moratorium would halt this rule making process and would continue to put our Nation’s seniors at risk. The Collins-Stupak

would allow duck hunters to hunt this year by exempting them from the rulemaking action of the Fish and Wildlife Service with regard to the migratory bird treaty. It provides for our veterans and it protects our seniors. I ask that my colleagues support this amendMr. CLINGER. Mr. Chairman, I yield 2 minutes to the gentleman from Ari-

Thornton Thurman Torricelli Towns Traficant Tucker Velazquez Vento Visclosky Volkmer Ward Waters Watt (NC) Waxman Williams Wilson Wise Woolsey Wyden Wynn Yates

Payne (NJ) Rangel Souder Waters

tion 6(4), in the last sentence, after ‘‘restriction’’ insert the following new clarifying clause: ‘‘(including any agency action which establishes, modifies, or conducts a regulatory program for a recreational or subsistence activity, including but not limited to hunting, fishing, and camping, if a Federal law prohibits the recreational or subsistence activity in the absence of the agency action)’’. Mr. HAYES (during the reading). Mr. Chairman, I ask unanimous consent that the amendment be considered as read and printed in the RECORD. The CHAIRMAN. Is there objection to the request of the gentleman from Louisiana? There was no objection. The CHAIRMAN. Pursuant to the order of the House of today the gentleman from Louisiana [Mr. HAYES] and a Member opposed each will control 10 minutes. The Chair recognizes the gentleman from Louisiana [Mr. HAYES]. Mr. HAYES. Mr. Chairman, I rise in support of an amendment that while styled as such because of the procedural rules of the House is actually a clarification language of section 64. As background it should be noted that the reason that we are here this evening is because we have had so many regulatory actions, they have trampled on so many individuals’ rights, and we have had so many instances in which we were unable to redress the complaints made by those whom we represent that it boiled over to the point where finally there is a regulatory reaction. I say to my colleagues, incredibly enough the kinds of things that were happening to folks at home that led to this sort of concern are the kinds of things they complain to and to you about when you return there. They walk up and they say, ‘‘Look, my son is owning a piece of property that has some water on it. There’s no means by which I can tell what it is, and unless I apply for a permit to do something, the Corps of Engineers won’t tell me what it is, but the minute I decide to put some kind of crawfish pond there I find out the entire Federal bureaucracy not only wants to tell me what it is, but what to do with it.’’ Mr. Chairman, we have regulatory overreach that has caused us in representing those half million-plus people who call us Congressmen to come here this evening. I say to my colleagues, incredibly enough, with the efforts that deserve",regulatory moratorium,"A proposed moratorium on new regulations, including those related to the Endangered Species Act, until the Act is reauthorized.",legislative chamber debate,Mr. CLINGER [Hero]; Mrs. COLLINS of Illinois [Villain]; American people [Victim],"Mr. CLINGER advocates for a regulatory moratorium, arguing it will provide necessary breathing room for Congress to review regulations, while Mrs. COLLINS of Illinois argues that the moratorium will harm public health and safety by delaying important regulations.","The narrative suggests that the regulatory moratorium is necessary to protect the interests of the American people and to reform an overreaching regulatory system, while opposing views are framed as harmful to public welfare.",ESA Regulatory / Agency Action
CREC-1995-02-27-pt1-PgE444-2,2,"The House in Committee of the Whole House on the State of the Union had under consideration the bill (H.R. 450), to ensure economy and efficiency of Federal Government operations by establishing a moratorium on regulatory rulemaking actions, and for other purposes: Mr. UNDERWOOD. Mr. Chairman, I rise today in support of the bipartisan Condit-Combest amendment to H.R. 450, the Regulatory Transition Act. This amendment seeks to extend the regulatory moratorium on rule making to include further listings of endangered species and the designation of critical habitat under the Endangered Species Act [ESA]. Congress is preparing to reauthorize and reconstruct the Endangered Species Act. Until this is done, or until the end of the 104th Congress, the Interior Department should not be permitted to continue to acquire land for habitat designation. The Condit-Combest amendment ensures that this kind of activity is stalled until Congress has time to improve the Endangered Species Act. The U.S. Fish and Wildlife Service has been charged and entrusted with the protection of America’s unique animal species, but this must be balanced with the rights of private land owners, especially ancestral land owners. As Congress and the Committee on Resources reauthorizes the Endangered Species Act, I will fight to bring diligent science and re-

sponsible Federal action back into the equation. Scrupulous science should be the hallmark of critical habitat designation, not impetuous land grabbing. On October 1, 1993, the U.S. Fish and Wildlife Service acquired title to 370 acres designated as excess by the U.S. Navy at Ritidian, Guam, for a wildlife refuge headquarters. This land grab came even after strong objections by my office and the Government of Guam to the U.S. Department of the Interior. The U.S. Fish and Wildlife Service’s rationale to establish a refuge for Guam’s declining bird population is based on weird science. The refuge was established to protect several bird species that have ellegedly become endangered. However, these populations are declining because of the introduction of the nonindigenous brown tree snake, not the lack of suitable habitat. Habitat protection will only lead to the protection of the brown tree snake and the further decline of these species. This is one example of how good science and not arbitrary habitat protection could improve the Endangered Species Act. Alternatives to habitat protection should be considered by Congress as it reforms the ESA. Land grabs such as this one must not be allowed to continue in the name of habitat preservation. In addition to grabbing 370 acres for a refuge headquarters, the Fish and Wildlife Service has imposed on Guam a 22,873 acre wildlife refuge to protect those endangered bird species. The Federal Government continues to believe that Uncle Sam knows what is best for the people of Guam. It does not. The people of Guam know what is best and insist in shaping their own destiny and that of the island. Guam’s answer to this problem is a comprehensive land conference process taking into account historical injustices as well as the need to protect our endangered bird species and the presence of the military. The Federal Government’s answer is to arbitrarily dictate 25 acres per endangered bird with no regard to sound science. Guam wants to protect its endangered species, but what we are left asking ourselves this question: What is the Federal allocation for an endangered people? While it appears that the Federal Government has lost any sense of coherent policy toward Guam, Guam will not continue to allow bureaucracies to impose their will on our people. Whether that bureaucracy is the Fish and Wildlife Service, the National Park Service, the Department of the Interior, or the U.S. military, we will stand against any abusive action. No longer will the people of Guam wait to see what regulation or other action the Federal Government will inflict on us next. This type of bureaucratic insolence has caused even environmentalists like myself to be opposed to the actions of the Fish and Wildlife Service. These actions are out of control and I believe a moratorium is necessary for this agency to consider its actions with regard to regulations issued under the Endangered Species Act for habitat preservation. I support a review of ESA, of its successes and its failures. Decision making should be shifted closer to the people and away from Washington so that Federal action can be more responsive to our local communities.",regulatory moratorium,A proposed amendment to extend a regulatory moratorium on further listings of endangered species and critical habitat designation under the Endangered Species Act.,Committee debate on H.R. 450 regarding regulatory moratorium and the Endangered Species Act,Mr. Underwood [Hero]; U.S. Fish and Wildlife Service [Villain]; people of Guam [Victim],"Mr. Underwood supports an amendment to extend a regulatory moratorium on further listings of endangered species and critical habitat designation under the ESA, arguing that the U.S. Fish and Wildlife Service's actions are harmful to the people of Guam and their environment. He believes that the agency's land acquisitions are based on flawed science and that local input is necessary for effective policy.",The Federal Government should not impose arbitrary regulations without considering local needs and sound science; a moratorium is necessary to reassess the Endangered Species Act and ensure that local communities have a voice in decision-making.,ESA Regulatory / Agency Action
CREC-1995-03-02-pt1-PgH2495-2,169,"Olver Ortiz Orton Owens Pallone Pastor Payne (NJ) Pelosi Peterson (FL) Pomeroy Rahall Rangel Reed Reynolds Richardson Rivers Roemer Roybal-Allard Rush Sabo Sanders Sawyer Schroeder Scott Serrano Skaggs Slaughter Spratt Stark Studds Taylor (MS) Thompson Thornton Thurman Tucker Velazquez Vento Visclosky Volkmer Walker Ward Waters Watt (NC) Waxman Williams Wise Woolsey Wynn Yates

Court, such as Mr. Lucas did from South Carolina. Others are struggling. In the Florida Rock case, it started in 1978, it has been in the circuit court of appeals three times and has been remanded to the lower court. Citizens cannot afford a $500,000 trip through the court system to find out whether the Government took their property, took their farm, took their subdivision lot, took their ranch, took their forestry lands. We ought to have a simpler system for citizens who cannot afford big lawyers, cannot afford to spend 10 years in court, cannot afford $500,000 of court fees. We ought to have a better way for citizens in our country to get their basic rights under the Constitution. Remember what the court said in Dolan. This is a sacred right, a civil right under the fifth amendment. Mr. CANADY of Florida. Mr. Chairman, I yield 2 minutes to the gentleman from Tennessee [Mr. WAMP]. (Mr. WAMP asked and was given permission to revise and extend his remarks.) Mr. WAMP. Mr. Chairman, I am compelled to take to the well today to speak about private property rights and the pending legislation, H.R. 925, because I believe few issues touch closer to the hearts of most Americans than their right to own their property. It is also the issue that is close to my heart, because I come from a real estate background—that is how I made my living before coming to Congress. More importantly, it is one of the fundamental rights guaranteed to us by the Constitution, and I ran for Congress on a platform of upholding the Constitution, and, like the rest of my colleagues, took an oath upon taking office that I would uphold that Constitution. I remind my colleagues of that oath and of the words immortalized in our Constitution, specifically amendments number 5 and 14: No person shall be deprived of life, liberty, or property [emphasis added] without due process of law; nor shall private property be taken for public use without just compensation.—5th Amendment (part of the Bill of Rights) This sentiment is reiterated in the 14th amendment, extending that protection to our citizens from that actions of States: * * * nor shall any State deprive any person of life, liberty, or property [emphasis added], without due process of law (Section 1) * * *. The Congress shall have the power to enforce, by appropriate legislation, the provision of this article. (Section 5) Clearly, the defining document of our Government seeks to protect the American Dream—to own property, to own land, to have a stake in something that is your own. Congress is supposed to make laws to protect that dream. Clearly, many of the laws Congress has made and the regulations that came out of those laws do just the opposite. H.R. 925, the takings bill, seeks to correct this situation, by treating regulations that render a person’s property

I think it is pretty ridiculous not to recognize this part of it, and I think if we are not careful when we get all done we are going to have one more thing which causes the American people to pay, pay, pay and they never get anything back, and we are going to find just a few people are very enhanced by this, and a few taxpayers are going to be left paying the billions. I urge Members to listen to this debate very, very carefully. Mr. Chairman, we will be spending a lot of time talking about takings. But, makings is the other side of this issue. Makings are when actions by Federal agencies increase the value of private land. Makings should be included in the takings debate. See, in many takings cases, the taxpayer will be paying twice. First, to increase the value of the property so that it is useful, then again to compensate the property owner who can’t do exactly what they want with it. The Federal Government engages in myriad activities on a daily basis that increase the value of private property, or make money for private property owners. For example, the Government increases property values when it creates a national park or forest adjacent to one’s property. Likewise, when the Army Corps of Engineers creates harbors and navigation channels, restores beaches, or shores up coastlines; the Bureau of Reclamation brings irrigation water at subsidized costs to agricultural property; the Federal Highway Administration provides subsidized access to property that was otherwise inaccessible and previously valueless commercially; the Bureau of Land Management issues permits to graze cattle on Federal lands and the possession of those permits increase the property value of ranches. Federal regulatory action also safeguards property values by agency action to halt or prevent contamination or other degradation to property caused by activities of neighboring property owners. The largest and most easily quantifiable making that that Federal Government creates for private property owners is the agricultural subsidy program. The taxpayer spends $10 billion on farm subsidies a year, and those subsidies increase the value of farm property by 15–20 percent. Because farming is not as much a family business as it used to be, and is now largely a corporate endeavor, this puts deep pockets in the overalls of a small number of already well-endowed taxpayers. In other words, farm subsidies make $83 to $111 billion in land values for the 2.9 million farmland owners in the country. And over half of the Nation’s farmland is owned by a mere 124,000 property owners. However, the larger the farm, the larger the subsidy. Let me state that in another way: Farm subsidies enhance the value of the average farm by $120,000 to $440,000. When the farm pro-

grams began, 25 percent of the U.S. population lived on farms, and their annual income was less than half that of nonfarm households. Now less than 2 percent of the population lives on farms, and the average income of farm households is now greater than nonfarm households. While the family farm has so far evaded total extinction, the bulk of agricultural business is no longer the picture painted in American Gothic. Farm subsidies make $1.5 to $2 billion for farmland owners in my State of Colorado in enhanced farmland values. Prices in California are enhanced by up to $8.6 billion. Farmland owners in Illinois and Iowa made up to $7 billion, and in Texas up to $10 billion. In fact, in 7 of the 17 States represented on the House Agriculture Committee, farm subsidy payments from 1985 to 1994 represented more than a quarter of the total farmland value in those States. All due to Government action. If that weren’t enough, under the ‘‘swampbuster’’ provision of the 1985 farm bill, we already pay farmland owners not to farm on wetlands. Not plowing wetlands is a precondition to receiving farm subsidies. Farmers who receive subsidies and then want to be compensated for not being able to farm wetlands, are double dipping. If, under H.R. 925, we compensate farmers for limitations placed on their farmland by Federal regulation it will be the taxpayers, not the farmer’s cows that will be milked. The taxpayer has already paid an average of $10 billion a year into a program that makes farming more profitable, and as a result increases farmers’ property values. Now you’re asking the taxpayer to pay the farm owner again for a taking based on inflated land prices that the Federal Government created to benefit the farmer? The only taking going on will be the farmland owners taking their loot to the bank. Mr. CANADY of Florida. Mr. Chairman, I yield 3 minutes to the gentleman from Idaho [Mr. CRAPO]. Mr. CRAPO. Mr. Chairman, I appreciate the opportunity to address this important issue. People in America understand that our Constitution protects private property. It was one of the basic principles that our Founding Fathers knew must be protected if our Nation and the principles upon which our Nation was built were to survive. So they put into the Constitution a protection that when the government comes to take the property, the private property of a citizen, that it must compensate them. What they did not foresee was a regulatory bureaucracy of the kind that we have today that would figure out a new way to get around that protection. Instead of simply coming and taking the property, our Federal regulatory agencies have now developed numerous ways to simply regulate it in a way that gives the benefit to the State of what they need from the private property without actually taking it. We are seeing regulations grow rapidly that impact the ability of a person to use his or her own private property. In fact there is a joke that has been said that now the right of private property these days is the right to pay property taxes and to use that property

in the way that the State or the Federal Government tells you that you must use it. We certainly are not to that point yet, but we are moving to that point dramatically, and the purpose of this act is to reassert the important principle of private property rights protection. This act, as has been said, requires that when the Federal Government, through its agency action, regulates private property in a way that reduces its value, that then the Government must pay the private property owner for telling them they must use their private property or not use it in a way for the social benefit of the good of the country, and it must compensate for that private property right. I know today during the debate we are going to see an assault on this bill. That assault is going to take the form of those who would say that it is going to cost too much. Frankly, we have agencies today that do not look at the cost to the private sector, to the private property rights owners and, yes, this act is going to require them to look at it. But I am confident that creative people will figure out ways to accomplish the purposes of the agencies under the law without disregarding private property rights. And if it becomes absolutely necessary, that no other alternative can be found, then let us use the private property rights provision in this act to compensate for whatever may be done. There is also going to be a subtle but nevertheless an attack on the concept of private property, and some will be so bold as to say it is a dated, antiquated notion and we ought to proceed and let our society proceed to undercut the benefit of that principle. You will not hear that said so directly today, but you will hear many arguments like the ones just heard that suggest that we should pay for the benefits that are provided by government to people as well as the decreases in the values. We have to recognize today that the principle of private property rights was one of the key principles upon which this Nation was founded, and recognize it is critical, and I urge all Members in the Chamber to support it as we proceed. Mr. CONYERS. Mr. Chairman, how much time is remaining on this side? The

It creates, in effect, a new entitlement program that will surely drive up the deficit just as we are trying to do the opposite. That is why we had to have so many waivers of the budget bill to even get this measure up on the floor. It will require a whole new class of Federal officials to evaluate claims and will lead to much more bureaucracy, redtape, and litigations that will be borne by ordinary American taxpayers. In effect, H.R. 925 is a reverse Robin Hood. Ordinary Americans will end up paying to enrich wealthy speculators and the 65 million homeowners would lose because their tax dollars would go to pay off speculators or also their property values would fall because of reduced health, safety, and environmental protection that would otherwise go to their communities. The takings legislation is supported by the mining companies, the developers, the industrial polluters. It is opposed by 30 State attorneys general. Forty States have already rejected takings legislation and even 9 have gone as far as to adopt the assessment legislation proposed and similar to the Porter-Farr measure. Please, let us not be fooled by the biggest ripoff in the Contract With America. We do not need takings legislation that goes too far, as this does. Mr. Chairman, I reserve the balance of my time. Mr. CANADY of Florida. Mr. Chairman, I yield 1 minute to the gentlewoman from Washington [Mrs. SMITH]. Mrs. SMITH of Washington. Mr. Chairman, I think as we listen to the words today we have to listen very carefully, because we just heard that the takings legislation is a budget buster. Now let us think about that. If they believe there is that much taking of American people’s property that it is going to cost billions for the government to pay these property owners, we are basically standing here and saying that the government as we are standing is robbing the American people and violating the constitutional right to keep property, to own property which is unique in the United States. We are a people that can own property free from the government taking it from us, or we used to be. Now listen very carefully today. If they say that if we implement this bill it will cost billions of dollars, they have to also say very clearly that they are robbing the American people of billions of dollars every day and violating their constitutional rights. Mr. CONYERS. Mr. Chairman, I yield myself as much time as

I think that the attorneys general in the several States and the others who have joined in opposition to this bill are really more aware of the fact that this is going to hurt property owners rather than help them. Forty States have rejected takings legislation, 32 attorneys general have opposed it, and this measure is opposed with letters that have just come in from throughout the government. From the Environmental Protection Agency we have a statement in opposition. The Interior Department has weighed in. We have comments from others as well that we are going to make available to the Members as we come across them. The Department of Justice has now taken a position. So we know where the interests of the ordinary homeowners lie; they lie in opposition to this big ripoff for speculators, for polluters and for mining interests in America. Mr. Chairman, I reserve the balance of my time. Mr. CANADY of Florida. Mr. Chairman, I yield 1 minute to the gentleman from Texas [Mr. SMITH]. Mr. SMITH of Texas. Mr. Chairman, I appreciate the gentleman from Florida yielding time to me. Mr. Chairman, today is Texas Independence Day, a fitting occasion for us to consider the Private Property Protection Act of 1995. This bill stands for government accountability, freedom, and fairness, essential virtues for which our forebearers gave their lives. As we consider this bill, it’s worth remembering what this legislation does not do. It does not harm our ability to protect the environment. If someone thinks that preservation of the bald eagle, protection of the spotted owl, and conservation of certain wetlands are important, they ought to be important enough to pay for. What is not fair is to ride roughshod over certain people’s rights in order to obtain environmental benefits at zero cost. It’s not right to ask individual landowners who own the property where the golden cheeked warbler may wish to, for example, to shoulder the entire costs of protecting the bird. Private property rights are not about harming the environment. They are about fundamental fairness—asking the government to share the costs of public benefits. Mr. CONYERS. Mr. Chairman, I yield 2 minutes to the gentleman from Mississippi [Mr. TAYLOR]. Mr. TAYLOR of Mississippi. Mr. Chairman, I would like to engage the sponsor of the bill in a colloquy. I am particularly much aware of the Federal flood insurance program, since a good portion of my district was devastated during Hurricane Camille, after Hurricane Frederick. As the gentleman knows from the Federal flood insurance program, the government goes in and sets a minimum at which your house can be built, so many feet off the ground, so that the people of this country are not turning around and reim-

Finally, this bill has the potential to undermine an agency’s ability to carry out its statutory duties because it requires compensation from agency’s budgets rather than from the existing government maintained compensation fund. The bill does not mention limiting compensation if it would adversely affect an agency’s ability to carry out its duties. Instead, it would require an agency to shift funds from programs to pay unprecedented compensation claims. Claims against the Environmental Protection Agency could divert funds from efforts to protect air and water quality and clean up Superfund hazardous waste sites. Claims against the Department of Interior could reduce funding for our national parks and recreation areas. While the bill allows agencies to come to Congress for additional money, it is disingenuous to suggest that funds will be forthcoming as we are moving to slash Federal spending. Once again, these funding provisions demonstrate that this bill is a veiled attack on regulatory action of virtually any type. Agencies are being given the unmistakable signal that they will be penalized if they attempt to regulate land use. Mr. Chairmen. H.R. 925 is a massive new entitlement for a select few and will be paid for by ordinary Americans who will ultimately feel the effects of allowing landowners to fill wetlands or mine habitat of endangered species. Finally, H.R. 925 is a budget buster purely and simply. If we truly want to protect the American taxpayers, we should defeat this measure. Mr. FAZIO of California. Mr. Chairman, I am on record as being a strong supporter of private property rights. Private property rights are an integral part of the protections guaranteed to us all by the Constitution of the United States. Each of us in this Chamber can point to examples in our own districts where property rights have been stepped upon by overzealous governmental intrusions. There must be a change. As a strong supporter of property rights, it is ironic that this legislation has been so difficult to embrace enthusiastically. We can debate whether the American people know or care about the details of the Contract With America. In my view, those details are not permeating beyond the beltway. Setting that question aside, the sketchy nature of the contract is an advantage for proponents of the unamended bill because this bill is not the bill Republicans set forth in the Contract With America. Simply put, the bill, as brought to the floor, represents an extreme position, not the more reasonable position set forth in the Contract With America. The bill is more extreme than the bill introduced by the Senate majority leader. It’s more extreme than the position taken by Ronald Reagan in his 1988 Executive order. And, the bill is more extreme than the Contract With America in two fundamental ways. First, the bill requires the Federal Government to compensate owners of private property whenever a Federal agency’s action decreases the fair market value of their property by 10 percent or more. The Key here is the 10-percent figure. On the other hand, the Contract With America called for compensation when the property value was diminished by one-third, which is 33 percent. The 33-percent figure in the contract

was replaced with the 10 percent in the bill for purely political purposes. The Republican leadership wants to set the mark so low that reasonable people who support property rights will have to give serious consideration to the impact of the 10-percent threshold. Lowering the threshold to 10 percent flies in the face of two centuries of Supreme Court precedent. Both proponents and opponents of the bill agree that takings clause jurisprudence is too complicated and unclear. Nevertheless, the 10-percent threshold is not the answer. It was meant to force even the most staunch private property rights advocates like me to consider the crippling effect of the 10-percent rule. Mr. TAUZIN from Louisiana is without a doubt the most adamant supporter of private property rights in this body. As a Member of the majority and now the minority, Mr. TAUZIN is recognized by Members of both parties as the leading advocate for property rights. Yet, even Mr. TAUZIN thinks that the 10 percent threshold is too restrictive. Real reformers care more about giving small landowners regulatory relief than they care about political agendas. I want real improvement, not some purely symbolic act that is sure to die in the Senate. Second, the bill differs from the Contract With America in the scope of the laws affected. The bill applies to any Federal law, not just those where there has been abuse. In contrast, the Contract With America was limited to the wetlands provisions of the endangered species act, the clean water act, reclamation law, and the farm bill. Again, those of us who want real reform believe that we should focus on the laws that are the real source of the our constituents’ frustration. The bill’s shotgun approach misses the real target—the laws where abuse has occured. I am glad that this House considered and passed the Tauzin amendment. By passing the Tauzin amendment, this House sent a strong signal that we want real reform. As amended, the bill now requires the Federal Government to compensate owners of private property whenever a Federal agency’s action decreases the fair market value of their property by 50 percent or more. In addition, the Tauzin amendment limits the scope of the bill to the major laws that have been abused—the Endangered Species Act, the Clean Water Act, reclamation law, and the farm bill. My constituents have placed their trust in me to be their voice on these issues. This bill still needs more work. We will have an opportunity to make needed refinements if the Senate passes a similar version of this bill and brings it back to the House for conference. My vote here on the floor of the House of Representatives is a great honor and tremendous responsibility—one that I take very seriously. I am voting for final passage of H.R. 925 in support of the community leaders, farmers, small business owners, and individual citizens in my district who have expressed their frustration with regulatory burdens. Mr. MINETA. Mr. Chairman, I rise in strong opposition to the bill H.R. 925, the Private Property Protection Act of 1995. Mr. Chairman, I firmly believe that property rights is one of the most important constitutional guarantees we have as Americans. I am pleased to say that we currently have a bal-

the greatest liberties ever given to the free world. However, in recent years, private landowners have seen the Federal Government and radical ‘‘preservationist’’ groups infringing on private property rights protected by the Fifth Amendment. The Fifth Amendment of the U.S. Constitution provides in part that ‘‘no person shall be deprived of life, liberty or property without due process of law; nor shall private property be taken for public use, without just compensation.’’ Today, we continue to see a growing effort to make private property owners bear the burden and costs of government decisionsdecisions that are ostensibly made in the interest of the public at large, but reach beyond the protection of public health and safety and other appropriate, historically sanctioned purposes. Indeed, for too long, our private property protections have been eroded and our basic constitutional liberty—the protection of private property rights—has been undermined by a largely unelected, ivory-tower elitist class centered in Washington. Now, we have the opportunity to preserve our long-cherished liberties by supporting H.R. 925 and the Tauzin substitute.

The Supreme Court has recently shown outright support for private property right protections. Unfortunately, private land owners are still subject to harassment from elements of the Clinton administration. This very day, unelected government officials from the EPA and the Interior Department in particular, along with the Washington environmental lobby are pushing the ‘‘communitarian’’ approach to governing, making private property owners bear the burdens and costs of what are really subjective government land-use decisions. Mr. Chairman, plain and simply, private property rights are the foundation for all economic progress and this premise must be maintained. Farmers, ranchers, small businesses, and related enterprises must feel secure in the ability to retain the fruits of their labors—not further frustrated by being forced to grapple with further regulatory burdens. Protecting these liberties for generations of Missourians and Americans to come is my goal that we can help achieve through successful passage of H.R. 925. Mr. RICHARDSON. Mr. Chairman, as approved by a Judiciary Subcommittee last week, H.R. 925 would allow any landowner claiming as little as 10 percent diminishment in their property value as a result of a Federal Government regulation to sue the Government for damages. The Tauzin amendment is even worse. It maintains the 10 percent level and adds a new provision that would force the Federal Government to buy property from landowners if a regulation diminishes the value of the property by more than 50 percent. This blanket coverage in H.R. 925 will cost Federal, State and local governments billions of dollars in new taxes. American taxpayers just cannot afford this price tag. H.R. 925 is a prime example of government bloat—it is a bureaucrats’ job employment bill that jacks up costs, creates an even bigger government and increases red tape. In short, Mr. Chairman, it wields a meat cleaver when a scalpel would be more appropriate. This broad application of authority for landowners suits means that the Federal Government will be on the hook for billions of dollars in court fines from individuals who claim that any Federal regulation—even reasonable ones such as those that protect drinking water and clean air—has diminished the value of their property. And of course, the people who would bear the brunt of this financial foolishness are the same people who elected us: the American taxpayers. But passage of H.R. 925 will be a costly mistake for America for more than just budgetary reasons. Takings means more than red tape, big government and bloated bureaucracy. It could also cost us basic protections that safeguard public health, protect workplace safety and ensure the value of our homes and our families. For example, takings legislation could result in the weakening of Federal protections for safe drinking water, food inspection, and workplace safety standards, and would even affect local zoning regulations which protect the values of our homes and our property. H.R. 925 replaces the Federal policy of ‘‘the polluter pays’’ with ‘‘the people pay.’’ The American people pay.

This takings legislation would require the Federal Government to pay people not to pollute. For example, if a landowner decided to construct an incinerator on private property adjacent to a school or hospital and Federal regulations prohibited such construction, the Federal government could be forced to pay the landowner not to construct the incinerator because such a prohibition represented a diminishment of the value of his property. This takings bill is supported by big business, big developers and big industrial polluters who have said by their support of this legislation that taxpayers should be forced to pay them to follow basic health and safety laws. H.R. 925, does not explicitly limit compensation to property within the United States. It could require compensation for agency actions that affect property overseas. H.R. 925 is not explicitly limited to property owned by individual American citizens. This could mean that H.R. 925 would require payments to domestic or foreign corporations. Not average Americans, not the little guy, but big corporations that are not necessarily even in this country. H.R. 925 sets no limit on the amount to be paid for government limits on any individual property. This means that individuals could receive multiple compensation for different government actions on the same property. H.R. 925 is not a remedy for small landowners and average Americans, its an entitlement program for big businesses. Even if we add the Tauzin language to H.R. 925, and I don’t believe we should, this legislation would force the American taxpayer to sign a blank check that could bankrupt the U.S. Treasury. The Congressional Budget Office and the Congressional Research Service have both estimated the cost of payments due to government actions taken under the wetlands provisions of Section 404 of the Clean Water Act alone to be in the billions of dollars. H.R. 925 is a solution in search of a problem. It should be renamed the Bureaucrat and Attorney Full Employment Act. It represents an assault on the Treasury that our pocketbooks cannot afford, and an assault on basic health and safety standards that our people will not stand for. I urge a no vote on the Tauzin amendment and a no vote on this ill-advised sham reform legislation. Mr. PACKARD. Mr. Chairman, for the past 40 years big government has ridden roughshod over our private property rights. The American people suffer the consequences as overzealous Federal bureaucrats administer costly, outdated regulations. Our Republican Contract With America works to restore our Founding Fathers’ conviction that Government act to protect our rights—not to violate them. Ownership of private property lies at the heart of the human experience. Burdensome and costly regulations assault private property rights. Government intrusion devalues land and infringes upon the fundamental right of private citizens to own land. Our Republican regulatory reforms work to compensate landowners when they are denied the reasonable use of their land by overreaching Federal regulations. The Private Property Protection Act, H.R. 925, allows property owners to seek compensation when a Federal regulatory action has reduced the fair market

value of their property by 10 percent or more. This bill provides property owners with a more direct means of guaranteeing the constitutional right to compensation for property takings. Private property owners have paid the tab for onerous Government regulations for too long. The regulatory burden will continue to rise if we do not act now. The Private Property Protection Act establishes a clear pay back procedure. It forces Federal agencies to prioritize their needs and makes them accountable to the needs of private property owners. Mr. Chairman, the Private Property Protection Act ensures that landowner rights will be protected, not abrogated by Federal agencies. The new Republican-controlled Congress continues to work for a smaller, less costly, and less intrusive Government. The CHAIRMAN. All time for general debate has expired. Pursuant to the rule, the committee

This Act may be cited as the ‘‘Private Property Protection Act of 1995’’.

For the purposes of this Act(1) the term ‘‘property’’ means land and includes the right to use or receive water; (2) a use of property is limited by an agency action if a particular legal right to use that property no longer exists because of the action; (3) the term ‘‘agency action’’ has the meaning given that term in section 551 of title 5, United States Code, but also includes the making of a grant to a public authority conditioned upon an action by the recipient that would constitute a limitation if done directly by the agency; (4) the term ‘‘agency’’ has the meaning given that term in section 551 of title 5, United States Code; (5) the term ‘‘State’’ includes the District of Columbia, Puerto Rico, and any other territory or possession of the Untied States; and (6) the term ‘‘law of the State’’ includes the law of a political subdivision of a State. The CHAIRMAN. The bill will be considered for amendment under the 5-

This Act may be cited as the ‘‘Private Property Protection Act of 1995’’.

For the purposes of this Act(1) the term ‘‘property’’ means land and includes the right to use or receive water; (2) a use of property is limited by an agency action if a particular legal right to use that property no longer exists because of the action; (3) the term ‘‘agency action’’ has the meaning given that term in section 551 of title 5, United States Code, but also includes the making of a grant to a public authority conditioned upon an action by the recipient that would constitute a limitation if done directly by the agency; (4) the term ‘‘agency’’ has the meaning given that term in section 551 of title 5, United States Code; (5) the term ‘‘State’’ includes the District of Columbia, Puerto Rico, and any other territory or possession of the United States; and (6) the term ‘‘law of the State’’ includes the law of a political subdivision of a State. Mr. CANADY of Florida. Mr. Chairman, I rise in support of my amendment in the nature of a substitute to

ment. That section states unequivocally that ‘‘any obligation of the United States to make any payment under this Act shall be subject to the availability of appropriations.’’ The payment provision is vital to the legislation because it will force agencies to recognize that when they limit the use of an owner’s property, there are economic consequences. Agencies will have to weigh the benefits and costs of their actions carefully—paying close attention to the impact of those actions on individuals and the general public. Agencies also will be more accountable to Congress, and therefore, will be more likely to carry out the true intent of the statutes they are charged with enforcing—rather than continually extending their bureaucratic reach. The amendment also contains a provision which explicitly provides that nothing in the act ‘‘shall be construed to limit any right to compensation that exists under the Compensation or under other laws of the United States.’’ This makes abundantly clear that bill will not supplant remedies that are currently available to landowners. Mr. TAUZIN will offer an amendment to my substitute amendment. Most importantly, Mr. TAUZIN’s amendment will limit the scope of the bill to actions carried out under specified regulatory programs—namely, the Endangered Species Act, wetlands protection provisions, and particular programs that affect the right to use water. Together, my amendment and Mr. TAUZIN’s amendment form a bipartisan compromise on the Private Property Protection Act. The compromise places the threshold diminution in property value required for compensation at 10 percent of the portion of property affected, but also allows a property owner to force the Federal Government to buy the portion of property affected outright if that portion’s value is diminished by 50 percent or more. Members on both sides of the aisle who are committed to the protection of property rights support the compromise legislation. It provides a workable way to ensure that property owners receive compensation when federal regulation causes a significant reduction in the market value of the owner’s property. I urge my colleagues to support my substitute amendment. Mr. Chairman, I believe this is longoverdue legislation. This legislation is being brought to this floor now after many years, after languishing in this Congress without so much as a hearing in the Committee on the Judiciary. We are moving on this because this is important to the people of America. It is important to vindicating individual rights, and I would urge my colleagues to support my substitute amendment as well as the Tauzin amendment as we move forward with consideration of this legislation.

At the end of section 8, insert the following: (b) EFFECT OF PAYMENT.—Payment of compensation under this Act (other than when the property is bought by the Federal Government at the option of the owner) shall not confer any rights on the Federal Government other than the limitation on use resulting from the agency action. In section 9, after paragraph (4) insert the following: (5) the term ‘‘specified regulatory law’’ means(A) section 404 of the Federal Water Pollution Control Act (33 U.S.C. 1344); (B) the Endangered Species Act of 1979 (16 U.S.C. 1531 et seq.); (C) title XIII of the Food Security Act of 1985 (16 U.S.C. 3821 et seq.); or (D) with respect to an owner’s right to use or receive water only(i) the Act of June 17, 1902, and all Acts amendatory thereof or supplementary thereto, popularly called the ‘‘Reclamation Acts’’ (43 U.S.C. 371 et seq.); (ii) the Federal Land Policy Management Act (43 U.S.C. 1701 et seq.); or (iii) section 6 of the Forest and Rangeland Renewable Resources Planning Act of 1974

sion of the private property rights bill that I and many other Democrats in joining with my great friend, the gentleman from Texas [Mr. FIELDS], and many Republican colleagues have been fostering for many years now as a bill to be brought to the floor of this House. It is extreme because it covers all Federal agency regulations, and it is written in, I think, an unworkable fashion. I am pleased to join with the gentleman from Florida [Mr. CANADY] today in announcing that we have resolved our differences of opinion with regard to the bill reported by Judiciary, that the amendment I now offer will do several very important things. First of all, it will limit the scope of the bill. It will no longer cover all Federal regulatory actions that may amount to takings. It will now cover only those Federal regulatory actions undertaken pursuant to two, and actually three, if you consider water rights a separate issue, three kinds of regulatory takings. The two are the two that we have been discussing for many years, endangered-species takings, a proposition this House debated on the Desert Protection Act, and overwhelmingly said they wanted to ensure that property owners were fully compensated when endangered-species regulations took away the value of their property. And, second, the wetlands regulations under either the 404 Corps of Engineers Clean Water Act regulations or the wetlands regulations under the sodbuster provisions of the Food Security Act. And, last, the bill, the amendment, will focus the bill on the last area of takings covered by the bill, which will be takings of water rights. It is important to note that water out west is as important, in fact, much more important a property right than land is out east, and that this bill recognizes that and makes clear that Federal regulatory actions which diminish the value and take a person’s water rights away are considered a taking which can be indeed, arbitrated and compensated under this bill. It is important to note with this

the bill to the two general areas that the bill has generally focused on for many years, wetlands takings and endangered-species takings as they affect land and water.

Second, the bill does a very important thing. It says that under the Republican version of the bill this year that we have agreed upon, when a compensation is made for only a partial taking, 10 percent or more of the value of the affected land or the water right, when a compensation is made for a partial taking, the government does not become a co-owner with the property owner in that proceeding. government simply rights which are guaranteed under the

statutes that created the regulatory authority to insist that the owner not use land in the ways that, indeed, amounted to the taking of that value of the property. The third change we make is another very important one. I call my colleagues’ attention to it, particularly those who have been concerned about the bill’s original overreach. It clearly says that even though you may have a wetland, even though you may have a piece of property that is affected by Endangered Species Act, if under State law you cannot already use that property because under State law or city or local zoning laws you cannot, or because it is declared a nuisance under State law, then you will not be entitled to compensation for that which you could not do anyhow under legitimate zoning or nuisance authority. Finally, the amendment will provide that when the diminution of value reaches that magical point of 50 percent or more, when the government owns more of your property than you do, when the government has more than 50 percent devalued the property you own, has told you that you cannot use it so much that the government now owns more of a right in that property than you own, when it reaches that point, as we had in our original bill, the owner will have the option to say to the government, ‘‘All right, you got me, you have taken my property. Compensate me. Here is the title.’’ Mr. FRANK of Massachusetts. Mr. Chairman, I move to strike the last word. Mr. Chairman, I am rising in opposition to the amendment, but I want to engage the gentleman from Louisiana [Mr. TAUZIN] in a discussion because I think he overstated what the bill will look like if his amendment is adopted, and understated its effect. Hr said, ‘‘I believe that if something is prohibited by State law, it would not be compensable.’’ But that is what the underlying bill says. His amendment would restrict that. His amendment would say that if it is restricted as a nuisance under State law, it would not be compensable but anything else restricted by State law would be compensable. Mr. TAUZIN. Mr. Chairman, will the gentleman yield? Mr. FRANK of Massachusetts. I yield to the gentleman from Louisiana. Mr. TAUZIN. I thank the gentleman for yielding. The problem is that under the original bill reported by the Committee on the Judiciary, the committee reported a bill that covered all Federal regulations, and the Committee on the Judiciary also contained an exception saying that, as to all these Federal regulations, there had to be an exception for State laws that also regulated in those areas. Since we have toned the bill down, if you will, focused it on wetlands and Endangered Species Act taking, the courts have said that in these

wetlands and endangered species taking areas, the exception is—to compensation—is nuisance or zoning laws. That is the court’s interpretation. That is what this amendment does. Mr. FRANK of Massachusetts. I take back my time to say that the gentleman clearly finds the court’s interpretation is inadequate because this bill goes beyond the courts. The gentleman is entitled to do that. But having decided it is way beyond what the courts have said, you cannot come back and say, ‘‘Oh, but this policy, we didn’t do it, we are just carrying out what courts did.’’ But the fact is, and the gentleman has confirmed what I said, under the bill as it was reported out of the committee, the Committee on the Judiciary, in these areas, the compensation is denied if anything is illegal under State law. If the gentleman’s amendment is adopted, things that are illegal under State law could still be the basis for compensation unless they were illegal as nuisances. So if the State has outlawed something for reasons other than it is defined as a nuisance, it is entitled to compensation. By State law now. And it is very clear, and the law says on page 2, the underlying text of the bill, ‘‘No compensation shall be made under this act if the use limited by the Federal agency action is proscribed under the law of the State.’’ The gentleman’s

would strike that. It would leave in the part that says, ‘‘If the use is a nuisance as defined by the law of the State.’’ So to there is a clear narrowing here of that exemption. Mr. TAUZIN. I thank the gentleman. Again let me try to explain: The original bill also was broader, the exception was broader under the original bill because the original bill was broader. The original bill covered every Federal regulation. Let me make one point if I can. Mr. FRANK of Massachusetts. On this point. Mr. TAUZIN. On this point. Mr. FRANK of Massachusetts. But would the gentleman agree that this, in fact, narrows the exception? Mr. TAUZIN. Yes, it narrows it as the bill narrows the focus—Mr. FRANK of Massachusetts. No. I take my time back to say this. That is simply inaccurate, for this reason: The original bill did not say if it is against the law in all these other areas and if it is a nuisance in the wetland and environmental area. What the gentleman has done is to narrow the scope of the law as it applies to the areas which would still apply because without that language, without that language, any State law violation would lead to no compensation even if it was under the Federal Wetland Act or Federal Endangered Species Act. Under the gentleman’s language, if you are proceeding under the Wetlands or Endangered Species or the agricultural subsidy program, anything that

violated State law would not defeat the claim for compensation unless it was a State law that defines it as a nuisance. Mr. TAUZIN. Will the gentleman yield further? Mr. FRANK of Massachusetts. Yes. Mr. TAUZIN. The problem is, if we do not straighten out this language as we straighten out the bill’s focus, if I can make the point, Federal regulatory law in wetlands and endangered species areas can be and is, in fact, duplicated on the State level, in many cases. It is duplicated, in many cases, because some States carry out the Federal policy. The point is, if under the court decisions you are only losing your right to use the property as a result of these wetlands and endangered species regulations, it should not matter that the State has duplicated those regulations. You ought to still be entitled to compensation. Mr. FRANK of Massachusetts. Reclaiming my time, the gentleman’s explanation is a very interesting one, and someday I will figure out what point he was explaining because it is not the issue I raised. The issue I raised is this: It says in the underlying bill with regard to wetlands and endangered species, if it violates State law, you do not get compensation, and the gentleman changes that. The gentleman’s amendment says if it violates State law under the guise of a nuisance, you do not get compensation, but any other violation of State law will not defeat the claim for compensation. Mr. TAUZIN. Will the gentleman—Mr. FRANK of Massachusetts. No. I think we have made that clear enough. The gentleman has acknowledged that. He can discuss later and defend it later. But I think the point is clear. The other problem I have with the

during this contract period, because we are talking about a basic constitutional right that was not only envisioned by our forefathers but written into the Constitution. I compliment my friend from Louisiana, and I also compliment our friend from Florida, Mr. CANADY, for his work because what he pointed out earlier was exactly the truth, that until there was this new majority, we did not have an opportunity to bring this type of legislation to the floor for debate. So I am thankful we have the opportunity today to discuss issues that are extremely important. I also point out, Mr. Chairman, there is a letter from the leadership, the Republican leadership, dated today, addressed to all our colleagues, saying, ‘‘We are writing to express our support for the Tauzin-amended Canady substitute.’’ That is signed by all the leaders. Mr. Chairman, you can talk about a lot of things in this particular debate, and sometimes you can lose, with the clouds and the smoke that are thrown up by those who do not want to see change in the private property rights area. So I think it is instructive to look specifically at some of the cases. Last night, after I addressed the House on the floor, I got a fax from Ms. Nan Robbins, in Paris, TN, not one of my constituents. But Ms. Robbins says, ‘‘Thank you for your support of the Private Property Protection Act. I watched CSPAN tonight with some encouragement. I am a victim of the 404 Clean Water horror story. I wish I could tell all of my story to the entire Congress. I did send a letter to Billy Tauzin. Again, thank you for your support of the small, low- and middle-class people who cannot spend big bucks fighting government.’’ Well, the story of Ms. Robbins is one that the entire House needs to know. Here is a lady and her husband who owned 39 acres within the city jurisdiction of Paris, TN. They sold their property. They were told by the city officials there in Paris that they had to go and get a permit from Corps of Engineers. The Corps came out and walked the property with Mrs. Robbins—her husband is disabled and could not accompany them—and that bureaucrat said that they had wetlands. Now, this is after property around Ms. Robbins had been filled. Now, that statement was made last March. To this particular time, Ms. Robbins has yet to get her permit. The sale of her property has been stopped. I hold out to the entire House, Mr. Chairman, this is the type of abuse that we are trying to stop with what I think is good commonsense legislation. Again I want to applaud the gentleman from Louisiana for what he has been able to do in working with those of us on this side of the aisle who have an interest. I would ask the question: Are we returning with this legislation to what

our forefathers originally intended, and that is the protection of private property rights and the enjoyment of the same, with this legislation? The answer is: Absolutely. The question is: Are we gutting major laws, such as the Endangered Species and Clean Water? The answer is: Absolutely not. What we are doing through this legislation is forcing bureaucrats to make proper decisions. We are forcing cooperation and consultation with that private property owner. Again I want to applaud the gentleman from Louisiana and applaud the gentleman from Florida for their efforts. Mr. TAUZIN. Mr. Chairman, will the gentleman yield? Mr. FIELDS of Texas. I yield to the gentleman from Louisiana. Mr. TAUZIN. I thank the gentleman for yielding. In the little time the gentleman has left, I want to say a word about JACK FIELDS. He has been the principal cosponsor of this bill for many years. He was chiefly responsible for getting over 150 Members to sign a discharge petition on this effort last year. JACK, all of the country, all of the property owners of America who are looking forward to this day, deeply appreciate the gentleman’s great work. Mr. FIELDS of Texas. I appreciate the comments of the gentleman from Louisiana.

Mr. WATT of North Carolina. Mr. Chairman, I move to strike the requisite number of words. Mr. Chairman, it may come as a surprise to Members of this body, but I really had contemplated whether to support this bill. I thought that we were engaged in a populist effort to get to a point where we were compensating the American people for the diminution in value of their property that the Federal Government was causing by laws and regulations. That is where the bill starts. That is where Mr. CANADY’s substitute starts. I thought I was going to be able to come with a straight face and consider, do I support this, and consider the possibility of voting for this bill. Now I come with the gentleman from Louisiana, Mr. TAUZIN’s amendment, and we get to what this bill is really all about. It is not about compensating Americans whose value to their property has been diminished. It is about doing away with legislation and regulations that my colleagues in this body do not like, because it seems to me that we have now sold out if we adopt this amendment offered by the gentleman from Louisiana [Mr. TAUZIN], the whole underlying purpose of the bill, to compensate the American people for agency actions and regulations that diminish the value of their property. Look, America, at what is happening. This amendment will only deal with the Clean Water Act and the Endangered Species Act. That is all they are

trying to do, is undercut these regulations under these laws. So when you hear Members on this floor talk about is this a budget buster, it is not about busting the budget if you amend the bill as has been proposed. It is about forcing the agencies that enforce these two specific pieces of legislation, forcing them not to promulgate any regulations that will effectuate those laws. Mr. Chairman, I would say to my colleagues I do not know how we can start with one purpose, which is a healthy, genuine purpose, to compensate the American people, and sell out the whole idea to wipe out two pieces of legislation, the Endangered Species Act and the Clean Water Act, and then go back and tell the American people ‘‘We were up there fighting for you.’’ If you believe in compensating the American people for diminution in their values, then you believe in compensating them regardless of whether it is done by the Clean Water Act or the Endangered Species Act or any other act that we pass in this body So we have come to the point where we fleshed this thing out, we brought it out in the open now. At least we know what this bill is all about. It is our political opportunity to do away with these two pieces of legislation. And we are so gutless in this body that we will not, even with the new majority having the votes, they say, they will not bring these bills up and deal with them directly. They will say, ‘‘Oh no, it is not us. It is some agency over there across Washington that we are beating up on. It is the agency over there.’’ Understand, Members of this body, that no agency has written any regulations that are not pursuant to a piece of legislation. The CHAIRMAN. The time of the gentleman from North Carolina [Mr. WATT] has expired. (By unanimous consent, Mr. WATT of North Carolina was allowed to proceed for 2 additional minutes.) Mr. WATT of North Carolina. Mr. Chairman, I do not know of any agency in the Federal Government that is over there writing regulations, unless they are writing those regulations pursuant to statutes that we passed in this body. And if we do not like the regulations that they write pursuant to our statutes, then we ought to change the statutes. We ought to have the guts to stand up and say ‘‘We do not like the Clean Water Act, we do not like the Endangered Species Act, and we are going to do away with them,’’ rather than coming and telling the American people that somebody else over there on the other side of town has done something that we do not like, even though they are acting pursuant to the authority that we gave them. This is the ultimate opportunity, political opportunity, to pass the buck and beat up on some Federal agency that is doing exactly what we authorized them to do, and we ought to reject

to the substitute that limits the scope of this legislation to a few specific regulatory laws. The Framers of our Nation clearly recognized the need for protection of property rights as they laid out the foundation for American democracy. Furthermore, they understood vital relationship between private property rights, individual rights, and economic liberty. Despite this, the rights of property owners have been progressively eroded away by actions of our Federal Government. The most notable examples of the takings of landowner property values can be exemplified through restrictions imposed by its endangered species and wetlands regulations, which this

Under this amendment, the measures of compensation would apply only in cases involving restrictions on property imposed by Federal agency regulations contained in the clean water wetlands permitting program, the Endangered Species Act, swampbuster and sodbuster provisions, and the rights to receive and use water under the reclamation acts, Federal Land Policy and Land Management Act, and Forest and Rangeland Renewable Resources Planning Act. Furthermore, this amendment is necessary because the courts are crying out for Congress to clarify this area of law. As Chief Judge Loren Smith of the Court of Federal Claims has stated in the case of Bowles versus the United States last year, ‘‘There must be a better way to balance the legitimate public goals with fundamental individual rights.

erty is taken away for the public good, then those people should be compensated. But there is another side to the story that I do not think is entering the picture enough here this morning, and that is the value of certain Government regulations in the Endangered Species Act to protect biodiversity, and the value and the function of wetlands as far as a filtration tool holding on to problems so there are not floods. I would not stand here and say there have not been problems with these two regulations. There are real horror stories that have to be corrected, especially in the West, whether it is a grizzly bear that ate somebody’s sheep and person was not compensated, whether it was a flood because they found an insect in the ditch and did not let anybody clear the ditch and the flood caused damage to people’s homes, or wetlands, there are horror stories. But I do not think we should change the fundamental dynamics of the fifth

going to be hearing about horror stories all day. As the gentleman is pointing out, this bill is not aimed at correcting horror stories. This bill affects those programs where they work exactly as they are supposed to. That is the central point. It is not the horror stories that are under attack here, it is the workings of these statutes exactly as they are being affected that is at point here. Mr. GILCHREST. Mr. Chairman, reclaiming my time, I want to give some concrete examples of what these particular regulations, what the Endangered Species Act, for example, can do for us, some concrete examples to give you some understanding of the value of natural resources and why they should not become extinct. According to Dr. Susan Mazer, who is a scientist in California: No scientist would have predicted, prior to their analysis in the laboratory, that the Pacific yew tree would prove an effective remedy for cancer, that the periwinkle would be a potent remedy for Hodgkin’s disease and leukemia, that yams would be the source of oral contraceptives, or that bacteria from deep sea thermal vents would lead to the discovery of DNA fingerprinting, a critical source of evidence in forensic criminology. In the case of the rosy periwinkle, a road side weed (we laughed at the snail darter) parents of children with leukemia do not laugh at the road side weed, children have an 80-percent chance of being cured or have long term remission as a result of the medicine extracted from this plant. It is also important to note that the agent in the plant that cures the disease cannot be synthesized so we need to continue to have a healthy supply of the plant. Other plant sources have been used for drugs which control tissue inflammation, Parkinson’s disease, antidepressants, antibiotics, as well as other life-saving, anti-cancer agents. Cyclosporin is a complex molecule discovered in an obscure fungus, a powerful immunosuppressive agent, it is the basis of the organ transplant industry today. Doctor E.O. Wilson commented in a paper recently published: Many disease organisms, such as a malaria parasite and staphylococcus bacteria, are acquiring genetic immunity against conventional therapeutic agents, and new antibiotics must now be sought elsewhere, most likely in little known species of plant, fungi, and insects if we do not extinguish them first.

Dr. Elliot Norse, a chief scientist for the Center for Marine Conservation, reminds us that when an astronaut goes into space, that astronaut has to carry with him a life support system in the cold void of that infinity. Planet earth is in that cold void of infinity. And unless we protect those resources which sustain life for us, then the quality of our life overall is going to be degraded. This is not the right forum to correct the problems in the Endangered Species Act or the wetlands. Those things can be done in committee. I urge a ‘‘no’’ vote on the amend-

am more comfortable with. For those of you that, and I do not want them to take this the wrong way, because I am from Minnesota, a State that is controlled by the Democratic Party, and we have takings legislation in front of our legislature right now. I would just like to point out, we have the majority leader of the senate, the speaker of the house, some of the more liberal members of the Minnesota Legislature. And they have a measure I would like to read to my colleagues here. It says that property owners can bring an action against the State for loss of value of 5 percent or more of their property or $1,000. And if the reduction is that amount, it requires the State to purchase the entire property at its fair market value. So you can see that we have in Minnesota something going on, if you want to call it extreme, it is more extreme than what we are talking about here in this legislation. Mr. Chairman, we are not against wetlands. I am someone who has had a long history in conservation. I support wetlands legislation. The problem is, we have a system that is kind of run amok, that has too much power, in my opinion, on the side of the Government, that has left ordinary folks in a position to have to hire lawyers and go through the court process to protect their private property rights, which is something that we ought not to be doing in this country. What we are doing here is bringing this back to the areas where the problems are. And that is, with the Clean Water Act 404 permit area, the wetlands area, the farm bill and the Endangered Species Act and the water rights issues out in the West. I think that this amendment, although if I had a chance to write this the way that I would do it, it would not be exactly the way this amendment is put together, but I think that we can live with this. I think that it will be workable, and it will give us a chance to get started to change the way that

we deal with what is happening out there in terms of putting these regulations on private property. Mr. VOLKMER. Mr. Chairman, will the gentleman yield? Mr. PETERSON of Minnesota. I yield to the gentleman from Missouri. Mr. VOLKMER. Mr. Chairman, I wish to join with the gentleman from Minnesota, the gentleman from Texas, who spoke earlier and others, in very strong support of this amendment. This is one time when I have to leave my other friends within the Democratic Party, because of instances like the gentleman says, it has been alluded to here, there have been too many abuses. Some people have said, why do not you just correct the basic law? I do not think that is going to solve the problem because the problem is basically, the way I see it is, is that the people that are actually making the regulations in this instance do not have what I call common sense. I have got farmers out there in farmland that have less than an acre plot that have been designated as wetlands, swamp lands. The only time it gets wet in that field is when it rains and then it drains off or when there is snow melts and then it drains off. We have not seen any ducks on this land. We have not seen any waterfowl on that land for I do not know how long, ever. And in another instance, I see that the gentleman from Massachusetts is over on this side. Another thing that concerned me, back when we were working as chairman of the forestry subcommittee and agriculture, we were working on the Northwest and the problems of the Northwest having to do with the spotted owl, what became apparent to me was that as that spotted owl left the Federal jurisdictions and went over to a private forest, that private forest had an endangered species in it. And the value of that forest was, before it may have been a life savings for somebody, just went down. And that person lost their whole livelihood as a result of that endangered species flying over there and making a nest in that area, at least potential. The value of the property, at least we had testimony on it from some of the property owners out there, diminished. The CHAIRMAN. The time of the gentleman from Minnesota [Mr. PETERSON] has expired. (By unanimous consent, Mr. PETERSON of Minnesota was allowed to proceed for 2 additional minutes.) Mr. VOLKMER. Mr. Chairman, if the gentleman will continue to yield, what concerned me is that basically what we have seen taking place is that people who have worked hard to have this property are now seeing it diminished in value or almost taken completely, not quite taken, so it is not actually a taking in the sense of the amendment, due process and all that, as far as the court is concerned. But they have lost a hunk of their money and they are

hard-working taxpayers and it should not be right. I agree with the gentleman, we need wetlands. We have wetlands. We have them all up and down the Mississippi. We have plenty of ducks, and we have got waterfowl. We have got goose hunting places in the State of Missouri, in the district of the gentlewoman from Missouri [Ms. DANNER]. We have plenty of room for that. So we support that. Mr. TAUZIN. Mr. Chairman, will the gentleman yield? Mr. PETERSON of Minnesota. I yield to the gentleman from Louisiana. Mr. TAUZIN. Mr. Chairman, I thank the gentleman for his comments and point out, the courts have said that a partial taking of your property is a taking under the Constitution. The court in Florida Rock, for example, said nothing in the language of the fifth amendment compels this court to find a taking only when the Government divests the total ownership of the property. It says the fifth amendment prohibits the uncompensated taking of private property without reference to the owner’s remaining property interest, and it cited an example. Indeed, if the Government took only 5 acres and left the property owner with 95, there would be no question that the owner was entitled to compensation for the parcels taken, plus even severance damages attributable to the remaining tract. The gentleman is right, partial takings should be compensable. Mr. PETERSON of Minnesota. Reclaiming my time, I would like to close by saying that we have got some problems with the wetlands act. I ask everybody to work with us to try to get at some of these issues like the type one wetlands that the gentleman from Missouri was talking about. But this legislation is something that has been needed for a long time. I, again, commend the gentleman from Louisiana [Mr. TAUZIN], the gentleman from California [Mr. CONDIT], the gentleman from Texas [Mr. LAUGHLIN], and all the others that have been working on this for many years. I ask support for this

sure that they pay for their own retirement. They pay for their own children’s college, and they take care of themselves like good Americans do. The problem is, right now, with the Endangered Species Act, is that an owl can land. The owl gets thousands and thousands of acres of buffers around where the owl landed, and there seems to be no reasonableness to the law that says these folks just cannot use their land. The owl gets the land. They get nothing. And they are left with no recourse. The important thing about this is it focuses at least on those people. It does not overturn the State laws. It does not overturn local land use laws. But it does say that if we are going to allow the Endangered Species Act to take these people’s property, and we are not talking about big, wealthy folks, we are talking about my neighbors, that they have to think about it and compensate them. The other interesting thing in our State, we found out that the owl is a critter that is growing or was quite prolific to begin with. They now know there are twice as many owls as they thought there might have been to begin with, when they decided to allow the owl to be an issue in licking up our forests. So what this amendment does is it brings some reasonableness back in. I commend the gentleman for this

Mr. CANADY. Let me say this, I think that is a situation we really would not see arising. Mr. DEFAZIO. I am going to get to an actual example, if I could. One other example, and then I will explain. This is a little off track, so bide me here. I am curious, does the gentleman support the constitutional amendment to ban the desecration of the American flag? Mr. CANADY. If the gentleman will continue to yield, I do not believe we should protect the desecration of the flag. Mr. DEFAZIO. There is an amendment pending to ban the desecration. Does the gentleman support that? Mr. CANADY. Yes. Mr. DEFAZIO. Reclaiming my time, Mr. Chairman, I want to go to an actual example, the bald eagle, one of the few successes we can point to under the Endangered Species Act. The requirements in my part of the country were practical and simple. You had to leave one tree. You had to leave the nest tree. You could have 100 acres of land, but you had to leave one tree to recover the bald eagle. It has now recovered. That is a live and living symbol of the United States of America. I think it was worth saving the bald eagle. The gentleman wants to save the textile symbol of the United States from desecration. That is the American flag. I want to save a living symbol, and that is the bald eagle. Under this legislation, we would have had to compensate every single person who saved one tree, one tree. Is that too much to ask? I do not believe that is an unwarranted intrusion. Ten percent is an absurd threshold. Ten percent of any portion of your land, that is 1 tree out of 10, you get compensated. That is not right. This is something that is taking the relief that is needed too far to hamstring and follow another agenda. This is the big developers’ agenda. This is not going to help the little people of my district who have been having problems with the Federal Government. This is going to take the developer who has a 10,000-acre development and is required to leave a little riparian strip, which in my State we have all agreed to do, but if he is required to do that under Federal aegis, it will be compensable action, even if the State law would have required and the Federal law would have required it. Mr. Chairman, let me talk about the realities of appraisals. How do we get to 10 percent? We hire an appraiser. I tried to purchase a piece of property in my district with a willing seller. I got an appropriation to do it. The willing seller came up with an appraisal of $2.2 million.

The Forest Service, the purchasing agent, came up with a price of $750. They were at loggerheads. Even though I could have saved this, I had an appropriation, I could not get an agreement. I said ‘‘How about we agree that the Forest Service and the owner choose another appraiser, and they will do that.’’ They did that. Now we got a third appraisal. Do Members know what it was? $1.5 million. I had the owner with an appraiser at $2.2 million, I got the Forest Service with an appraiser at $600,000, and then we got the neutral appraiser at $1.5 million. How are we going to say, under this bill, 10 percent variance in the value is compensable? All you have to do is hire two appraisers and the Federal Government has done nothing, and you are going to find a 10- or 20- or 30-percent variation. Therefore, I could just say because the Federal Government exists that I am compensated, because I have two appraisers that say ‘‘Well, the Clean Air Act,’’ no, that is not right, we have eliminated it from the Clean Air Act, but any other acts covered here make this a compensable action. This goes too far. What this situation cries out for is reauthorization of the Clean Air Act, a reauthorization of the Endangered Species Act, with needed reforms and amendments. It requires a rifle shot, not a 10-gauge shotgun filled with 00 buck. That is what we are doing here, blowing a hole through these laws so we will not even be able to save the bald eagle next time it is endangered, or some other bird. That I think is a worthy thing. If we are going to save that symbol, let us save a living symbol. Mr. HAYWORTH. Mr. Chairman, I move to strike the requisite number of words. Mr. Chairman, I yield to the gentleman from Texas [Mr. FIELDS]. Mr. FIELDS of Texas. Mr. Speaker, the eagles must be different in the Northwest than they are in Texas, because I have had two specific examples with abandoned nests. We are not even sure that the nests that were abandoned were eagles’ nests. In the one example I used last night, a road was stopped. Finally, the property owners had to mitigate by putting in an easement in perpetuity 4 acres, not just one tree. The second specific example, across the lake an abandoned eagle’s nest, so people were told, stopped the cutting of 100,000 dollars’ worth of timber. Nobody was able to prove that an eagle was there. Someone said it was an abandoned eagle’s nest; 100,000 dollars’ worth of timber. That is not one tree. I appreciate the gentleman yielding to me. Mr. TAUZIN. Mr. Chairman, will the gentleman yield? Mr. HAYWORTH. I yield to the gentleman from Louisiana, on the other side of the aisle. Mr. TAUZIN. Mr. Chairman, we need to correct the RECORD whenever we hear misstatements. The fact of the

matter is the eagle was saved not under the Endangered Species Act, it was saved under FIFRA, Federal Insecticide and Rodenticide Act, which banned DDT. That is what saved the eagle, No. 1. No. 2, the gentleman who spoke and said this bill is aimed at the the Government because the Government is there, whether it does something to your property or not, is absolutely wrong. This bill does not trigger compensation until the Government agency acts to regulate someone’s property and diminishes the use of that property. Then the action is triggered. Then you go to an assessment of whether or not it has lost 10 percent or more value. Finally, Mr. Chairman, let me refer back to what the court said here on partial takings. The courts have held that even relatively minor physical occupations are compensable, and it said that logically the amount of just compensation should be proportional to the value of the inherent interest taken as compared to the total property, but partial takings are compensable. I thank the gentleman for yielding. Mr. HAYWORTH. Mr. Chairman, I thank the gentleman and the author of the amendment from the great State of Louisiana. The CHAIRMAN. The time of the gentleman from Arizona [Mr. HAYWORTH] has expired. (By unanimous consent, Mr. HAYWORTH was allowed to proceed for 3 additional minutes.) Mr. HAYWORTH. Mr. Chairman, before leading the Continental Army into the Battle of Long Island in 1776, Gen. George Washington told his troops: The time is now near at hand which must probably determine whether Americans are to be freemen or slaves; whether they are to have any property that they can call their own; whether their houses and their farms are to be pillaged and destroyed * * * Two hundred and eighteen years later, Americans are again fighting for the right to have property they can call their own. Their enemy? Ironically, the same Government originally created to give people the freedom to own property.

Instead, landowners receive nasty grams from the likes of the Fish and Wildlife Service or the Environmental Protection Agency informing them that they own Mexican spotted owl habitat, and if they use it they could go to jail. When Michael Rowe had finally saved up enough money to add an extension to his one-bedroom home on his 20-acre ranch in Winchester, CA, he was in-

formed that his permit could not be approved because his property was in a kangaroo-rat study area. His only option would to hire a biologist at a cost of almost $5,000. If the biologist found a single rat, development of the property would be illegal and could result in a Federal prison sentence and up to $100,000 in fines. The good news? If the biologist did not find a single rat, the Rowe family could develop their property if they paid the Federal Government nearly $40,000 to purchase a rat reserve elsewhere. In essence, the home was destroyed by Federal regulators before it even left the drawing board. In supporting this legislation, we in Congress have the opportunity to reaffirm what Locke referred to as the ‘‘root of all liberty’’—the right to own property. This legislation requires the Federal Government to compensate landowners for an action by a Federal agency that reduces the value of their property. In simple terms, this legislation means: If the Federal Government deems it in the national interest to curtail a landowners use of his property then the Government, not an individual landowner, should pick up the tab. Opponents claim that with the passage of this legislation we will see the end of 25 years of important health, safety, and environmental legislation. As we heard in a preceding speech, in a hypothetical, my colleagues on the other side know that the only thing that will end is decades of casting easy votes that might appease their special interest constituencies without having to consider the consequences. Some of these folks truly tremble at having to make the choice between what is truly in the national interest, and what is only in their narrow best interest. Mr. Speaker, I urge my colleagues to support a return to the constitutional protections of private property. Mr. WATT of North Carolina. Mr. Chairman, will the gentleman yield? Mr. HAYWORTH. I am happy to yield to my good friend, the gentleman from North Carolina. Mr. WATT of North Carolina. I thank the gentleman for yielding, Mr. Chairman. Mr. Chairman, I simply want to inquire whether the gentleman was supporting the amendment of the gentleman from Louisiana [Mr. TAUZIN] or whether he was not supporting it. I could not tell from his statement. Mr. HAYWORTH. I thank the gentleman for letting me clear this up. I will end my remarks by saying I rise in strong support of the Tauzin

acts amendatory thereto and supplemental thereto, properly known as the Reclamation Act. This is an act written in 1902 where the Federal Government engaged in massive subsidies to landowners throughout the West to help settle the West and bring the lands into productive capacity by extending water subsidies to them. In the State of California, the Federal Government has spent some $8 or $9 billion building canals and shipping water from the far north to the south, and the same is true in Arizona and elsewhere. What this amendment would now do is take what we basically have, which are contract rights with the growers, and say ‘‘if you sought to amend those, that could be adjudged as a taking.’’ These people have a right to subsidize water based upon a contract, but now what you are doing is taking a contract and turning it into an entitlement. You are taking a contract which says and gives us the right to withhold water from those people in years of drought, as we have in California, over the last 6 or 7 years to say ‘‘We are going to hold back 30 percent of the water for next year, or for the health and safety of the State, for drinking water supplies to metropolitan areas.’’ Now, what you are saying is if this is a diminution of 10 percent of your land, which clearly it is, you have a right to compensation and to a taking. You are withdrawing the rights of the Federal Government and the right, more importantly, of the people of the State of California to manage the water supply within their State, because you are taking a contract, even if you shorten the contract, and in the new law we just said we want to go from 40-year contracts to 20-year contracts so we can manage the water supplies in the State of California on a more contemporary basis, in light of our population growth, the change in our economy and the need for water in our cities and suburbs for economic growth. If we took that 20-year contract and made it a 10-year contract, that would somehow be a taking in the next law when that contract runs out. I think we have an unintended consequence here that locks us in, not only to billions of dollars in subsidies, but also locks us into a situation where we are now elevating what is a basic contract, and at the end of the contract, ‘‘You have no right to that, we can do with the water what we want,’’ but that was the agreement, now elevating that into a taking if we do not extend the water. The reason that is so important is that we have areas in the West where we have massive competition between agricultural interests and the urban interests, in Utah, in Colorado, in Arizona, and in California. What this law does is locks these contracts in now under the provisions of taking. I would like to ask the author of the

this act as it pertains to the Reclamation Act of 1902? Because as I read it, if we change the level of the subsidy, if we change the contract’s terms, if we withhold water because of the drought or we reallocate water from the agricultural interests to the urban interests or from the urban interests to the agricultural interests, that those people all have a right to a taking under this provision, if the value of their land is diminished by 10 percent. Mr. TAUZIN. If the gentleman will yield, Mr. Chairman, the understanding is that no diminution of subsidy triggers the action to compensation. Subsidies are not a regulatory act under this bill. It is a change in the property ownership, a change in the right to own or the value to own that triggers the action under this for compensation under the act. Mr. MILLER of California. Currently the growers have a 40-year contract. If the Government, and the new term was changed from 20 years or 10 years, and the banks decide that you do not have a bankable interest, as some growers speculate the banks would say, is that a diminution of the property values? Mr.

No, contractual changes are not. Agreements are not. It is only when the Government mandates a change, a regulation, that diminishes the value or subtracts from the property right that triggers the action for an arbitration and compensation under the bill. Mr. MILLER of California. Let me ask in another case. We have a situation where irrigated lands, where water is brought to those lands under contract, and in some instances we have had to tell growers in the past, and very likely are going to have to tell them in the future, that they cannot irrigate of some of their lands because of toxic runoffs that have caused problems, both with the environment and with health. If we tell those growers that they cannot irrigate those lands under that water, are we under the purview of the gentleman’s bill? The CHAIRMAN. The time of the gentleman from California [Mr. MILLER] has expired. (By unanimous consent, Mr. MILLER was allowed to proceed for 2 additional minutes.) Mr. MILLER of California. Mr. Chairman, I yield to the gentleman from Louisiana [Mr. TAUZIN]. Mr. TAUZIN. Mr. Chairman, under both the bill and the amendment we proposed, if the use is proscribed for reasons of toxic runoff, nuisance, all those kinds of issues, then it is not a compensable diminution of use. It is only when the use is proscribed for purposes of, as we claim, ESA, wetlands protection, or changes in the ownership or value of the water right. Mr. MILLER of California. In this case the toxic runoff, the reason it was stopped at one point, and it may have to be stopped again in the future, is be-

cause of its threat to the water quality in the San Francisco Bay delta.

Mr. TAUZIN. I understand. If the gentleman would further yield, there will be an amendment on the floor later on to apply the entire Clean Water Act under this bill. I will oppose that amendment for that reason. We have limited it to the wetlands protection of section 404, to the sodbuster wetlands provisions and to the water rights provisions as regulations in those acts we describe would affect the ownership or value of that water right. Mr. MILLER of California. Can I ask the gentleman another question. Again the runoff from these lands cause duck hunters and others a great deal of consternation because of the impact it has had on the water fowl. If it goes to the quality of the water in those wetlands, in protected wetlands or in private wetlands, is it covered under your provision? Mr. TAUZIN. I would have to yield to the author of the main amendment. There was a provision as I understand that if the use is designed to prevent damage to neighbor’s property as opposed to protection of a wetland or to protection of an endangered species, that that is an exempted use under the bill. If you would yield to him, I think we can get a clarification on that. Mr. CANADY of Florida. If the gentleman would yield, I just bring your attention to section 5 of the substitute

exception. It says that ‘‘no compensation shall be made under this Act with respect to an agency action the primary purpose of which is to prevent an identifiable hazard to public health or safety, or damage to specific property other than the property whose use is limited.’’ This is in here to deal with any sort of circumstance in which there is a hazard to public health or safety. The CHAIRMAN. The time of the gentleman from California [Mr. MILLER] has again expired. (By unanimous consent, Mr. MILLER of California was allowed to proceed for 2 additional minutes.) Mr. MILLER of California. Can the gentleman or the gentleman from Louisiana explain to me why, then, the Reclamation Act is included as one of the laws under this provision? Mr. TAUZIN. I would be happy to tell the gentleman. Because it is one of the acts that has the potential of regulation to limit the value or the actual right to own water in the West, and because it has that potential, it is included as a regulatory action that could diminish the value indeed of an important property right. Mr. MILLER of California. Without being argumentative, that sounds exactly contrary to what the gentleman just told me, because all of the water delivered under the Reclamation Act is delivered by virtue of contract. We

enter into a contract for a specified period of years. If that contract is not renewed, you have no rights. It sounds me that are bootstrapping people who now have a contractual right into a position that if that contract is not renewed, that somehow you have a takings, because the land is not worth upkus. Mr. TAUZIN. If the gentleman will yield, the contract is a contract between the private property owner, the water right, and the Government. If the Government by regulation changes that contract without the agreement of the owner, that indeed would amount to an action to trigger activities under this bill. If, however, the contract is followed, no one has lost any rights, there is no trigger to compel an arbitration for compensation. Mr. CRAPO. Mr. Chairman, will the gentleman yield? Mr. MILLER of California. I yield to the gentleman from Idaho. Mr. CRAPO. I think it is important to look at the section in the bill that describes the right to compensation we are talking about here, in section 3 of the bill. It creates the right of compensation to an owner of property whose use of any portion of the property has been limited by an agency action. We are talking about situations where an agency has limited the use of property, and that is defined in the statute. Mr. MILLER of California. Let me reclaim my time and then see if the gentleman can answer. The agency, in this case the Bureau of Reclamation, tells people that they cannot have 30 percent of their water supply or in a dire drier year, they can only have 30 percent, they lose 70 percent, the use of their land in dry land farming is gone. The CHAIRMAN. The time of the gentleman from California [Mr. MILLER] has again expired. (At the request of Mrs. SCHROEDER and by unanimous consent, Mr. MILLER of California was allowed to proceed for 2 additional minutes.) Mr. CRAPO. Will the gentleman yield? Mr. MILLER of California. Yes. Mr. CRAPO. The definition of use of property is defined in the statute to say, when the use of property is limited by an agency action, if a particular legal right to use that property no longer exists because of the action. You are talking about a contractual relationship between the United States and between an individual landowner, or in some cases between those who are participating in a reclamation project. The change of the terms of a contract under the terms of that very contract is not going to be a limitation on use that results from an arbitrary or an independent action by an agency that limits the use of that property. Mr. MILLER of California. I find it very suspect that this law is now included when it is so narrowly drafted

and the rights are handed out based only on contract. Mrs. SCHROEDER. Mr. Chairman, will the gentleman yield? Mr. MILLER of California. I yield to the gentlewoman from Colorado. Mrs. SCHROEDER. I am concerned about the Colorado River Compact. What effect does this have on that? Does this have an effect on things like the Colorado River Compact, which has been around for a very long time? Mr. MILLER of California. That is exactly the question, because the Bureau of Reclamation administers that the Reclamation Act guides many of the contractors to that compact. As the gentlewoman knows, in Arizona we have contractors who are going bankrupt, we are trying to reallocate water, and there are people who had expectations but really cannot afford the water. The question is now, are we creating a compensatory act by not giving them the water and giving it to the city of Tucson or to the city of Phoenix? That is exactly the problem. I worry about ulterior motives here in the inclusion of the Reclamation Act because I do not know why it would be included when these are contractual relations except that I understand there are a number of people who are very unhappy with the reforms that were passed overwhelmingly on a bipartisan basis in the last Congress and signed by President Bush that would now like to roll back those reforms where we have just entered into an agreement between the State of California, the municipalities, the environmental organizations, and the farm organizations about the usage of water. Some people would like to see that undone. The CHAIRMAN. The time of the gentleman from California [Mr. MILLER] has again expired. (By unanimous consent, Mr. MILLER of California was allowed to proceed for 2 additional minutes.) Mr. MILLER of California. I think that those of us who would now understand and appreciate the historic relationships in multi-State compacts, especially those of you who are from the upper reaches of the Colorado, you are now laying over the top of reclamation law, law that has been on the books since 1902, you are laying over the top of that a whole series of actions that conceivably people can come in and ask for compensation when in fact what they are getting from the Government is a huge amount of subsidies and rights that basically have a genesis in contractual relationships. Water usage is changing so dramatically in Arizona, New Mexico, California, and Nevada, we have gone from 70 percent of the people in Nevada now use 10 percent of the water, but 70 percent of the water goes to 10 percent of the people. Those equations are changing. They just changed in Utah by a vote of the people, but now the question of whether that can be carried out and the implementation of that is

drawn into question by this amendment. I would hope that at some point we could just strike the reclamation law. Mr. TAUZIN. If the gentleman will yield, I would say again to the gentleman that if the contracts the Government makes with those owners of water rights are upheld and the contracts are not violated by the Government, nothing triggers this act. It is only when by Government regulation the rights of an owner to water under those contracts are changed without their consent, are regulated and changed, in other words, the contract violated by the Federal Government. That is when the trigger occurs, that is when the owner would have a loss of value of property he was entitled to under that contract. Mr. VENTO. Mr. Chairman, will the gentleman yield? Mr. MILLER of California. I yield to the gentleman from Minnesota. Mr. VENTO. I thank the gentleman for yielding and the gentleman from Louisiana for his explanation. I have been looking through the language of the underlying substitute in the amendment to try and decipher the language. It suggests here that anytime there is a qualification of use. Of course if the landowner agrees to the qualification or the ownership of the water in this case who owns the water right agrees to it, then apparently there is not any problem. But the issue is that very often this is not agreed to. The CHAIRMAN. The time of the gentleman from California [Mr. MILLER] has again expired. (At the request of Mr. VENTO and by unanimous consent, Mr. MILLER of California was allowed to proceed for 5 additional minutes.) Mr. VENTO. If the gentleman from California would continue to yield to me, this really speaks to the issue of any type of qualification in terms of the use. I might point out to my colleagues who think they recognize the qualifications of use that occur because of a development such as the salinization or other types of problems in terms of irrigation of land, that is one possibility, or you may have, for instance, if you are taking this water off of a national forest, which is included in here, the entire Forest Planning Act is included as a possibility, or off of the public domain lands, the BLM lands, the entire FLPMA law is included in this amendment in regards to water as I understand it, any time you are taking that water off national lands, you are dewatering that for other purposes, there may be exceptions in California. Sometimes it is coming from other private land. But anytime you would qualify the use of that because you may make a determination that it is having an adverse effect on that, even though somebody had that right, anytime you qualify it or, for instance, even during the year it changes and it has an effect in terms of at the water

right that is on, you would have a problem here in terms of what is going on. Mr. MILLER of California. I appreciate the remarks. I think he makes a good point. I appreciate that this is in contract law, but let us remember what we are talking about. In parts of Arizona, and a good portion of California, we are talking about people who have received hundreds of millions of dollars in subsidies from the Federal taxpayers, in some cases to grow subsidized crops. Kind of an insanity. These same people have spent millions and millions of dollars to prevent any change from taking place in the reclamation law in this Congress. Finally, 2 years ago, we were able to defeat that effort and pass reclamation reform. These are the same people now who are suing the Government, suing the State, suing everybody to hold onto their rights, and what is their allegation? Their allegation is everything we want to do is in violation of their contractual rights. They have a compensatory action if in fact they can show it is a violation of their rights. But basically what these people have done is sought to delay the implementation of any reforms in the California water system. Just as recently as a couple of months ago where all of the cities got together, all of the environmental groups got together, many of the agricultural groups got together, all of the economic community in our State said that we have to change the way that we allocate and use water in the State of California. We have the same handful of people that got this amendment inserted into this provision of law saying they did not want to go along. No matter how good we think it is for the welfare of California, no matter how important they said it was because they said they would lower the bond ratings of the State of California if we could not reallocate our resources, we have some obstructionists there that think that what they had as a contractual right to a limited subsidy is now a God-given right and now what they want to do is under this amendment make that an entitlement. They want to make that subsidy an entitlement that we cannot in any way change whether it is because of drought, whether it is because of population, whether it is because of changing economic circumstances in that State. The fact was this land was not worth spitting on until the Federal Government came along and plowed billions of dollars of taxpayers’ money, and we would just like to be repaid. Then they can do whatever they want with the land. Mr. FIELDS of Texas. Mr.. Chairman, will the gentleman yield? Mr. MILLER of California. I yield to the gentleman from Texas. Mr. FIELDS of Texas. I would just like to point out to the gentleman, I think many of the things he is saying

are valid. It is a valid discussion that we ought to have here on the floor. But I just want to say to the gentleman that it was not my intent or others to try to get involved in your particular water fight. I am here today supporting a Tauzin amendment. Mr. MILLER of California. I understand that. I commend the gentleman. I think this is a very important discussion. This discussion has been delayed too long on the issue the gentleman

has from Louisiana [Mr. raised. But why is the reclamation act struck into this legislation? We are talking about a very narrow act for a very narrow group of people. Mr. FIELDS of Texas. If the gentleman would yield to me, we have had private discussions about the excesses, and it is the excesses that I think bring us here today: The fountain darter in Texas that has abrogated our water rights as a State, the vireo and the warbler that has taken an entire area of central Texas and said you can’t cut cedar, the abandoned eagles’ nests that have shut down roads and shut down the cutting of forests. To me that is the reason we are here. Mr. MILLER of California. Let me reclaim my time, and I have a great deal of respect for the gentleman. That is not what this is about. This is about the excesses where a State and its population reach a consensus and whether or not you are going to provide a tool in this legislation so that people can obstruct that and obstruct it on the fallacy that somehow they have some value in their property that is there because of what they do as opposed to the billions of dollars in subsidy that flow down that canal every year from Shasta Dam down to Tulare Lake. The fact of the matter is they do not have those rights, and my concern is we are now about to put the taxpayer of this country on the hook based upon very narrow interests that have rights under their contracts and now they are trying to bootstrap those into additional rights. I would hope we would oppose the amendment for that purpose. Mr. DELAY. Mr. Chairman, I move to strike the requisite number of words. What a stimulating debate. I was just absolutely excited to watch that debate go on, and I hate to step in, what I hope is not the end of the debate, but I am not sure that I follow it in the right schedule of things in this debate, because my statements are in support of the bill and in support of the amendment. Mr. FRANK of Massachusetts. Mr. Chairman, will the gentleman yield? Mr. DELAY. I yield to the gentleman from Massachusetts. Mr. FRANK of Massachusetts. If the majority whip would get us more time under this restrictive rule, we could extend the debate more, so we would be glad to accommodate him if he would only get us a little more time.

Mr. DELAY. I yield to the gentleman from Louisiana. Mr. TAUZIN. I just want to make the point following the gentleman’s debate on this issue before you make your statement in support of the bill, and that is that again we are not saying that the parties cannot contract water supplies any differently than they have contracted today. We are saying contracts are valid and contracts ought to be honored. All we are saying in our provision is if the Federal Government invalidates a contract, violates it by depriving someone of water that they were guaranteed under the contract and if that supply of water is interrupted and it devalues their property, that is a taking under the fifth amendment. You and I might like to agree to reallocate land values around the country or landownership around it. We do not have that right under the Constitution. If this Government takes land and property from people under the fifth amendment and violates a contract that entitles them to land or water, it is a taking of property, and that is all our bill provides for, the compensation for that taking. I thank the gentleman for yielding.

Mr. FIELDS of Texas. Mr. Chairman, will the gentleman yield to me? Mr. DELAY. I am glad to yield to my good friend and neighbor from Texas. Mr. FIELDS of Texas. Mr. Chairman, I have great admiration for the majority whip, but in terms of sequencing I think he is coming at exactly the right time, because he has been the champion of regulatory reform, and as the gentleman knows and I both know in our area of Houston, TX it is the Corp of Engineers and U.S. Fish and Wildlife Service that is making determinations as to how people can use and even enjoy their property. That is absolutely wrong and it is those excesses we are trying to stop. And I think the sequencing is perfect, and I look forward to the gentleman’s remarks. Mr. DELAY. I appreciate the gentleman making those remarks about what is happening with the Corp of Engineers and the Fish and Wildlife Service in Houston. It reminds me we have been working now for 21⁄2 years to build a golf course in Lake Jackson, TX where the Fish and Wildlife are claiming that footprints from cows are wetlands and we have to identify every footprint on this piece of property before we can get a permit. Footprints of cows are wetlands, it is just amazing to me and it is the reason we are coming together to try to pass this bill and try to bring some common sense to what is going on around the country.

Mr. DELAY. I am glad to yield to the gentleman from Louisiana. Mr. TAUZIN. Mr. Chairman, I wonder if giraffe prints would also be considered wetlands? Just an aside remark. Mr. DELAY. I think giraffes are an endangered species in America and if you find a footprint it will probably be on the endangered species list. The CHAIRMAN. The time of the gentleman from Texas [Mr. DELAY] has expired. (At the request of Mr. TAUZIN and by unanimous consent, Mr. DELAY was allowed to proceed for 3 additional minutes.) Mr. DELAY. Mr. Chairman, in recent years the issue of property rights has been hotly debated, as a growing movement of property owners at the grassroots level feel that their rights are being seriously infringed upon. Some have characterized this movement as greedy, comprised of people who have no interest in the public good. I would like to go back to the beginning of the debate and bring some historical perspective into this discussion. In 1772, Samuel Adams set out to ‘‘state the rights of the Colonists * * * as men, and as subjects; and to communicate the same to the several towns and the world.’’ He began his task with the declaration that: The absolute rights of Englishmen and all freemen, in or out of civil society, are principally personal security, personal liberty, and private property. Throughout the succeeding revolutionary period, these three rights were time and again recalled—life, liberty, and property. It was only in drafting the Declaration of Independence that Thomas Jefferson altered the phrase to read, ‘‘life, liberty, and the pursuit of happiness.’’ In later years, Jefferson explained why he chose those words. ‘‘A right to property,’’ he said, ‘‘is founded in our natural wants, is the means with which we are endowed to satisfy those wants.’’ To Jefferson, the pursuit of happiness and right to private property were inextricably linked. One could not be attained without the other. Two centuries later, the institution of private property has lived up to Jefferson’s expectations. America’s agricultural productivity, leadership in medical and engineering technology, and wealth of entrepreneurial opportunity can all be tracted to the incentives inherently created by private property rights. Unfortunately, however, numerous battles are being waged at this time because of the continued infringement by government on private property. Although the fifth amendment to the Constitution requires fair compensation to a property owner when the Government takes his land, courts have interpreted that provision narrowly and many property owners are not being adequately compensated.

For example, the Wall Street Journal describes the case of Marj and Roger Krueger, who spent $53,000 on a lot for their dream house in the Texas Hill Country. But they and other owners were barred from building because the golden-cheeked warbler was found in ‘‘the canyons adjacent’’ to their land. Further, a current law with respect to regulatory ‘‘takings’’ is unclear, requiring courts to resolve claims without set standards. It doesn’t make sense that a person is compensated when the Federal Government wants to build a highway through his front yard, but is not compensated when the Government prohibits him from farming on his land because it is determined that a wetland needs protection. In both cases, private use of one’s land is being sacrificed for the public good. We can argue the merits of whether land should be used for one particular purpose or another, but everyone should agree that one person should not have to shoulder the full costs of achieving a particular goal, whether it be environmental protection or improved infrastructure. Further, a person is not greedy when he asks not to have to bear the entire burden. The Canady-Tauzin substitute will set clear standards for Federal agencies to follow under the Endangered Species Act, wetlands, and water rights. In this way, property owners will be guaranteed fair compensation when their land is either restricted in use or reduced in value. Ownership of property is a right protected by the Constitution, a precious right which should not be infringed upon except in the most grave of situations. When such situations arise, let us live by the tenets of the Constitution and grant property owners the compensation that they are due. Mr. Chairman, I ask Members’ support for the bill. I ask Members’ support for the Tauzin amendment and I ask Members’ support to stave off any

Mrs. SCHROEDER. Mr. Chairman, I move to strike the requisite number of words. Mr. VENTO. Mr. Chairman, will the gentlewoman yield? Mrs. SCHROEDER. I yield to the gentleman from Minnesota. Mr. VENTO. Mr. Chairman, I wanted to just direct my attention to the gentleman from Texas [Mr. DELAY], and I want to say we accept him as an able spokesman for his point of view, but certainly not as an editor to Thomas Jefferson’s prose on the Constitution. But I do say he is persuasive in terms of his point of view. Mrs. SCHROEDER. I thank the gentleman from Minnesota. Mr. Chairman, I rise and come to the well because I am terribly concerned about what this does on the Colorado Water Compact. Earlier this year there were meetings in Colorado that were reported in the press, and I am trying to put this in the clearest way we

know. The Colorado Water Compact has been around for almost 90 years. We are obviously upstream and there are many States downstream that count on us to send allocations to them, and as Members heard the gentleman from California speaking, California has been way overusing their allotment, Nevada has now got all sorts of problems, they want more water and so forth. The person who was in the State from Nevada was saying this would be a wonderful thing for Nevada because they could then go tempt Colorado water people to sell water to Nevada, which means our State then would not have any water. They could sell it to the highest bidder. Here is the problem, the way I read this, is there is nothing that the Secretary of Interior could do that would be right. If the Secretary of Interior would move to stop private water owners from selling their property and in the State of Colorado a water right is considered a private property right, if they move to stop them from selling that right to a Nevada or a California, then the property owner would be able to get the Federal Government to pay all of that. If they did not intervene and they allowed the property owner to sell that right, then they would have suits from Colorado water owners saying the Federal Government had taken an action or not taken an action, that would lose their water rights. So the way I read this, because it has got this section in the Tauzin amendment, there is absolutely nothing you could do under the Colorado compact law that the Federal Government would not have to pay for. Mr. VENTO. Mr. Chairman, would the gentlewoman yield? Mrs. SCHROEDER. I am delighted to yield to the gentleman from Minnesota. Mr. VENTO. Mr. Chairman, I thank the gentlewoman for yielding. Is the gentlewoman suggesting that Colorado has overappropriated and California has overappropriated, in other words, they have actually given away or granted water rights that do not exist? Mrs. SCHROEDER. Mr. Chairman, obviously we can have years of drought, and yes, we have overappropriated. Mr. VENTO. I think it is a pretty well understood fact that some western States have in some cases overappropriated the water, for instance, as in the Colorado Basin. If I can continue for a minute, I realize we are in a Colorado debate here, but the point is when we have overappropriated in these cases and the Federal Government has somehow become involved in this, either by being present or by being the Federal Government, even in terms of where there are compacts and other agreements between States, the suggestion is that insofar as the shortfall would occur in terms of somebody finally in getting

their 10 percent, that the Federal Government would then be liable to pay the difference. And would be paying for nonexisting, nonexistent water actually under this, because somehow we have been compliant in terms of inaccurately describing and quantifying the amount of water, even though it is generally appropriated by these States as it is, unless we are dealing with the McCarran Act; we would have to then make up the shortfall and in the end be left holding the bag. Mrs. SCHROEDER. What the Colorado Water Congress apparently decided was basically this 73-year-old compact would implode because there would be nothing to stop when the Federal Government will not have to pay. Mr. ALLARD. Mr. Chairman, will the gentlewoman yield? Mrs. SCHROEDER. I am happy to yield to the gentleman from Colorado. Mr. ALLARD. Mr. Chairman, this is not going to have an impact on the Colorado River Compact. This is an agreement between the States and the Federal Government and it is passed by the Congress. What is going to have an impact, and the gentlewoman may be aware, but in Colorado law we have a provision which says if you are a private owner of property that you cannot sell it outside the State of Colorado. It is Colorado law the gentlewoman is addressing and so much of what she is referring to here in this particular bill has to do with a Federal agency coming in and literally blackmailing water from individuals and States. For example, the permit to bring water through the forests, reclaiming 30 or 40 percent of the water, it is taking of private property rights. It is water. Mrs. SCHROEDER. I do not profess to be a water lawyer, I only figure that the Colorado Water Congress who follows this very carefully, would interpret it differently, and feels that because our State declares a water right to be a property right under this Federal law, if we did anything that would impact upon someone’s property right it would be a taking. And therefore, we really could mess up the whole thing. The CHAIRMAN. The time of the gentlewoman from Colorado [Mrs. SCHROEDER] has expired. (At the request of Mr. VENTO and by unanimous consent, Mrs. SCHROEDER was allowed to proceed for 3 additional minutes.) Mrs. SCHROEDER. I thank the gentleman from Minnesota. So I am reading what people who have a lot more expertise in this than I have said at this Water Congress, and I think we should take it very seriously. Mr. ALLARD. Mr. Chairman, will the gentlewoman yield on that point? Mrs. SCHROEDER. I am happy to yield to the gentleman from Colorado. Mr. ALLARD. The Colorado Water Congress sets a policy and makes it available to all of our offices, and I

have not seen any poll stating, and I do not believe one has been put out from the Colorado Water Congress that says this particular bill is going to interfere with interstate commerce or the Colorado River Compact, and certainly I would suspect that they would probably very strongly support what is in this bill. Mr. VENTO. Mr. Chairman, will the gentlewoman yield? Mrs. SCHROEDER. I am delighted to yield to the gentleman from Minnesota. Mr. VENTO. Mr. Chairman, I appreciate the gentlewoman yielding. I think the recognition here of course in terms of Colorado’s rights in many instances is to appropriate water, that they are actually appropriating this water, but somehow in terms of the Federal Government being involved, for instance if we reserved water rights under the McCarran Act, we could in essence by reserving those particular rights for whatever reason, whether it is a forest or public domain lands or wilderness, which under court interpretation has reserved water rights, then we would in essence by exercising that designation of land, by exercising that water right we would be taking water again for these other purposes which in essence could result in the overappropriation being compounded. And that in essence, then, is forcing the Federal Government, you are backing the Federal Government into this by putting us on line in terms of this particular issue where we have reserved water rights under the McCarran Act, so this makes us pay again for those particular, for that water or property which is the property I might add of the people of this country that are the owners in essence of these public lands, of the forests, of these public domain lands. So the gentlewoman is exactly right. This is a dilemma; there is not an answer, there is not a question. You are putting in this particular legislation specifically changing language in terms of takings. Also we are not talking about takings here, we are redefining regulation and what constitutes a compensatable property, a compensatable sum under law. That is what is being done in this particular legislation. We are not talking about takings because that is a much higher threshold, and there obviously then and admittedly there is significant effort there to try to change that. Mr. TAUZIN. Mr. Chairman, will the gentlewoman yield? Mrs. SCHROEDER. I yield to the gentleman from Louisiana. Mr. TAUZIN. Mr. Chairman, let me reassert two facts that I hope should be abundantly clear. First of all, the basis on which we amend it as it comes out of committee does not affect State actions.

To take water rights away from people, local actions to do that are not covered by this bill. So the State of Colorado, if it wants to take water

away from people, is going to have to answer in some other court regarding that action. Mrs. SCHROEDER. This is under a Federal law. This is the Colorado Compact that is enforced federally, so that does not hold. Mr. TAUZIN. If the gentlewoman will yield further, the second point, as long as the Federal Government keeps its contract with the owners of that water, as long as the Federal Government does not violate the contract, whatever the State does is something else, as long as the Federal Government keeps the contract, there is no trigger in this bill for compensation. The CHAIRMAN. The time of the gentlewoman from Colorado [Mrs. SCHROEDER] has again expired. (By unanimous consent, Mrs. SCHROEDER was allowed to proceed for 2 additional minutes.) Mrs. SCHROEDER. Mr. Chairman, the problem is that everything changes, and they cannot negotiate anything. They cannot negotiate anything for change, because it would become a taking. Furthermore, because the water right is considered a property right, if the individual decided to sell their water to another State, this could be very, very critical. Let me just say, I think this is all very confusing, and I am reading out of the Denver Post where it says spokesmen for Colorado, Wyoming, New Mexico, and Arizona held that the 73-yearold Colorado Water Compact could break down effectively if private water marketing is allowed. This could happen, they said, by people being able to do this, and the Federal Government being stuck by the taking. I just want to finish my statement, if you do not mind. There was a wonderful article today in Roll Call that I think summarizes where we are. They said that we are moving to change these things so rapidly that it is like standing at the end of a conveyor belt with cream pies flying at you, and I think one of the reasons that no one is quite sure is we are changing things that have been around for a very long time. We are doing it so rapidly that we are all trying to make our best guesstimates. This, I think, is really very frightening, because water is life out where we live. That is why I am very concerned about the gentleman including the Bureau of Reclamation and getting the Federal Government in under that. Has the gentleman from Louisiana thought at all about taking that out? Mr. TAUZIN. If the gentlewoman will yield further, first of all, the bill as it comes out of committee includes this and all Federal agencies and all Federal acts. We are limiting under this

You are perfectly entitled in Colorado, Louisiana, anywhere else to renegotiate contracts with the Federal Government. This bill only says if the contract is violated, invalidated by the Federal Government, and that diminishes someone’s rights. Mr. ALLARD. Mr. Chairman, I move to strike the requisite number of words. Mr. Chairman, I want to rise in favor of the Tauzin amendment. I think it is a good amendment. I think it moves us in the right direction as far as protecting private property rights. I think it is vital to the interests of the State of Colorado, because by recognizing water as a private property right, as the States do, we are saying to the Federal agencies that the States are in a better position to determine where one person’s right begins and where another one ends, and we have, through Colorado water law and the doctrine of prior appropriations that has been adopted by most of the Western States, I think all of the Western States, and it recognizes there is a property right, and that that property right is going to be measured in a court. They take it to a water court in the States, and they determine exactly where one person’s right begins and the other one ends. And if nothing else, this amendment not only preserves private property ownership, but also recognizes the State’s role, which is very important when we get into private property issues, particularly as they apply to water. So I would just have to bring up a situation in the State of Colorado where we have cities, as well as individuals, but I will refer to cities who have purchased water or they have made, gained, water through annexation agreements, and this water was to be used for the purposes within the city, whether it is for open-space development or park development or municipal water supply, for drinking water or manufacturing or whatever. After the States had acquired this water, then the Federal Government changed the rules. They changed the rules and said all of a sudden, instead of automatically renewing permits that allowed the water to be transferred through the national forest, they were going to blackmail these cities to give them water for doing that, and it is the changing of the rules, not from private property, but by the agencies and traditionally they are doing that, and what they were requiring was 30 to 40 percent of the water would have to be left in that stream in a dry year. And where were they going to get that water? They were going to get it from the cities who paid for it. They were going to get it from individuals who paid for it. It was obviously a taking, and that is the kind of problem that this particular amendment, as I see it, is trying to address our concerns, and so I think it is really very important.

The other thing I would like to make a point on, the Colorado Water Congress, they are a policy advisory board in the State, separate from State government. Usually when they take a position on water policy, we get a written comment on it. Now, there is not one individual that speaks for that particular Congress. It is usually done by a lot of consultation. As far as I know, they have made no recommendations on action on this particular piece of legislation or this water language. I would suspect that if they reviewed this water language, because it is made up of a lot of cities of which I brought the situation up as well as private property owners, that they would support the language that is on the floor of the House today. Mrs. SCHROEDER. Mr. Chairman, will the gentleman yield? Mr. ALLARD. I yield to the gentlewoman from Colorado. Mrs. SCHROEDER. I think one of the reasons that they have not come up with a statement, and it was in the paper that they were debating it, is because this has all come at them rather fast, but I have another question. Is the gentleman at all concerned that the Tauzin amendment strikes the beginning of section 4 in the bill on page 2 which says no compensation can be made under this act if the use limited by the Federal agency is prescribed under the law of the State in which the property is located? Does that not concern the gentleman vis-avis what we have been talking about? And I wonder why the gentleman from Louisiana did not strike that? Mr. ALLARD. Reclaiming my time, I yield to the gentleman from Louisiana to explain that at this point. Mr. TAUZIN. I will try to address that again as I tried to earlier. The concern is now we are limiting the bill to these areas of wetlands takings and ESA takings or actions of the agencies here to deprive people of water rights, that to allow the State to duplicate the Federal proscription and, therefore, violate the person’s right to receive compensation by simply duplicating the same proscription would, in fact, not be appropriate. The person who has lost his property, whose rights to use it, whose value is diminished because of some Federal statute should not lose the right to compensation just because the State has also duplicated that prohibition. Only when the State has other reasons to prohibit it should that occur. Ms. DANNER. Mr. Chairman, I move to strike the requisite number of words. Mr. Chairman, I ask to strike the requisite number of words. Mr. Chairman, the opportunity is before us to seize the moment and restore the faith of millions of Americans through passage of TauzinLaughlin-Fields-Danner-Peterson

Protection Act.

am a life long resident of Plaquemines Parish and a sixth generation citrus grower in the Jesuit Bend area. I have recently run into a serious problem in obtaining continued financing for my farm operation. The nature of this problem has been a letter from the Dept. of Corps. of Engineers. A wetland designation on a portion of my farming operation. (see attached) And there is a map. ‘‘In an effort to obtain additional necessary financing the bank required an appraisal on my farming operation. The appraiser stated that due to a letter dated in November 1991, which is now expired, no value would be allocated to the portion of land subject to wetlands determination. This land is within the Plaquemines Parish maintained hurricane protection levee. ‘‘We desperately and urgently request your assistance in this matter. My farming operation, which is my livelihood, is in serious jeopardy due to this situation.’’

cussion about California and somebody’s re-creation of recent history about what happened in this House, I felt compelled to come down here and at least try to give a little balance to the CONGRESSIONAL RECORD that was being made by people who were perhaps folks who have not paid attention to what has been going on over the last several years, protesting a little bit too much, I think, about an amendment that says if the Federal Government violates a contract that it made with someone, the Federal Government is in the wrong. And there was a discussion about the fact that the California water project, the Central Valley project, had been voted on by this House, and that an overwhelming bipartisan majority had already settled that question. And why in the world are we bringing it up again? Now, one simple statement was missing in that entire dialog about how horrible it is that the Federal Government is entering into a contract with a private party, that the Federal Government has to honor that contract. The changes that were made in the California water project law did not stand alone. We did not vote it up or down. It was a classic example of the arrogance and the way in which legislation had been managed for years by the now minority that was the majority at the time. When we decided the California water question, they rolled into the package the Central Utah project. The gentleman from Utah [Mr. HANSEN] stood here and kind of said, ‘‘I can’t do anything about it,’’ to this gentleman from California.

‘‘My project would be in jeopardy.’’ The Central Arizona project was rolled into that little package. The Buffalo Bill Dam in Wyoming was rolled into that package. A water project in New Mexico was rolled in; the San Luis Valley project in Colorado was rolled in; the Mid-Dakota project was rolled in; the Lake An-

During today’s debate we continue to hear the personal stories of hardships caused by the enforcement of laws on individual landowners. I do not disagree that at times, of course, law and regulation have an uneven impact, consequences that are unfair. However, the solution is not in a radical rewrite of what constitutes a regulatory compensation of property rights. After all, the Constitution needs, and especially Thomas Jefferson needs, little help from most of us. These are simply not a panacea cure-all to Government regulatory problems, in specific laws, correcting the basic shortfall or even the specific shortfalls outlined in the Tauzin amendment. Property rights under the U.S. Constitution have protection that is significantly different from what is being sought in this policy proposed on the House floor today. I might say, incidentally, the rate at which this body is attempting to change the Constitution, the fifth

being repealed at this point. Under the auspices of this amendment, a process already exists to reimburse individuals and companies for property right takings, and ample legal history is in place for the courts to act. I would also point out that the courts have not been hesitant to act to protect individuals’ rights. However, this bill, with its lowered and almost nonexistent standards to limit regulations and to make the Federal Government pay to govern, now declares open season on taxpayers’ pocketbooks to enrich passive logical limitation on private land, to pay for bad business deals and speculative disasters, for the failed developer. The American taxpayer will be the sucker of last resort and the source of funds. Building homes on swampland? Just get denied a permit, and you can stick the taxpayer with the bill. Is your riverboat sinking? Seek a dock permit, get denied, and you have hit the jackpot. A new way to win at the gaming business. Who else wins? Some of this is for big business. Armed with the threat of massive Federal taxpayer payoffs and a corps of lawyers, big business will be able to blackmail most agencies to yield to their will. Who loses? Obviously, the public. Either we pay with our tax dollars or the surrendering of the Federal Government’s ability to enforce crucial environmental laws. Mr. Chairman, we should reject this proposal in total. This bill throws out over 200 years of judicial history and protections for the individual property owner and sets in place a radical and ill-conceived concept. We do not know how this process will work. We do not know how much this bill will cost. But, apparently, the advocates will not let those serious questions and costs to the taxpayers stand in the way of their ideological political goals. The question with regard to appraisals, the 10 percent difference in terms of a piece of property’s land appraisal,

is not unusual. You can get that by just asking two appraisers and then blame the difference on the government, and the government has to pay. We had an example here of problems with the water rights. The legislation is designed to deal with specific problems with these laws, whether they be reclamation laws, the Endangered Species Act, or the other provisions that are touched under here, the Forest Planning Management Act or the entire law that governs the public domain, FLPMA. Then we ought to address those particular concerns. There is a new majority here. These issues ought to be brought up, but what we are doing is superimposing this measure over a portfolio of law. This bill doesn’t seek fair treatment, it seeks a change in the rules with regard to how we will govern or deal with these significant issues. This procedure greatly disadvantages those who are trying to regulate and implement the law to stop or delay them. Remember those regulators, those faceless, nameless bureaucrats some demean the public agent represent the people of this country and the implementation of the people’s will. The Federal Government is standing in the place of the people in terms of achieving and advancing the various types of public policies. It is very important, I think, to recognize that and look at what happens in terms of the impact in these instances seeking the public good. So this proposal seeks to redefining and changing this procedure. I might add, Mr. Chairman, there has been some indication about what the costs of this bill would be. In 1992, the gentleman from Louisiana’s bill at that time, H.R. 1330, was brought before the Congressional Budget Office for a cost estimate. The CHAIRMAN. The time of the gentleman from Minnesota [Mr. VENTO] has expired. (By unanimous consent, Mr. VENTO was allowed to proceed for 2 additional minutes.) Mr. VENTO. I thank the chairman. Mr. Chairman, Mr. HAYES’ bill on wetlands alone, and a bill that I might say had a very restrictive definition of wetlands, an estimate was made. An estimate was made on that particular bill with regard to what would the cost of the implementation of the bill be with regard to his specific provisions. The provisions of the measure were more limited than in the legislation before us. In the CBO’s estimate, excluding Alaska, excluding Hawaii, they estimated that the cost would be $10 billion to $15 billion in terms of cost, just for the provisions that deal with the wetland delineation process in H.R. 1330 of the 102d Congress. As I said, I believe the restrictions that he had in the 1992 bill were much more limited. In fact, they calculated there were only about 100 million acres of wetlands, but the estimate dealt with touched on 9 million acres. It did

not deal with Alaska, the wetlands in Alaska. That was the cost, that is what we were talking about, $10 to $15 billion. Of course, the issue here is they say this bill does not appropriate, this bill isn’t on entitlement according to the sponsors modifications. Mr. CANADY has made an effort to suggest that this would come only from appropriated funds. But how is the agency to carry out the responsibilities they have? In other words, in terms of paying for this, they have to say you take it from the agency, from other projects that they have to pay for it. The agencies entire budget could be wiped out by a single regulation action that would result in compensation being paid. Mr. TAUZIN. Mr. Chairman, will the gentleman yield? Mr. VENTO. I yield to the gentleman. Mr. TAUZIN. I thank the gentleman for yielding. First of all, let me correct the record. The bill covered endangered species as well as wetlands, No. 1. No. 2—Mr. VENTO. Does the bill cover the reclamation provisions that the gentleman has? Mr. TAUZIN. No, it did not. Mr. VENTO. It did not. Did the bill cover the public domain lands, the FLPMA lands? Mr. TAUZIN. I am sorry? Mr. VENTO. The gentleman’s amendment, has the Federal Land Management Practices Act, [FLPMA] did it cover FLPMA? Mr. TAUZIN. I am trying to tell the gentleman it covered endangered species and wetlands, and it was done at a time when the corps, in the 1989 agreement, was publishing a manual that said 60 percent of the State of Louisiana was going to be considered a wetland. The CHAIRMAN. The time of the gentleman from Minnesota [Mr. VENTO] has again expired. (By unanimous consent, Mr. VENTO was allowed to proceed for 2 additional minutes.) Mr. VENTO. Mr. Chairman, I think this is an important discussion which the gentleman and I are having. Mr. Chairman, I would just point out that in reviewing the letter, it indicated that there were 100 million acres but they only looked at 9 million acres that perhaps were being subject to this, and discounted Alaska and discounted Hawaii. But even under that particular provision, they came up with this figure of $10 to $15 billion. Mr. TAUZIN. Mr. Chairman, will the gentleman yield? Mr. VENTO. I yield. Mr. TAUZIN. I thank the gentleman. Mr. Chairman, the amount that the Government is going to have to pay any landowner for taking his property is going to depend mightily on the actions of the agency from this date forward. If the agency wants to declare 60 percent of the State of Louisiana wetlands, I suspect it is going to be a very

expensive propostion. If the agency wants to protect real wetlands and wants protect habitat circumstances where it does not have to take 21 counties of Texas for a single bird, it is going to have a much lower cost to that agency. It depends on the agencies and their regulatory practices. Mr. VENTO. I appreciate the gentleman’s observation. But I would say I do not think it covered that vast area. In fact, while they obviously identified 100 million acres of wetland, they only estimated 9 million acres of that might be affected, only a portion of that, excluding Alaska and Hawaii. So this is a very conservative estimate by the CBO. The point is, what the legislation says is that those dollars were not an entitlement, they must come from the agencies’ appropriations. I would suggest to my colleagues what does that mean, if it is the BLM or the Forest Service? If it is the Forest Service, you would have to completely—they would have no budget left to carry out the responsibility in terms of the law. So I think the point I am trying to make is that if you want to change these laws, you ought to change it, you ought to deal with the Endangered Species Act or the wetlands laws on the floor. Mr. TAUZIN. Mr. Chairman, will the gentleman yield further? Mr. VENTO. I am happy to yield. Mr. TAUZIN. I thank the gentleman for yielding. I point out that we purchased Louisiana for this Union for $14.5 million. Mr. VENTO. And it was worth it, too, I might say. Mr. TAUZIN. It definitely was. And if the Government wants to repurchase the State of Louisiana for the purpose of the gentleman or any other purposes, we are indeed willing to negotiate, but I suggest you pay a fair price. Mr. VENTO. Part of that Louisiana Purchase was Minnesota, and I want to personally attest to its value. The CHAIRMAN. The time of the gentleman from Minnesota [Mr. VENTO] has again expired. (On request of Mr. THOMAS of California and by unanimous consent, Mr. VENTO was allowed to proceed for 1 additional minute.) Mr. THOMAS. Will the gentleman yield? Mr. VENTO. I yield to my colleague from California. Mr. THOMAS. I thank the gentleman for yielding. Mr. Chairman, in the course of his statement, the gentleman indicated that the amendment of the gentleman from Louisiana [Mr. TAUZIN] would be somewhat in the vicinity of $15 to $30 billion. Mr. VENTO. If I may reclaim my time, that was only for the wetlands provisions.

Mr. THOMAS. Not this amendment. The previous amendment Mr. VENTO. No, his amendment actually covered—that was a conservative estimate of just wetland cost of the regulatory compensation—Mr. THOMAS. So, on a conservative estimate of $15 to $20 billion, but the other side of that coin, I would tell the gentleman, is that actions by this Government in regard to people who hold property put a burden on those private sector individuals to the tune of $15 to $20 billion. There was no discussion about priorities in terms of Government decisions. That is the problem. Mr. VENTO. Reclaiming my time, I would just point out that the issue is, of course—the gentleman is redefining what value is. He is creating that value in the legislation, it is questionable whether it exists in reality. Mr. TAYLOR of Mississippi. Mr. Chairman, I move to strike the requisite number of words. Mr. Chairman, in my office I have a small bulldog that was awarded to me by a group for being a defender of the treasury. I try as often as I can to try to save the taxpayers some money. I am trying to do that today by getting a clarification, hopefully, in law, so that this bill that is well-intended does not become the scam of 1995. I would point out that the illustrations that many of you have given as far as wetland problems are real, and they have to be addressed, and I hope this bill will do that. But I also see, in addressing those problems, the potential for multibillion-dollar losses to our country that I think have to be addressed. This is an area of the district that I represent that adjoins Louisiana; it is a map of the Pearl River. The gentleman from Louisiana [Mr. LIVINGSTON’s], district is right over here. It divides the State of Mississippi in the area that I represent. As you can see, it is pretty hard to distinguish between the water and the land. This is a U.S. Geological Survey map. The reason for that is, when you get there, it is pretty hard to distinguish between the water and the land. It is a coastal marsh. With the wind blowing out of the north, you can pretty well walk across with a good pair of waders.

he takes a napkin and draws on the back of that napkin and goes down to the nearest Corps of Engineers and says, ‘‘This is the plan for my shopping center. I want to put it right here, elevation, six inches.’’ The Corps of Engineers is going to sayThere is no way on earth you can do that. It is the mouth of the Pearl River. Every spring it is going to flood, and every time there is a wind out of the south, it is going to flood. You will bankrupt the Federal flood insurance program. You can’t build there. Under the provisions of this bill as I read them, the person could then sue the Federal Government for that $5,000 an acre he paid for it. Now, you and I may look at it and say he was foolish to pay $5,000 an acre. But when you consider the highest priced property in the State of Florida is right along the canals that used to be marshes, and some of the highest priced property throughout our country is waterfront property, that person could turn around and make a fairly intelligent argument that this is right here on the Mississippi Sound, it is waterfront property, and I ought to be entitled to my $5,000. Mr. CANADY of Florida. Mr. Chairman, will the gentleman yield? Mr. TAYLOR of Mississippi. I yield to the gentleman from Florida. Please tell me how we are going to keep people from abusing this bill? Mr. CANADY of Florida. We are going to do that, because we grant them the right to compensation for the diminution in the fair market value of their property. What I am telling you is $5,000 in that case would be a sham. That is not the fair market value. Mr. TAYLOR of Mississippi. I would ask the gentleman from Florida [Mr. CANADY] where is fair market value defined in this bill? Mr. CANADY of Florida. That is a concept that is well defined in the law. We do not need a definition of that. That is defined in condemnation law already. That is there. There is no doubt about that. And the kind of circumstances you are describing are not going to result in compensation. I understand your concern, but I think it is not well founded. Mr. TAYLOR of Mississippi. Mr. Chairman, reclaiming my time, let me ask the gentleman this: Is it fair market value if the 1 dollar an acre that the man bought it for during the Depression, is it fair market value for the $5,000 an acre that the man from the Midwest and does not know what a coastal marsh is worth, or he in good faith paid $5,000, or is it $50,000 an acre that it would be worth if he could build the shopping center? I would ask the gentleman from Florida [Mr. CANADY], with a rule of law, why are we so afraid to define something and why do not we define it in this bill? Mr. CANADY of Florida. Mr. Chairman, if the gentleman will yield further, let me say this: I do not think anyone is afraid. No one is afraid to define this. It is already well-defined in

this colloquy the word, as a gentleman, of the gentleman from Florida [Mr. CANADY], that before the end of this day, before the passage of this measure, that we will do everything humanly possible to have a definition of fair market value included in this measure. Mr. CANADY of Florida. I give you my assurance we will work with you to develop such a definition. Ms. FURSE. Mr. Chairman, I move to strike the requisite number of words. Mr. Chairman, I rise today in strong opposition to this amendment, and do that on behalf of the Northwest salmon fishing industry. I believe that while we talk about private property protection, we should also provide that protection to small businesses and local economies that are dependent on healthy natural resources. I have heard statements today that the American people support this legislation. Well, I do not think that is quite true. The American people in poll after poll have said that they support protection of water and clean air, and they support legislation that does that. Mr. Chairman, as recently as 1988, the salmon fishing industry in the Northwest contributed more than $1 billion a year to our economy, 60,000 jobs. This includes men and women

who fish commercially, sports fishers, charter boat owners, hundreds of small businesses that sell to that industry. But unfortunately, decades of habitat destruction through logging, mining, grazing and shoreline development, dam building, irrigation diversions, have sent our valuable salmon populations plummeting towards extinction. Last year, for the very first time in history, the ocean salmon fishery was closed on the coasts of Washington and Oregon. Our legendary spring chinook fishery has been closed in the Columbia River. What has the economic impact been? A 42-percent decline in America salmon-related jobs. A 46-percent decline in overall salmon-related economic output. I absolutely cannot understand how any Northwest Member of this House could support this legislation in opposition to the direct economic interests of their constituents. Recently, I received a piece of literature from the Pacific Companies Federation of Fishermen’s Associations. I will include that in the RECORD. I would like to read a few excerpts from it. Without a strong Endangered Species Act, the only available remedy for the species recovery is closing down the fishery. And they say the ESA is not the enemy, it is only the messenger. Listing a species is like dialing 911 when you need an ambulance. It should be used rarely, but where needed, it is nice to have. Finally they say about the importance of wetlands—. All around the country our industry is utterly dependent on species which themselves require healthy watersheds and estuaries for their most critical life cycle. Yet all this has been put at risk by the continuing destruction of wetlands and watersheds for those species dependent upon them for their very existence. What H.R. 925 and this amendment does, it would make our already devastated fishing communities pay twice. They have already paid once with their livelihoods, because upstream property owners have overlogged or they have closed the streams to fish or they have developed riparian wetlands. But now we are asking them to pay again, to open up their wallets and pay again, to compensate landowners when the Federal Government has attempted to protect what little is left of a healthy fishery habitat. Why should these hard working American taxpayers have to compensate corporate polluters and developers? They have wiped out our small businesses and our resource-based industries. It is the cumulative impact, Mr. Chairman, of hundreds of private property owners acting in their own self interests that jeopardizes the public interest in such things as clean water and healthy fisheries. Yes, we should compensate when there is a direct taking, but the American taxpayer should not have to pay landowners not to pollute or to degrade

our public resources, and water is a public resource. I am a property owner myself, but I believe that although I have a private property right, I have a public property duty. If you care, if any of the Members here care about the American fishing industry, they should vote no on this amendment. This is not a takings bill, it is a corporate takeover bill. Mr. CUNNINGHAM. Mr. Chairman, I move to strike the requisite number of words. Mr. Chairman, I do not plan on taking the full 5 minutes. But the gentlewoman talked about the salmon in Washington.

They also wanted to take and build this big venturi tube because they had a plan for $100 million to circumvent the dams up there that had no scientific basis, and it was going to cost them $100 million. The particular guy that runs the dam said, OK, we are going to save fish. They found out that there is this fish called a squawfish that eat their own body weight each day. Instead of $100 million, he took a group of high school kids for the summer and caught squawfish and saved about 90 percent of the fingerlings that went down and saved, this is big government’s answer versus entrepreneurship. They also want to take out a lot of the dams in Washington that have recreational value and storage of water and those kind of programs. But I look at, the President has just said, which I agree with, he wants to take a look, instead of just totally doing away with affirmative action. I think that is a reasonable view. But I think if you look at the reasons we have clean air, clean water, they have good purposes. But in many cases, those purposes have gone run amok. Same thing with the endangered species act and the wetlands. I think that a reevaluation is what we are asking for, an economic impact where we do protect property rights of individual citizens in this country. Those are reasonable requests. But unfortunately, Mr. Chairman, there is many, many on the other side of the aisle, that do not want the reasonableness in any of those particular acts. They want to use it as a weapon, as a tool against our private citizens. I know in the California desert plan, the property rights, and there was a portion of it that said that if you own property, they could take it and the

ronment, whether it be the Endangered Species Act, whether it be the rights of private property owners. We would like to see a reasonableness. But that is not what we have been seeing. Just as I listened, with a great amount of interest and certain support of the eloquence in regard to the protection of the American eagle or the salmon, all very good stories and certainly not the intent of this Member in being part of seeing something that would undo those laws that have protected in a commonsense way, if that is the way it has been done, but I, too, could sit up and stand up today and talk about some unreasonable acts. An act in my district that cost taxpayers over $3.5 million in the protection of a water snake when all we were trying to do was build him a lake. These are the kinds of dumb things that we have had imposed upon us by the elitists of the environmental community who choose to overlook the fundamental reason why we are here today. That is the fifth amendment of the Constitution. If you are going to take someone’s property, the Constitution guarantees compensation, period. But we have had an interpretation of current laws to such a degree that there are those among us who believe their cause, and that cause often is a snake or a fish or a bird or some individual very important cause to an individual or a group of individuals, that believe that their opinion supersedes the right of an individual property owner. That is why we are here today. We have heard a lot of talk about the budget. I am very interested in that. This bill will not cost one dime. It will not cost one dime, because what it will do, it will cause us to begin to look realistically at the cost of that which we are about to impose by the various agencies. And I suspect that the reasonableness that the gentleman from California just spoke about, and this Member certainly believes in, that we will find reasonable solutions, because I find that it will be the rare exception of a property owner that will deny a reasonable application of protection for the environment or protection for an endangered species that is reasonable and can be arrived at in the same manner in which those on the other side continue to argue we will not do under this law. This bill does not pay polluters to pollute. This legislation, in fact, it specifically says, regarding the health and safety of this country, ‘‘no compensation shall be made under this Act with respect to an agency action, the primary purpose of which is to prevent an identifiable hazard to public health or safety.’’ There is a lot of red herrings out here, and that perhaps is a bad example to use today. But basically and simply, what we are talking about is returning to the actual application of the Constitution of the United States in saying that for whatever cause you are going to take my property, you

must compensate me for it. Primarily we should start by saying it is in the public interest that we do certain things and have reasonable discussions and we would never even be here today. I rise, again, in strong support of the Tauzin amendment. I believe that it will actually do what the opponents say it will not do, it will actually protect the environment and protect the endangered species in a way in which no one has even thought of as yet. Mr. TAUZIN. Mr. Chairman, will the gentleman yield? Mr. STENHOLM. I yield to the gentleman from Louisiana. Mr. TAUZIN. Just to point out that one of the reasons people oppose this is, they say the American public can not be in support of this. Let me point out, Nations Business magazine just did a poll. The question was, should the Federal Government compensate owners when private property is restricted for environmental reasons? Do you know how many people responded yes? Ninety-two percent of Americans responding in that poll said yes. We ought to say yes today. Mrs. CHENOWETH. Mr. Chairman, I move to strike the requisite number of words. Mr. Chairman, I want to respond to some of the comments that were made by the gentlewoman from Oregon because I, too, come from the northwest. My State has been severely impacted by the listing of the redfish lake sockeye salmon in the summer and fall Chinook salmon. My State has had a great fall as far as its economic abilities because of the listing of the endangered species. One of the problems that we are seeking develop now is the fact that the issue really is not the fish. The issue really is control of the land, control of the land without due compensation and just compensation and due process. When we look at the health of the fish, we look at the health of the Pacific salmon and the fact that through agency research, we were able to use a technique called chemical imprinting, and actually take the Pacific salmon and place the Pacific salmon, in spite of his anadromous fish instincts and the desire to spawn upstream and be able to reprogram the fish’s brain and natural instinct through a process of chemical imprinting so we took the Pacific salmon and placed him in the Great Lakes. And right now some of the best salmon fishing can be found in the Great Lakes, an area that was once considered polluted. In addition, Mr. Chairman, in the Great Lakes, they are now suffering, because the salmon has been so successful, a decline of the whitefish because the salmon is now competing for the environmental space. The salmon runs and the anadromous fish runs in the great northwest are a product of many things, least of which is the product of the Marine Mammal Protection Act. And because this body, several years ago, decided to pass the

Marine Mammal Protection Act, it has thrown out of kilter the balance between marine mammals and fish. It is another product of the El Nin˜ o, which is a warming trend in the Pacific Ocean. And so if we, as a body, could simply let science be free to do what science is best able to do, we could improve the fish. Now, with regard to the taking of property, I rise in strong support of the Tauzin amendment. The value of property and fair market value is established by the dynamics of the market system. There are comparables that can be used on developed property or the potential of developed property, and there are appraisers who are licensed by the State to make sure that their appraisals will live up to the standards the State has imposed on them. They are trustworthy appraisers, and MIA appraisers can be depended upon. So this whole concept of compensating people for the taking of their property should be one to slow down the Federal Government from taking of our property because, Mr. Chairman, if we do not stop this, this Nation will face a recession of great magnitude, because all wealth is acquired from the land. Unless we are able to take our creative energies and apply it to the land and bring out original wealth, this Nation will face economically. Right now, Mr. Chairman, approximately 40 percent of our land base is under the control of the Federal Government. We cannot afford, as a nation, to have anymore under it. I strongly support the Tauzin amendment. Mrs. LINCOLN. Mr. Chairman, I move to strike the requisite number of words. (Mrs. LINCOLN asked and was given permission to revise and extend her remarks.) Mrs. LINCOLN. Mr. Chairman, in representing a totally rural district in eastern Arkansas, I certainly have realized how critical private property rights are. I was raised in a seventh generation farm family in Arkansas Mississippi River Delta. And as a farmer, my father has taught me not only a tremendous reverence for land conservation but also a very big respect for fairness and equity in property rights. In the past years we have seen some of our individual property rights diminished. I think that the efforts today in trying to restore that, those property rights as well as the individual constituency respect in the Federal Government and what we are here to do. We see in this bill the efforts to put fairness back into our constituents’ property rights. That is a very important issue. But also there is another issue. That is the fairness in terms of the financial implications this may have to our constituents as taxpayers.

Bowles versus the United States of America, was a good example of exactly the question the gentlewoman raises; that is, what is the Government’s obligation in regard to paying the fair market value of a piece of property that came under a wetlands regulation. He had a lot in a subdivision. The Government for 10 years argued that they only owed him the value after they had told him he could not build on it, after they said ‘‘You cannot build a house on it.’’ He argued for a long time ‘‘This is a subdivision lot. My neighbors have built houses. If you tell me I cannot build a house, I should get the fair market value as a subdivision lot.’’ He won after 10 years. What we are saying is it is the fair market value before the use regulation restricts the property, as compared to the fair market value after the use restriction. That is it, pure and simple. If the gentlewoman recalls, we had the same debate on the Desert Protection Act last year. The arguments there were that when an endangered species occurs on a piece of property and it lowers the value of that property, that in that case, the person should be compensated for the value of his property before the endangered species restrictions were imposed upon his property, not after. That is the whole purpose of the act, to compensate him for the damage diminution by the imposition of the restriction. The gentlewoman is correct, it is not the prospective value after you build houses and buildings and subdivisions, it is the value as an undeveloped piece of property before the regulation is imposed upon it, compared to the value right after. the gentlewoman yield? Mrs. LINCOLN. I yield to the gentleman from Montana. Mr. WILLIAMS. Mr. Chairman, if I could, on the gentlewoman’s time, ask the gentleman from Florida [Mr. CANADY] a question. The gentleman mentioned something to the effect there is plenty of case law in effect. My question is, Mr. Chairman, moving, as I think this legislation does, even with the amendment, from access to the judiciary to a different appeals process entirely, how would the case law crosswalk with it? The CHAIRMAN. The time of the gentlewoman from Arkansas [Mrs. LINCOLN] has expired. (By unanimous consent, Mrs. LINCOLN was allowed to proceed for 1 additional minute.) Mr. CANADY of Florida. Mr. Chairman, will the gentlewoman continue to yield? Mrs. LINCOLN. I yield to the gentleman from Florida. Mr. CANADY of Florida. Mr. Chairman, the arbitrators who would be involved in this process would be governed by the same rules that would apply in the courts.

the gentlewoman yield further? Mrs. LINCOLN. I yield to the gentleman from Montana. Mr. WILLIAMS. That is not required under the act, is it, that the case law be crosswalked to the department as they try to mitigate for the appeals? Mr. CANADY of Florida. Mr. Chairman, if the gentlewoman will yield further, that is what determines the definition of fair market value. That is the reference for determining fair market value. I do not think there is any question that that body of law that helps determine fair market value would be applicable in this context, as well as in the traditional context. Mr. WILLIAMS. With congressional intent, and I assume we are making intent clear, Mr. Chairman. Mrs. LINCOLN. Mr. Chairman, I first applaud the gentleman for working hard to make it a better piece of legislation, and I would encourage them all to work with both myself and the gentleman from Mississippi [Mr. TAYLOR] so we can codify that. Mr. CALVERT. Mr. Chairman, I move to strike the requisite number of words. Mr. Chairman, there is no district in this Congress that has been more affected by private property right disputes than my district. I represent Riverside County where the Stephens kangaroo rat, several weeds, lizards, and bugs have seized control of the land. No longer can private citizens use their property the way they wish, for fear of reprisals from the U.S. Fish and Wildlife Service. One notorious example of this occurred early last year when residents were not allowed to disk their property around their homes in order to protect the kangaroo rat. The consequences of this was disastrous and outright irresponsible. Fires broke out in southern California that destroyed 25,000 acres and 29 homes near Winchester, CA. The irony of that fire is that it destroyed critical habitat area for the species we were supposed to be protecting. I know my colleagues have heard this story before. However, I cannot repeat this story enough. This story is a perfect example of what can go wrong when the Government oppresses honest and hard working citizens. These people deserve compensation for these extreme regulations. They deserve to be heard. They should be treated better than California’s furry little friends. The Tauzin amendment would give power back to the people. It would give compensation to landowners who bought their property, and then found a critter or weed was lurking around the corner ready to devalue the land. While my constituents support the protection of endangered species, they will not tolerate the Government’s irresponsibility in handling this process, and ignoring a person’s constitutional right to own and use the land which they paid for with their hard-earned dollars.

thought it was accepting an absolutely impossible liability. gentleman from Michigan [Mr. DINGELL] has expired. (By unanimous consent, Mr. DINGELL was allowed to proceed for 3 additional minutes.) Mr. DINGELL. Mr. Chairman, we accepted that liability, and very shortly the lawyers were conducting seminars on swine flu law, and swine flu law was widely practiced by the legal bar, both by honest attorneys and, quite honestly, by shysters and ambulance chasers. The practical result was that the Federal Government wound up with a liability of $5 or $7 billion, because the lawyers went out and said, ‘‘Here is how you do this thing.’’ Then they went around and solicited clients. Then they rushed into court. Then they began collecting huge judgments against the Federal Government. The Federal Government hired enormous numbers of lawyers, and the Federal Government paid enormous sums of money. Here nobody knows what the liability is. Here the only thing we know is that if the legislation discussed by my colleagues on the Republican side of the aisle is adopted, that if the Federal Government does anything that anybody can claim impacts on the worth or the value of their land, they can be absolutely certain that they are going to be in the Federal courts or before the Federal agency to demand that they be compensated, and they will get themselves a slick appraiser who will come forward with a slick appraisal of what the land is worth before and what the land is worth after. We can bet that those slick appraisals are going to be done to assure that the Federal taxpayers come up with the most money they possibly can. Farmers are going to be paid under this for the costs of loss of value on land which has been enhanced in value by Federal irrigation projects. Does that make sense? Not to me. Maybe on the other side of the aisle it does, but not over here. All I can tell my colleagues is, they are assuming liabilities that will gray the hair of everybody else. They are adding to a valuable constitutional protection an irresponsible, incalculable liability for the taxpayers who pay our salaries and who expect us to legislate wisely, and they are assuming responsibilities for claims by every slick lawyer acting on behalf of a slippery client over claims which may or may not have value, and which may or may not have worth. If there is a good basis for legislating in this area, I say we should do it wisely and well, but not to simply come out with this kind of blank check where people can back an armored car up to the Treasury and walk off with a truckload of cash.

though well-intentioned in trying to reach a position that many of us like myself from the West would find comfort in having in fact began to move legislation that will create the enormous problems that the gentleman in the well describes. We should be very careful. Mr. TIAHRT. Mr. Chairman, I move to strike the requisite number of words. Mr. Chairman, the right to own and use private property is a fundamental right to our system of self-governance. H.R. 925 and this amendment on the Private Property Protection Act is a crucial step in restoring the constitutional integrity of the takings clause. The ability to own property enables citizens to exercise their autonomy over Government authority. That is why this right to own private property is enshrined in the Bill of Rights. The fifth amendment states: ‘‘No person shall be deprived of life, liberty or property without due process of law; nor shall private property be taken for public use without just compensation.’’ Mr. Chairman, it could not be more clear.

On March 1 in the Kansas House they passed legislation to help protect property owners. The Speaker of the Kansas House, Tim Shallenburger, claimed that this legislation was long overdue, and he urges us to pass H.R. 925. Mr. Chairman, the horror stories that rogue Government regulations have created go on and on and it is a shame. It is a shame that the madtom catfish can end three generations of a family business. In Kansas the Shepard family has spent over 100 years, or three generations, scooping gravel near the Neosho River. But regulators went mad about the madtom catfish. They shut down the Shepards because the madtom inhabited the Neosho River and they thought the fish might be threatened, so their gravel-scooping days were over. Many people like the Shepards have been deprived of the use of their land and have to fight just to get Government to consider their claim. The passage of H.R. 925, as amended, will restore the true meaning of the takings clause of the fifth amendment and will restore sanity to the regulatory craze. Mr. Chairman, we have fought an expensive cold war for many decades. What that fight was about was freedom. In September 1991, the Soviet Congress declared in article 24 of their Declaration of Rights: Every person enjoys property rights, including the right to own, use and dispose of property. The inalienable right to own property guarantees personal individual interests and freedoms. Do the Russians have a higher respect for private property than some Members of Congress? I hope not. H.R. 925 and this amendment must pass. It is the right thing to do and it is the right time to do it. Mr. TAUZIN. Mr. Chairman, will the gentleman yield? Mr. TIAHRT. I yield to the gentleman from Louisiana. Mr. TAUZIN. I want to thank the gentleman for his excellent statement, particularly reminding us how important private property rights and ownership are to the exercise of liberties and freedoms in our society. It is the cornerstone of the free enterprise system. Other countries who have gone through the awful experience of communism only to return to that system must be watching us with some humor to see people fighting the very rights that have made us special and different and emulated around the world. I want to point out what the court, said, our Supreme Court said in Doland versus the City of Tigard: We see no reason why the takings clause of the fifth amendment, as much a part of the Bill of Rights as the first amendment or the fourth amendment, should be relegated to the status of a poor relation in these comparable circumstances. In short it is as special, as sacred to our institutions of liberty as free speech, right of assembly, practice of

religion, all the basic rights of our Bill of Rights. Second, to point out that we are not creating this right on this floor today. It is a right inherent in our Constitution. We are not creating an obligation of this Nation to compensate. That is a right inherent in our Constitution. All we are doing is saying that small individual landowners who cannot come to this Federal Court in Washington, DC, and spend 10 years of their lives and $500,000 of court costs and attorneys fees, who cannot do what big landowners are doing today, ought to have the same right to protections under that Constitution as those folks who can come to the court here in DC. By golly, if we don’t do that, we sacrifice an enormous part of that special package of Bill of Rights that our Founders knew were special and we have found out over generations makes us special, makes our country a great place to be. In fact, the place where most people would like to be. I thank the gentleman for yielding. Mr. HAYES. Mr. Chairman, I move to strike the requisite number of words. At one level, this afternoon’s debate is about a statute, its words, its language, its construction, what it means individually as applied later by courts. At a much greater and larger level, it is about a fundamental positioning of why each and every one of the persons who assemble in this room choose to do so, why they place themselves before a public for its endorsement to return here to represent their interests. It is about that latter to which I would like to address a memory. He is a little man from Poland, about my dad’s age. He sat very near where that rail is right by that door and watched the people’s house that did not exist in Poland from whence he came. As he watched us last year deliberate an

he must have thought back to his arriving at this country, in Michigan, wishing no more than to work hard, to do well, and to be part of what had attracted him to this country. In the late 1960’s while I was in high school, he became part of the American dream, because Henry bought a little piece of property in Pennsylvania where he and his wife visited and where they some day planned to retire. That was 4 years before there was a Clean Water Act. In 1971, before there was a Clean Water Act, the Corps of Engineers went to Henry who had paid 4 years of property taxes and 4 years of mortgage and said, ‘‘We’d like to dredge a pit and put some of the spoil on your property. It will help some day when you retire.’’ Two decades later, 21 more years of mortgage payments and interest, Henry retired. And the year I entered this Congress, he and his wife wished to enter that property to build their home. Instead, they got a cease and desist order from the U.S. Corps of Engineers.

no longer use his land because it was a wetland, subject to regulation. The gentleman, Mr. Floyd, lost $50,000 in the value of his property, $8,000 in farm income, and thousands of dollars in fighting to preserve his family farm. Another example is the tragic story of a southwestern Indiana farmer named Bart Dye. Mr. Dye stands to lose his farmland which has been in his family since 1865. The Fish and Wildlife Service considers the protection of two species, mussels in a river adjacent to Mr. Dye’s land, and the possibility that someday a bald eagle may decide to land on his property, none have been sighted, no nests have been found, and as far as anyone can tell, there are no bald eagles that live in the neighborhood, but the potential that it may be a habitat for that species has threatened to rob Mr. Dye of the use of his farm and prevent him from ever owning it. The choice here is very simple. These laws will stay on the books, the government will be able to enforce them, but we must in so doing protect the private property rights of citizens who are affected by those laws. We will reestablish the basic principle that the property is owned by the citizen, not by the government given to them for their custody, and that if the government takes that property for a public use, they will receive fair and just compensation. I urge the body to support the

Mr. POMBO. Mr. Chairman, will the gentleman yield? Mr. MCINTOSH. I yield to the gentleman from California. Mr. POMBO. In one of your examples, you talked about, I believe it was Mr. Dye, who had what would be suitable habitat or potential habitat for an endangered species, and they want to restrict the use of his property, based on the fact that if an endangered species ever wanted to live there, it could. Mr. MCINTOSH. That is correct. Mr. POMBO. Under this legislation, that would be a taking? Mr. MCINTOSH. Yes. The diminution in value, because he would be unable to farm his farm would be a taking. Mr. POMBO. If this legislation were to pass and in a few months when it is law, would Fish and Wildlife act in the same way and go out and just designate everything that they see as potential habitat and gain control of it? Or would they prioritize the areas? Mr. MCINTOSH. It is my expectation that they would prioritize it for areas which are in fact critical habitat for species such as the bald eagle, but leave citizens such as Mr. Dye alone in their private property and actually seek out those areas that are critical to preserve that habitat. Mr. POMBO. If that were the case and they had to prioritize what was critical habitat and they did not go after Mr. Dye, if there was a cost to the bureaucrats and the federal agencies of

Mr. MCINTOSH. At that point there would be no cost to the bureaucracy because they would not have deprived him of his property rights. Mr. POMBO. So it would not bust budgets and Mr. Dye would not be able to back his U-Haul trailer up to the U.S. Treasury to take money because the U.S. Agency would be forced to be responsible for the first time in 40 years? Mr. MCINTOSH. That is correct and that is the goal of this legislation. Mr. TAUZIN. Mr. Chairman, will the gentleman yield? Mr. MCINTOSH. I yield to the gentleman from Louisiana. Mr. TAUZIN. That was an excellent discussion of how this bill does not have to cost money if the agencies start being responsible. I want to give you a similar example. Mr. Spiller of Lake Fausse Point in Iberia Parish, LA, built a crawfish pond on his property, 80 acres. He was then told he did not apply for a 404 permit. He was told you need a 404 permit to do that. It is a wetlands. He said, well, of course it is a wetland; I want to raise crawfish. They said well, you still need a 404 permit, so he went and applied for a 404 permit. In the meantime EPA issued a cease and desist order and told him to take down the 35,000 dollars’ worth of levees he had built in order to raise the crawfish, and that would cost another $4,000. He had to do that. It cost him $40,000 for nothing. And then he filed for his permit and EPA objected. Do you know why he was denied his permit to raise crawfish on that property? Because EPA decided and found that it was a natural habitat for red swamp crawfish. He was told he could not raise crawfish on the property because the crawfish were there already. I mean we get those crazy kinds of applications of the law, and the crawfish, you know, is not like the bald eagle, it is not likely endangered except by Cajuns like me and Mr. HAYES. It is fairly well prominent in Louisiana. And I thank the gentleman for his comments. Mr. DOOLEY. Mr. Chairman, I move to strike the requisite number of words. Mr. Chairman, I rise in support of the amendment of the gentleman from Louisiana [Mr. TAUZIN] and the bill that is on the floor. And I rise in support of it for really one basic reason, because we are talking about fairness, we are talking about equity. We are talking about if this Government determines that it is in the interests of our greater society to provide for protection of a species, to provide for amenities that can benefit our life and our environment, that the cost of providing for that enhancement should not be borne solely by those who own private property. The basic principle is if we are going to provide for benefits and the greater

issues. Two of those issues, the wetlands and Endangered Species Act come up for reauthorization this year. If indeed those are the problems, then let us deal with them at that time. Let us not change what this law does. And I want to ask those Members who are supporting the bill to read it, because as I said, the Constitution says you cannot take for public use without just compensation. That is what the law has been for 200 years. This bill says, this bill says no law or agency of the Federal Government that diminishes value, not takes, diminishes the value by 10 percent of any portion of your property, you must find just compensation. This is a radical departure from where we have been in the law in the United States. This is why the argument is that is going to be opening the bank, the Federal Government, that is why the argument is we are going to have to create so much Federal bureaucracy about what the law says that agency, that portion or that percent is all about. It is going to be a nightmare to implement. Later on I am going to offer a bipartisan amendment that I think corrects all of this, but I think we are moving

only when the government divests the total ownership of the property. The fifth amendment prohibits the uncompensated taking of private property without reference to the owner’s remaining property interest. In short, any partial taking that is compensable is a taking under the Constitution, is compensable yesterday, today, tomorrow. We are simply providing a new remedy, and I thank the gentleman for yielding. Mr. CONDIT. Mr. Chairman, I move to strike the requisite number of words. (Mr. CONDIT asked and was given permission to revise and extend his remarks.) Mr. CONDIT. Mr. Chairman, I feel compelled today to rise and just make a couple of brief comments. I first would like to state that we have heard some discussion this morning about this bill, and this amendment, as though this is one of the first times we have heard it. This is not the first time we have visited this issue. This issue of private property rights has been around this Chamber, around the Capitol for a long time. And I feel compelled to commend the gentleman from Louisiana [Mr. TAUZIN] and the gentleman from Texas [Mr. FIELDS] who have been working long and hard on this issue. Last year we had a vote on this floor on the Desert Act, which I think we debated for about 4 or 5 days, and we had 143 Democrats who voted in favor of full compensation if your property was taken because of an endangered species. So we have debated this issue. There have been people who have been working long and hard, and [Mr. TAUZIN] has been in the forefront and the leader of that issue. We have also heard people say well, we should do this in a freestanding bill somewhere else, we ought to do this with reauthorization when it comes up, and those all have merit. It would be great if we could do that. But you know what, we did not do that.

The gentleman from Louisiana [Mr. TAUZIN] could not get a hearing on his bill in past years. We could not get reauthorization up before this House because this House clearly knew that if we did, we would pass private property right protection for the citizens of this country. Let me tell Members, make no mistake what we are talking about here today is compensation. You take my property, you owe me something.

knows what the title of this bill is. It is the Private Property Protection Act of 1995. Who could be against that? Let me suggest, Mr. Chairman, that is not what this bill is about, and I commend the cleverness of the authors of the pending amendments, and particularly my good friend and colleague, the gentleman from Louisiana. He and I have fought this one out through many a long year. But it is no accident what is before us. What is now before us is not some broad treatment of the question of property rights. It is not some reaffirmation of a constitutional right which is inherent for two centuries and is not changed by what we do or do not do today. What is before us is specifically directed at a couple of statutes in particular, the Endangered Species Act and the Wetlands Act. Why do you suppose that is? Several people on the other side said earlier today that if this bill is very expensive, as others here have contended, then the American people are being robbed. Well, Mr. Chairman, that is true, but it is only true if you redefine robbery, and that is exactly what this bill purports to do. Whatever in the world is meant by 10 percent of a portion of property is, among other things, a redefinition of robbery, and although the bill very wisely and cleverly exempts local zoning statutes, let me ask Members to contemplate the logical implications which underlie it. To the extent that actions taken pursuant to these environmental statutes constitute takings, so precisely, and for exactly the same reasons, exactly the same way, do local zoning statutes constitute takings.

I own a piece of property in my district. My community says to me I cannot build within 70 feet of the sideline of that property. That is diminishing the value. I could have built something bigger there. I cannot build so many feet from the street. That further diminishes the value. I have to be so many feet back from the water. That further diminishes the value. I cannot build on more than 40 percent of my land. My God, how valuable it would be if only I could. And I cannot build more than three stories high. But if I put a skyscraper there, God knows what it would be worth. I cannot put, I do not know, what would I like to put there, a factory. I cannot even put a small shop or a bookstore there. That value is diminished considerably by a local zoning ordinance. Now, if that is robbery, then I am willing to concede that what we are talking about in the statutes under assault here is robbery. There have been a lot of horror stories cited here, and for all I know some of them are true, or variations of them, are true. Some of them are not, but I am willing to concede that some of them are. But this bill does not target horror stories. As my colleague from Massachusetts said earlier in the day, this bill targets these statutes, and make no mistake about it. The absolute target of this bill is the statutes. The real takings here, the real takings, if this bill becomes law, are two of our most important environmental laws in this land. If that happens, who will compensate the American people? Who will compensate the American people for the loss of wetlands? And what are they worth? And how do you calculate that? And who will compensate the American people for the loss of diversity in species, and what are they worth? And how do you calculate that? What is the plant that gave us taxol worth? It is a cure potentially for breast cancer and ovarian cancer. What is that worth? If it is taken away from the American people, how do we compensate them for that? Is there a plant out there or an insect or something slippery and slimy which apparently people do not like much around here that has the cure for Alzheimer’s in its genes or the cure for AIDS? How do we compensate for the potential loss of that? Do we really know what we are doing here? The committees of jurisdiction of these two statutes have had no hearings on this. They have not even had a sequential referral for 1 minute of this bill in this Congress. I know what the gentleman from Louisiana is going to say. Let me see if I can paraphrase it for him, perhaps not in the same accents, but he is going to probably suggest that in the last Congress, when I chaired the committee of jurisdiction over the Endangered Species Act, he, on I would say more than one occasion, asked if we might not be able to consider this.

Pallone Pastor Payne (NJ) Pelosi Rahall Rangel Reed Reynolds Richardson Rivers Roukema Roybal-Allard Rush Sabo Sanders Saxton Scarborough Schroeder Serrano Skaggs Slaughter Smith (NJ) Stark Stokes Studds Thompson Torres Torricelli Towns Tucker Velazquez Vento Visclosky Ward Waters Watt (NC) Waxman Weldon (PA) Woolsey Wyden Yates Zimmer

Mr. Chairman, we should follow the Constitution. It has worked for over 200 years. Yes, there are instances where it has not worked, but in general it has worked extremely well. If we have a problem with protecting wetlands in the regulations issued under them, let us reauthorize the Clean Water Act in a way that more fairly takes into account the concerns of the private property owner. If there are similar problems under the Endangered Species Act, let us rewrite the act to address those problems. But, Mr. Chairman, let us not write an entirely new entitlement program with an endless flow of litigation and huge costs to the Federal government that are entirely unnecessary. Senator DOLE has the answer for us, and I commend the amendment to every Member. Mr. CANADY of Florida. Mr. Chairman, I rise in opposition to the amendment offered by the gentleman from Illinois [Mr. PORTER]. Mr. Chairman, I think it is very important that we understand exactly what the impact of this amendment would be, and to understand that we can just begin by reading in subsection A where it states in general no compensation shall be made under this act with respect to any agency action for which the agency has completed a private property impact analysis before taking that agency action. Going beyond that, Mr. Chairman, I think it is important that we look at subsection C which follows in section 3. In subsection 3(c), Mr. Chairman, I think it is important that we note the

have put their cards on the table. Their concerns are basically about the Endangered Species Act, wetlands programs, and water rights legislation. If you have substantive problems with these programs, and I have problems with some of these programs, then what we should do is amend the substantive legislation, or we can deauthorize them entirely. If you think the agencies that administer these programs have excess money, then let us defund those agencies to the extent necessary. We can cut the programs and cut the funding. But it makes no sense at all to do what this legislation would do without the Porter amendment, which is create a new multibillion dollar entitlement program that goes way beyond what the Federal Constitution requires and far beyond what any Federal court

in support of this amendment by the gentleman from Illinois [Mr. PORTER] and others is after we passed the Tauzin amendment, I think there is an awful lot of concern by the Army as to what happens here. Listen very carefully, because people forget this. The Corps of Engineers is the one who is to enforce the Wetlands Protection Act under section 404 of the Clean Water Act. Now, under the Tauzin amendment, 404 of the Clean Water Act is still being covered under these takings. So when the Corps of Engineers goes out to do these things, the Army is very concerned that this is the deepest pocket of all and can really come back against them and really jeopardize their budget. Right now the way the law is, is that if there is a judgment against the Army Corps of Engineers, it goes into the general fund. It does not come out of the military. But under this bill, it would have to come out of the agency’s budget. Now, how does the Army project what kind of claims they are going to have? How does the Army plan for this? I have several letters that I will leave over here at the desk that I think are

very concerning for people who do not want to vote for this amendment, because I think this amendment is the one thing that might at least bring some rationality and some predictability to the process. The first is a letter addressed to the Speaker, in which the Army is pointing out the problems that they will have and why they are against this bill overall. But they are pointing out if this passes, the Army’s ability to carry on any essential civil works functions, such as responding to a flood or any other disaster, or protecting the public interest through development of water resources or projects for navigation, flood control, environmental restoration, and so on, is going to be severely impeded. And the way that I understand the Porter amendment is it is more predictable because it is more similar to what is happening now. So at least the Corps of Engineers and others would have some idea as to how the Clean Water Act would be moving. Now, there will be many people saying ‘‘Oh, no, the Army is just screaming ‘wolf.’ ’’ But I think when you read this, and you read it, you will find out the Army is not crying ‘‘wolf.’’ They are really trying to get the EPA. But again under the statute, the EPA does not act under section 404, it is the Army Corps of Engineers that is directed to act. Therefore, they are the payor in all of these cases. So there is also an information paper here from the Army that I will leave at the desk, talking about all the things that they are worried would happen. They are worried about its effect on readiness, what would happen in op tempos where they are out. Can people stop them from moving on missions because it might interfere? They are talking about the budgetary nightmares. They are talking about the civil works problems and the bureaucratic problem of not moving. Since we are in this bill and since this bill may pass, I would hope that at least we could adopt this amendment, because it would be a bit more predictable as to what would happen. But I am a little amazed that as we move through this contract, on the one hand we are trying to cut back people’s claims on personal injuries, but we are moving out here into the private sector, and I sometimes wonder if we are not just trying to switch all of the tort attorneys into takings attorneys, because I would say if we do not adopt this amendment, what we are really doing is finding the deepest of all deep pockets, and I would advise any attorney in private practice to immediately forget any other sector but the takings sector, because you have got Uncle Sam standing behind it. So I think the Porter amendment is a modification that would make it more predictable, and I would certainly think, although I understand the Army to be opposed to the whole bill, at least this would make it a little more predictable if it does pass.

I think that is very clear, when we use private property for public use, as we do in many of the pieces of legislation that are passed, the private property owner is entitled to compensation. The problem is that the U.S. Supreme Court and other lower courts have interpreted that in a fashion that they see fit to say that sometimes you get compensation and sometimes you do not. The fact of the matter is that this Congress has the same responsibility that the Supreme Court has, to interpret the U.S. Constitution and pass laws in accord with the Constitution. And that is exactly what we are doing here. We are simply acknowledging that when you determine what private property is and when it is used for public purposes, then we have every bit as much right as the courts do to indicate our interpretation of that amendment so long as our interpretation is a constitutional interpretation. Clearly, this statute is such a constitutional interpretation. So if we are going to be realistic about our responsibility to private property owners in this country, and this important principle embodied in the Constitution, then it is important that we take action to compensate people when their land is taken for public use purposes. Mr. GILCHREST. Mr. Chairman, will the gentleman yield? Mr. GOODLATTE. I yield to the gentleman from Maryland. Mr. GILCHREST. Mr. Chairman, I cannot agree with the gentleman more. I just would like to make a couple of quick points. One, I really do believe that the problem with the Endangered Species Act or wetlands should be dealt with in the authorizing committees and not in this fashion.

the Committee on the Judiciary. We held hearings on this issue. We held an extensive markup on this issue. We have now come to the floor with authorizing legislation. As the chairman of the subcommittee has already indicated to the gentleman from New Jersey, this is not an entitlement. This is an authorization. I think that it is entirely wrong to suggest that just because somebody cannot use their property for a very major purpose because of legislation that has been passed by the Congress or because of court interpretations of those legislation, that they are not entitled to compensation when there is a substantial reduction in value of the property, which this bill requires, that they should indeed be compensated. Mr. GILCHREST. Mr. Chairman, I was not referring to the Committee on the Judiciary authorization of this bill. It is clear that they authorized this bill. I was referring to the authorizing committees that deal with the problems. We are going to be dealing with the problems that the Endangered Species Act and the clean water, section 404, and the wetlands—Mr. GOODLATTE. Reclaiming my time. I would say to the gentleman that I commend him for that and encourage him to do that because I think after this legislation passes and becomes law, it will be very important and very necessary for you to do that, whereas previously it has not been necessary and has not been done.

Mrs. MORELLA. Mr. Chairman, I move to strike the requisite number of words. Thank you, Mr. Chairman. I rise today in opposition to any legislation that would provide additional takings compensation beyond that allowed for under the fifth amendment to the U.S. Constitution. I realize there are many citizens who believe they have been dealt with unfairly or uncaringly by Federal regulatory agencies. I strongly support initiatives that would grant them relief. I support the Porter amendment, which requires new takings assessments and which will heighten regulators’ awareness of these important issues. I support the concept of installing agency ombudsmen—to explain the laws, to handle complaints, and to nip disputes in the bud. And I support the settlement of property claims by new, nonjudicial mechanisms. However, to support a new and broadbased system of takings compensation would be to support one of the most unwieldy, unworkable, and unneeded entitlement schemes that has ever come before this body. H.R. 925 would force us to make an impossible choice: either we agree to bloat the Federal deficit and clog the Federal judiciary with takings claims or—more likely—we must abandon the enforcement of those laws most crucial to the protection of our Nation’s wildlife and its remaining natural areas. That is the choice before us today. It is a choice that none of us can make, and it is a choice none of us should have to make. To understand the law, Justice Holmes reminds us, we must understand what the law has been. Private property rights are not absolute—not now, not ever. In saying so, I am not quoting from the latest Greenpeace bulletin—I am not quoting from John Muir or Karl Marx. I am quoting a principle of common law which has existed for almost 1,000 years. From the time of King Henry the Second, in the year 1166 A.D., the Assize of Nuisance stated that a property holder could be held to account for ‘‘things erected, made, or done’’ on his land that gave trouble to others. If a property holder’s cattle strayed from his land causing damage, his neighbors could sue and force him to build an enclosure. If the landowner raised or lowered the water level on his property, and that act caused detriment to others, the landowner could be held liable. If a man cast dung into the ‘‘ditches or waters which are next to any city, borough, or town,’’ another citizen could sue and force the mayor or sheriff to take corrective or punitive action. The nature of the nuisances and pollutants may have changed since the Middle Ages—the underlying principle has not. The principle that the polluter should pay is rooted in laws and cus-

toms that prevailed for centuries before Columbus sailed the Atlantic. The bill before us today would fundamentally undermine these principles. It would undermine the property holder’s responsibility for the public goods of which he is but a temporary steward. A landowner does not own the air we all breathe, a landowner does not own the water that flows under his land and into our taps, a landowner does not own the eagle that lands in his tree. Rather, these are public goods, and as such, they are the greatest and proudest possession of the American people. These public goods are for the property owner to respect and protect—they are not for him to sell back to the American people, their true and rightful owner, at the auction block. I urge the defeat of the compensation bill, I urge passage of the Porter

Precedent, established through zoning laws and the like, looks at the entire piece of property, not only the portion of the land that cannot be used as the owner desires. I believe that H.R. 925, as written, will destroy centuries of U.S. and common law and will create immense legal and financial problems if implemented as it is currently written. In addition, we discovered in Michigan most takings problems can be resolved by ensuring that regulators work with the constituency to achieve a solution. That should be the thrust of the law, and that, I believe, is the thrust of the Porter amendment. Mr. Chairman, I would like to quote from a letter I received today from a gentleman who served as a Justice in the Michigan Supreme Court for several years, and currently is serving as mayor of the city of Detroit, one of the major American cities. His comment about the bill before us is as follows: These takings bills pose a radically new and constitutionally unsound theory for litigation. Historically, takings’ issues have been decided by the courts. The judiciary has crafted just and adequate protection for property owners based on the constitutions of the Federal and State Governments, weighing in each individual case a property owner’s justifiable expectations of property use against the rights and interests of the

public as embodied in governmental regulation. There is no reason to expand the ‘‘takings’’ theory, because a substantial body of case law that the courts have developed to enforce constitutional protections is sufficient. That is the end of the quote from former Justice Archer. We, of course, have experienced takings in other forms; zoning laws, for example. I recently bought a house in Grand Rapids. My wife and I would like to add an addition in the back, and discovered we cannot build exactly as we had hoped because the city government has said ‘‘You cannot build anything on the rear 25 feet of the lot.’’ That property cannot be used as I wish, just as it often happens with wetlands conditions. However, we have established procedures for that. We have established laws that result in what is for the greater good of the public. Even though I may not build on that piece of property, that particular zoning law has increased the value of my property and the value of my neighbors’ properties. Mr. Chairman, as a former State legislator, I also took a look at what the States are doing, because I know this is an issue before the States. 25 State legislatures have considered a law like the one before us, and have rejected it. Nine States have adopted some type of takings legislation, similar to the law before us, but it is interesting that 6 out of the 9 have adopted legislation that is modeled after the Reagan executive order and the Porter amendment that is before us. In other words, they are taking the same approach that we are recommending in the Porter

the mayor of the city of Detroit, Dennis Archer. Just to show the bipartisan nature of this amendment, I am quoting Ronald Reagan and Senator DOLE, so I think this amendment has just about everything going for it as far as bipartisanship is concerned. I compliment the gentleman for his contribution. Mr. ABERCROMBIE. Mr. Chairman, I move to strike the requisite number of words. Mr. Chairman, speaking in favor of the Porter-Farr amendment, there has been anecdotal evidence, Mr. Chairman, offered on the floor with respect to the overall bill here, 925. I would like to add to it by way of example, I hope illustrative of what might really be involved and what parallel experiences others might have. I am going to cite the example of water, Mr. Chairman. There is an assumption, an underlying assumption in this bill that questions about private property have already been resolved; that is to say, we know who owns what. I would suggest, Mr. Chairman, that is not always the case, not by a long shot. I would also suggest that if we go over the history, as we have in Hawaii, on water rights, who exactly owns the land where water coursing is concerned, where the water goes? What is the natural course that water takes? What if it is diverted? What if we have an historical situation, as we have in Hawaii, where plantations came into existence and literally changed the course of nature, took water from one place and took it to another place for economic purposes? The land which was owned or leased, in some instances, where sugar was grown, where pineapple was grown, did not have sufficient water. It was taken from elsewhere. Now we have a situation in which we have to determine whether we are going to, as sugar lands, utilization of sugar lands declines, whether we are going to return the water to its original course. If that happens, what consequences are there for landowners? In that context, in Hawaii and elsewhere in the country we have the question of watershed areas, we have the question of water conservation. We have, in fact, the question of how will water be used for municipal purposes, for private purposes, for household purposes. Once this takes place, there are immediate consequences for the land. The gentlewoman from Colorado [Mrs. SCHROEDER] has brought before the body, and I think it deserves reiteration now, the questions that have been raised by the Acting Assistant Secretary of the Army for Civil Works, and I want to repeat that, the Assistant Secretary for Civil Works in the Army, addressed to Speaker GINGRICH, strongly opposing the bill because of some of the kinds of questions that I have raised in the private-public sector with respect to water and how it is

This allows, in fact requires, that a private property impact analysis be made, all within the context of the fifth amendment. Mr. Chairman, let us not forget, the fifth amendment is not abandoned. I think the gentleman from Illinois [Mr. PORTER] raised that question in some of his previous commentary, that after all is said and done, and after all our interpretations are made, and I hope that everyone will grant that I am making mine in good faith, as I granted it to others that they are making it in good faith, that the fifth amendment must be satisfied. There can be no takings without just compensation under the fifth amendment. What constitutes that just compensation and what constitutes that taking does now and will remain a question to be decided under the full protections of the fifth amendment. In the meantime, then, what we do legislatively is very, very important as to what will be presented to the court as a fifth amendment issue, a takings issue. Therefore, I commend to the Members’ attention, in conclusion, please look at the content of what the private property impact analysis says, and I think a lot of the fears and anxieties of those who favor not supporting the Porter-Farr amendment will be alleviated. Mr. DOOLITTLE. Mr. Chairman, I move to strike the requisite number of words. Mr. Chairman, this Reagan executive order which has been referred to, and which has not been very faithfully implemented, I might add, since it was promulgated, and this bill that we are considering are perfectly harmonious, and I believe will work very, very well together. In fact, the Reagan executive order without this bill will not work nearly so well, and that is because if one is so unfortunate as to have the massive power of the Federal Government directed against himself, the average length of time to pursue a takings case is between 5 and 10 years, ranging in cost from $50,000 to $1⁄2 million or more. I have heard a lot of rhetoric about how this is a big bonus for big corporations and wealthy landowners. I would say, Mr. Chairman, the only ones that

do not have a remedy in this country are the average people. Sure, we have had the fifth amendment for 200 years, and there has been no effective remedy, really, to implement it for 200 years. We have had some very vague Supreme Court cases, and unless a person was big and wealthy and had a staff of attorneys, they could never afford to pursue their right for relief under the fifth amendment. Finally, we are to the point today, thankfully, with the Contract With America and the changes that have occurred, where we can respond to the voice of the average citizen, and we can provide a remedy in order to make real the protections afforded by the fifth

We have heard today, I just cannot believe it, I hear the words ‘‘unwieldy, unworkable, radical,’’ used about this piece of legislation, and these words spoken from the very mouths of those who have supported the Endangered Species Act and its bizarre conclusions, such as whereby the farmer who was unintentionally plowing his field and kills a rat, he stands now criminaly indicated because he has committed a taking of an endangered species. That sounds like it is pretty radical to me, pretty unwieldy, pretty unworkable. Then we have this little critter, the fairy shrimp. This costs each new homeowner, and continues to cost today in the city of Roseville, in my district, $6,000 extra per house because of this creature which we are protecting. Radical? Yes. Unwieldy? Yes. Unworkable? Yes. That is what we seek of change by this very wise and judicious piece of legislation. Mr. Chairman, we need this bill. I just want to point out, it has been implied that somehow we are going to impair defense readiness because the Army will have to respond to all these claims. I just want to point out that there are two funds. The defense readiness and all of that, the military stuff comes out of one fund, the defense appropriation, and the energy and water appropriation, a separate subcommittee, deals with the civil aspect of the Army, so there is no way this bill is going to impair defense readiness. Mr. Chairman, I would urge this

I would just like to sort of clarify and frame the discussion that we are having here. We have had some problems with regulations, they have been described as regulatory takings. We have had problems probably to some degree at any rate all across the country. So we are attempting here to solve or find some reasonable cure, for an over, to some degree, in some people’s minds, and to a certain extent that is true, regulatory insensitivity to private property. What we have here, on the one hand, we have problems with property rights. Because if you find the little fairy shrimp on there, you cannot do something, and where is the value of that? On the other hand, we have jobs. Maybe you cannot lumber or timber or do something else in an area. But on the other hand we have this crucial, critical thing called biodiversity which to a large extent is to be protected by the Endangered Species Act. So how do we as humans solve this particular dilemma? Do we solve it by talking and discussing with the regulators, with Members of Congress, with the landholders about what they can do with their property and still hold onto biodiversity for future generations? Or do we solve the problem by sterilizing debate, by saying that we are going to take care of this and if some regulator comes in there and wants to take your property or regulate your property, we are going to compensate you, flat out, the Federal Government will pay for you not to abide by the Endangered Species Act, or for protecting wetlands. I think what we need to do, and I am coming from a position of what I do in my district, whenever we talk about wetlands in my district, or whenever there happens to be a beetle on the side

of a hill, we try to get the Corps together, Soil Conservation, EPA, Fish and Wildlife, myself, the affected landholder, and we sit down and we discuss this issue. But unless we adopt the Porter amendment, there will be no more discussion of this issue. You will have the incentive for people not to want to talk to the regulator, not to want to talk to any State legislator or to their Congressman or anybody. The incentive will be dollars and cents. I do not think that is what we really want to do here. We want to solve the problem of some cases being insensitive with their regulation. We ought to deal with this in the authorizing committee, of Resources, to fine-tune the endangered species act. We ought to deal with this in the Committee on Transportation and Infrastructure to fine-tune the wetlands provisions of the Clean Water Act. I want to make one other point. When we look at this little tiny thing here that no one would ever notice, I suppose, now, I do not know if this has any medicinal value at all, and I recognize there is a problem with overregulation, but I do not want to throw out the idea that we live on this planet in a very cold void called the universe that is infinite, and we as human beings, getting fundamental now, rely on the resources of this planet to keep us alive and to keep the future generations alive. I see that if we enter into this problem of takings in the way that we are dealing with it, that some of those resources are going to be diminished. Before there was human impact on this planet, and I recognize we have to manage what with we do because we have people here, we cannot save every species and we cannot live in the wilderness like people did a thousand years ago. Before there was human impact on species, we had about an average of one species per million become extinct every year, for millions and millions of years on average, except for 2 catastrophes, one of which was the dinosaurs, one species, per year, out of a million became extinct. Now it is close to 10,000 species becoming extinct out of a million every single year. We have accelerated that process, and we do not know what the value of wetlands and biodiversity will do for future generations, but let us make sure that when we have this debate, we do not throw those things out. Those are important. We must continue to discuss them. Mr. POMBO. Mr. Chairman, will the gentleman yield? Mr. GILCHREST. Am I out of time, Mr. Chairman? The CHAIRMAN. The gentleman has 15 seconds. (At the request of Mr. POMBO and by unanimous consent, Mr. GILCHREST was allowed to proceed for 3 additional minutes.) tleman from California.

Mr. POMBO. I originally came down here to ask you one thing, and as you continued, there is something else I have to ask you. You said that we had one species a year for a million years. Mr. GILCHREST. I said that before there was human impact on biodiversity and ecosystems, there was one species for every million species on average, for every million species, you would have one species becoming extinct every year. That was before the human impact in the last, let’s say 1,000 years. In this particular decade, in an evaluation of our relationship with biodiversity or species on the planet, you have about 10,000 species, plants, insects, per 1 million becoming extinct every year. That is an acceleration. Mr. POMBO. If the gentleman will yield, the study on the 10,000 was based on, if it is the same study I saw, was based on one island and what happened on that one island and extrapolated throughout the entire country. Mr. GILCHREST. Reclaiming my time, the study you are talking about, there have been studies in the rain forests of Latin America, there have been studies in Indonesia, there have been studies all over the world, including the United States. The average is, now in the United States we would not have 10,000 species per every 1 million becoming extinct, but we have hundreds of species becoming extinct in the United States as a result of human impact. What do we do, tell all the people to move? No. But you manage the resources with what you have. I yield to the gentleman. Mr. POMBO. I do not know how in the world you can say that there is one species per million before human impact as humans were not here and I do not really follow that. But the main point I rose on—Mr. GILCHREST. Reclaiming my time, the way you do that is through scientific discovery of the strata, of the biology of things, through research, through archaeology, through anthropology, through scientific techniques that can evaluate what species looked like throughout just about the course of time that the Earth has been here. There is a scientific technique to discover those kinds of things. I yield to the gentleman. Mr. POMBO. The main reason why I came down here is because you and I have discussed this issue for a number of years about what to do. You have always said that you want to help, that you do want to protect people’s private property and that that is an interest of yours. This amendment that is on the floor right now is purported to be the Reagan Executive order, or taken from the Reagan Executive order. I do not know if you even realize this or not, but the Executive order is still in existence. If this amendment passes, the only change in—Mr. GILCHREST. Reclaiming my time, the Reagan order, the only thing

that will happen, if this Porter amendment goes through, this will offer us an opportunity to do two things: One, to make sure that the agencies are much more sensitive to what happens, and we can reauthorize the Endangered Species Act—The CHAIRMAN. The time of the gentleman from Maryland [Mr. GILCHREST] has expired. (At the request of Mr. POMBO and by unanimous consent, Mr. GILCHREST was allowed to proceed for 1 additional minute.) Mr. GILCHREST. When we reauthorize the Endangered Species Act, we can certainly address those problems that have happened. When we reauthorize the Clean Water Act, we can do that for wetlands. This Porter amendment makes sure, it reemphasizes, it directs the agencies so that they will be told by us and we have the responsibility, that you must inform that person as far as the impact of their property is concerned and the value of their property whether it is diminished or whether it is not diminished. The fifth amendment still holds true. But my problem with this bill as it stands without the Porter amendment is that in my mind it is going to create a huge, litigating, bureaucracy that we cannot anticipate. Mr. POMBO. If the gentleman will yield, what you are worried about is you want to protect what is happening right now, which is not working, and that is what we are trying to change. That is the whole problem. Mr. GILCHREST. Reclaiming my time, I just do not want to make it worse. The CHAIRMAN. The time of the gentleman from Maryland [Mr. GILCHREST] has again expired. (At the request of Mrs. CHENOWETH and by unanimous consent, Mr. GILCHREST was allowed to proceed for 3 additional minutes.) Mr. GILCHREST. I yield to the gentlewoman from the beautiful State of Idaho. Mrs. CHENOWETH. Could the gentleman just define for me what biodiversity and ecosystems are? Mr. GILCHREST. Biodiversity means all of the species on this planet that have evolved over millions of years that have created, literally, life on the planet. We have air because of living organisms on this planet. We have purifying techniques in life forms on this planet for our atmosphere. We have animals in the oceans, for example, a whole range of species, from microorganisms right on up to whales that interact with each other that cause what we call the balance of nature. The planet Earth exists the way we know it, we breathe the air, drink the water, eat the food, we find medicines in the natural environment to cure diseases. This happens as a result of over millions of years of evolution of different species reacting with each other to form the planet Earth.

minority had been willing to let it go to the subcommittee. Behind me is the ranking member of the committee that would have had jurisdiction over it if we had been allowed to discuss this in committee. But to reinforce what the gentleman said, the bill on which we had hearings disappeared when we went to markup; we had a very different version. So the language that is before us now, the Canady substitute as amended by the gentleman from Louisiana [Mr. TAUZIN], has never been before a committee for a hearing and in fact the great bulk of this has never been subjected to the markup process and that is why we do not have these answers because they did not want to subject it to scrutiny. Mr. DINGELL. That seems to be consistent with the overall practices that we have observed with regard to legislation. I think that in almost every instance where we have dealt with questions which were involved in the contract in the 100 days we found that the legislation has changed faster than even the managers of the legislation could understand. And that they were incapable of explaining language which was in their own bill. I think that good legislative practice deserved better protection of the public interests and requires better than the legislation we have before us. Mr. BOEHLERT. Mr. Chairman, I move to strike the requisite number of words. Mr. Chairman, I rise today in strong support of the amendment being offered by my good friend and colleague from Illinois, Mr. PORTER. The Porter

Takings can only be decided based on the impact on an overall parcel of property, not just the affected portion. And, and this is extremely important, particularly to this debate, Justice Rhenquist, Justice Scalia, and every member of the Supreme Court said diminution in the value of property is insufficient to demonstrate a taking. I think the gentleman from Illinois [Mr. PORTER] is taking a very reasoned approach to a problem we all acknowledge, and I would urge that we follow his lead and support his amendment. Mr. MILLER of California. Mr. Chairman, I move to strike the requisite number of words and I rise in support of the amendment. (Mr. MILLER of California asked and was given permission to revise and extend his remarks.) Mr. MILLER of California. Mr. Chairman, I rise in support of the PorterFarr-Ehlers amendment. I think it a well-reasoned amendment, for reasons my colleagues from New York just reiterated. It is also very fiscally responsible for those of us who are concerned about the Federal Treasury and potential raid on the Treasury that the underlying legislation holds out. It is also a good amendment because it keeps in place what happens in most instances under the current laws, and under the current laws the matters between the enforcement of the Endangered Species Act, more importantly the enforcement with the Clean Water Act is a matter of negotiations between the landowner and the local agency and the Federal Government about how that land shall be developed or not be developed, and to bring it into compliance with the purposes of both the Endangered Species Act and the Clean Water Act. We are all well aware, you cannot serve in the Congress of the United States and not be aware that we have had enforcement of these laws that defies common sense, that we have had enforcement of these laws that is about the arrogance of an agency. We have had enforcement over these laws and decisions rendered in many instances where there simply is a mismatch between the landowner and the agency, but this legislation comes in and says we will treat all situations as if that is the normal course of doing business under the law. In fact, it is not, because the point is that there are thousands and thousands

and thousands of projects that are approved every year where they have to comply with Clean Water, comply with Endangered Species, and we negotiate it out.

Now your suggestion is the landowners can simply cross their arms and say, ‘‘Pay me.’’ That does not really help us in terms of the development that people want to see take place in their cities and their towns, and it means that we will have to reconsider projects because simply agencies will start to run out of money to comply with that act should they want to continue to go forward with those projects. What we really ought to be doing, and over the last year, unfortunately, we were not able to do that, but I guess with the new majority, we will; the gentleman from Louisiana [Mr. TAUZIN], myself, and the gentleman from Louisiana [Mr. HAYES] and others have worked on an amendment to change procedures within the Clean Water Act to get people timely decisions. Most of the people I have been engaged in in the enforcement of the Endangered Species Act, what they want is a decision. They would like to have a decision, because time is money in their business, and then they would know what to do. But these agencies drag them out and drag them out. But that goes to the underlying acts, especially with respect to Clean Water and how to make sure we can even up the negotiating positions of those parties. But to come in at the end with the Tauzin amendment and suggest that in each and every case the issue is whether there is a taking or not is not so at all, because the vast majority of these cases, whether they are very large developments or small developments, have to do with negotiations between the landowner and the various entities pursuing or participating in the development plan for that piece of land. And for that reason, I think we should strongly support the PorterFarr-Ehlers amendment, and then get on, as a number of other people have suggested, get on with the reauthorization of the Endangered Species Act, with the reauthorization of the Clean Water Act, where many of us believe that structural changes have got to be made in that and definitional changes have got to be made in that, and we now have lands that the Clean Water Act is applied to and definitions of wetlands that leave us all speechless as to how that could have ever been the intent of the Congress. I think in a number of instances it was not the intent of Congress. Those are the actions that have got to be taken to straighten out and preserve the environmental balance and the protection and the need for communities and landowners to be able to use and to develop their lands as they see fit. So I would hope that we would take the Porter-Farr amendment as a stop-

guts private property rights. Now, I have heard speech after speech of how this is a budget-buster. That is why compensation should not be paid, if you listen to people on the other side of the argument. No one that I know in Congress who supports private property rights wants another Federal spending program. No private property owner that I know wants compensation because of a wetland or an endangered species designation. Those of us who support private property rights and landowners want Federal bureaucrats to stay off of private property. We do not want them taking away the use of that property. We feel that there is a constitutional right to use and enjoy one’s private property. No one wants compensation for that. So for us, those of us who have been involved in drafting the Tauzin amendment to the Canady substitute, we see compensation as a stick that forces the Government to make the right decision, not the bureaucratic frivolous decision that can be made with no compensation. Now, I am going to say in regard to the authors, this bill does mandate a private property impact analysis before the Government takes the property, and I will credit the authors that alternatives have to be identified that lessen the likelihood of taking private property in the analysis that is done. That is positive. But, and I want to underline ‘‘but,’’ after the analysis is done and even if alternatives are iden-

tified, there is nothing that forces the Government to take those identified alternatives. But worse, in Porter, judicial review is precluded for the private property taking analysis, and we have seen situation after situation where the biologist or the scientist of the Government, of a private landowner disagree, and yet under this, it is precluded. So if you disagree with a Government biologist on a takings determination, you cannot get that judicially reviewed the way this amendment is drafted, as it regards the Government’s analysis. So what is the worth of that to a private citizen? Absolutely nothing. And I think this is a sham amendment to private property owners. So what does Porter-Ehlers-Farr do for the private property owner? It says your right to compensation for takings to private property for public use under the fifth amendment is there. Well, that is there now, and a citizen can go to Federal court today if there is a question about a taking with endless appeals at an average cost of over a half-million dollars to that private citizen if they want to try that particular action in Federal court. How many average citizens can afford that type of expense? Not many. And that is why you have not had that many cases taken through the Federal court system. This is a gutting amendment. People should make no mistake about it. The CHAIRMAN. The time of the gentleman from Texas [Mr. FIELDS] has expired. (By unanimous consent, Mr. FIELDS of Texas was allowed to proceed for 1 additional minute.) Mr. FIELDS of Texas. If you are for those people making wetlands and endangered species decisions in your district, basically the Corps of Engineers and Fish and Wildlife involved in every property transaction and building permit, you should vote for this amendment. If you told your constituents back home you are for private property rights, you should vote against this

deal about this bill. Questions about it have gone unanswered. There have been a great deal of uncertainties. The chairman of the subcommittee has said we will have to get back to see if we can work that out to the gentleman from Mississippi. The problem is this bill has undergone none of the normal scrutiny of the legislative process. We had a hearing on the appropriate language, the relevant language, in the contract. That was a bumper sticker on a page. It had so little content it was an embarrassment even to them. The chairman of the full committee, the gentleman from Illinois, tried to remedy that situation, so when we had the committee markup, there was no subcommittee markup, when we had a committee markup, he had a very different bill. It looked a little bit like the Tauzin bill, but still there were a lot of differences. That bill had a life of about an hour. It disappeared even before some of the species that our friend from Maryland has lamented. Because back came something that was close to the original, and that went through the committee on a voice vote. Then when they realized that even by their standards that was too extreme to pass, they decided they had better make some kind of arrangement with the gentleman from Louisiana. So we got a fourth version of it, and the amalgam of the Canady substitute and the Tauzin amendment has never before been subjected to any legislative process. We are dealing with an extraordinarily complicated subject for the first time on the floor of the House this year without hearing and without any markup from the committee to which it was referred. Now, we have the second issue, and that is the unwillingness of the sponsors to discuss what this bill will really do, because what they have talked about are those examples when the regulatory process itself may have gone astray, and things go astray, Members of Congress, and legislative processes and all kinds of things go astray. They have talked about what they call the horror stories, how this misapplication and that misapplication was involved. But this bill, absent the amendment that we are now discussing, does not correct mistakes in the regulatory process. It applies, with its full force and effect, to those instances when the regulatory process is working perfectly and exactly as it was supposed to. This is a bill that deals with those instances when the Wetlands Act is being imposed to protect wetlands, because they have an important environmental purpose. Everyone acknowledges that wetlands have an important environmental purpose. They affect drinking water, a whole lot of things. This bill deals with those instances, a great majority of instances, when the system is working exactly as it should. It deals with the Endangered Species Act when it is working exactly as it should.

Why do they talk about the exceptions? Because the real purpose is to undo the basic Wetlands and Endangered Species Acts, and if they want to do that, they should do that in those committees. They said, ‘‘Well, in the past, we did not have control of those committees.’’ But they do now. Those committees now have majorities amenable to them, so they ought to be brought up in those committees. Instead, you have got this now you see it, now you don’t process. In fact, what they did in the Committee on the Judiciary was pull the old hidden bill trick, because the bill that finally came to the floor had very little relationship to the bills we had hearings on and the bills we debated, and, again, what they are doing is attacking the Wetlands Act and attacking the Endangered Species Act collaterally, not by changing the substance, but by making them impossible to enforce. Because, again, I want to be very clear about this, this is not a bill that says where the Corps of Engineers, where the EPA, where the Interior Department has misapplied the law they have to pay, where they have exaggerated, where they have had bad science, they have to pay. This is a law that says that when any of the Federal agencies charged with administering these acts carries out the act exactly as it was meant to be carried out to protect wetlands, to protect endangered species, to do exactly those environmental things which we said we wanted done, they will have to pay and engage in this very lengthy process. That is why, both for procedural and substantive reasons, it is a grave error to try to rush this bill through here. It is one more example of undue haste on a complex subject, the result of which will be the kind of legislation we now have. This amendment would slow it down. The amendment, for a bill from the Committee on the Judiciary dealing with process, is the appropriate amendment. If Members feel that, as part of the Wetlands Act and as part of the Endangered Species Act, they have been overadministered, then deal with them here. Do not do it by stealth in this bill. Mr. CRAPO. Mr. Chairman, I move to strike the requisite number of words. Mr. Chairman, I think it is important that we respond to some of the arguments that are being made here, because some of them are just wrong, and others need to be clarified. Let us go through some of them. First of all, it has been said repeatedly here this is a budget-busting measure. I think that is kind of an interesting argument. Remember what the bill does, it says when the Federal Government is diminishing the value of private property owned by private citizens in this country, that it must pay for it. Those who are saying this is going to cost hundreds of billions of dollars must at least be concerned the Federal

protects our rights adequately, and we do not need to go beyond the constitutional protection. But one of the very speakers in support of this proposed amendment said the Supreme Court has already declared that under the fifth amendment the protection is against a total taking of your property.

The point is the fifth amendment protects against takings. This statutory protection protects against diminishing in value. Then there are those who say, well, this is just the Dole-Reagan approach. It has been said before, but I want to repeat, that Senator DOLE said in a letter that he sent us that this amendment which we are debating here, which is a killer amendment to the legislation we are bringing, does not represent his approach and that he supports the concept of compensation as this bill requires. And the person who sponsored, who drafted the letter—Mr. PORTER. Mr. Chairman, will the gentleman yield? Mr. CRAPO. I yield to the gentleman from Illinois. Mr. PORTER. I thank the gentleman for yielding. Mr. Chairman, I have read the letter from Roger Marzulla and also the letter from BOB DOLE. And it is very evident from both letters, if you read the last paragraph of the Roger Marzulla letter, he says, ‘‘As chief architect of the Takings Executive Order, I can assure you that in no way was it ever intended that if the Federal Government went forward with action that did in fact violate the fifth amendment, the Federal Government was in any way relieved of its constitutional duty to pay just compensation.’’ Obviously, neither Senator DOLE nor Roger Marzulla understood the amendment. The amendment says, ‘‘No compensation shall be paid under this act,’’ referring to the Canady-Tauzin legislation. If you read section (d) of the

is no judicial review to be sure the agency is conducting the analysis properly. All the agency has to do is conduct an analysis to avoid the problem of compensation. Mr. Chairman, the point I make here is that we have a basic difference in philosophical point of view. There are those who want to say the constitutional protection against a taking, a

expired. (At the request of Mr. FIELDS of Texas and by unanimous consent, Mr. CRAPO was allowed to proceed for 2 additional minutes.) Mr. CRAPO. I yield to the gentleman from Texas. Mr. FIELDS of Texas. I want to make sure I understand this, if the gentleman will yield. As I understand the amendment as drafted, if an impact analysis is done, which, by the way, is a positive step, particularly from the fact that they look for alternatives, there is no compensation directly from the government but you have your constitutional right for a taking, which means you go as a private landowner, spend half a million dollars in Federal court with endless appeals, questioning biologists. It is just a sham. If you are for the system as it is, vote for this; if you are for private property rights, you had better vote against it or you had better have good explanation for your constituents if you said you are for property rights. Mr. CRAPO. That is right. Let me clarifly one point. We have to understand, in this debate, the difference between protections under the U.S. Constitution and what this statute seeks to do. The Supreme Court has made it clear that the constitutional protections relate to what amounts to a full taking of the property. And when the Federal agencies do not fully take your property but simply regulate what you can do with your property to a lesser extent than actually taking it from you, the constitutional provisions under the Supreme Court decisions provide no protection. This statute is intended to fill that void and provide compensation when your property is diminished in value but not totally taken.

court here in Washington to file a suit against that kind of arrogance. Mr. Gautreau ought to have the confidence and the trust of this Congress working behind him. He ought to have this bill which says he can get justice at home. He ought to be able to go to that Corps of Engineers office in New Orleans and the EPA office in New Orleans, say, ‘‘You did this to me. Now you pay for my property damage you caused me. You give me enough money to relocate if I can’t live here. If my home is built on a wetlands that is so important to so many of you in America, save it for God’s sake. But pay me the decent value for my property, and let me relocate my family where I don’t have to take a helicopter to go home.’’ That is why this amendment needs to be defeated, because the Gautreaus of America and the Chaconases of America were victimized under this system and ought to have a right to justice, civil right justice, at home and not to have to come to the court in Washington, DC, any more than we made any citizen in the 1960’s have to come to Washington to file a suit here. Mr. PORTER. Mr. Chairman, will the gentleman yield? Mr. TAUZIN. I yield to the gentleman from Illinois. Mr. PORTER. How does the individual get his rights asserted under the bill under the gentleman’s amendment? He does not have to go to court—Mr. TAUZIN. Reclaiming my time, Mr. Chairman, I say to the gentleman under our amendment [Mr. PORTER] you deal with the agency at home just as the Gautreaus did, and, when the agency at home tells you that you can’t use your property, you have to take your lane down, you have to destroy the house you built and bought, if you have to do all of that, you go to that agency, and you say, All right, if my property is so important for the rest of you in America to take it from me, which you have a right to do under wetlands protection, under—’’ let me finish—under endangered species protection, then let’s go to arbitration and find out how much you’ve cost me and the arbitrator then takes account of what the appraised value of Mr. Gautreau’s home was and the appraised value of the home across the street, the Chaconases’, and they calculate the appraised value before the regulators came to visit him, they calculate the appraised value after they have been told to take it down, and then they get paid——. The CHAIRMAN. The time of the gentleman from Louisiana [Mr. TAUZIN] has expired. Mr. DELAY. Mr. Chairman, I ask unanimous consent that the gentleman from Louisiana [Mr. TAUZIN] get 3 additional minutes. Mr. FRANK of Massachusetts. Mr. Chairman, reserving the right to object, we are stuck with their 12-hour rule which I am not crazy about, but we have already used up more than 6 hours on two amendments, and I am re-

A single landowner would still be forced to shoulder the entire burden of regulations as long as agencies perform an impact analysis. But this impact analysis will be used by Federal bureaucrats to dodge responsibility for their regulations. And in the end, if the Porter amendment is adopted, the bureaucrats will get the land while the private property owners will once again get the shaft. Mr. Chairman, the issue here is very simple: Do you support the rights of private property owners or do you support the power of government bureaucracies. My constituents as well as the constituents of the gentleman from Louisiana are sick and tired of the heavy hand of the Federal Government. They want relief from bureaucrats, not more power for the Federal bureaucracy. Mr. Chairman, I urge my colleagues to defeat the Porter amendment and score a victory for the private property owners of this country. Mr. SHADEGG. Mr. Chairman, I move to strike the requisite number of words. Mr. Chairman, I rise today in strong opposition to the Porter amendment and in support of the legislation as it stands before us. The Porter amendment, at least it has been acknowledged, will gut this bill, and that much and to that degree only has there been candor. This bill is about the protection of private property rights, and I am personally outraged about the tone of the debate. First, we hear that it is too costly. You tell me when in America it is too costly to live up to the U.S. Constitution and the guarantees in that Constitution? You tell me when it is too costly. It is not too costly to live up to the cost of the Endangered Species Act the Wetlands Act or the plethora of other laws we have pummeling the American people everyday. They are not too costly. And when they went through this body, we were told there would be no cost to them at all. Now we discover there are massive costs to them. But the opponents of this legislation call it too costly to pay those whose property rights they are taking. Second, we are told it is too bureaucratic. I ask again, since when is it too bureaucratic to live up to the words of the U.S. Constitution which promise to each American citizen he will be compensated when his private property is taken? But I could not stand silent any longer than when people took to the floor and cited my home State of Arizona in support of the Porter amendment and in support of defeating the legislation we have before us. It is critical that we set the RECORD straight. The fact is that the people of Arizona did not defeat a Private Property

What was put before the people of Arizona was not a private property takings compensation piece of legislation which would have said to people whose property was taken by government regulation. They did not have that before them. What they had before them in the initiative which we recently debated in Arizona was a phenomenally bureaucratic piece of legislation very much like the Porter amendment which said what we ought to do is have a lot of government bureaucrats study the issue and do an analysis. At the end of the day it provided no remedy. The people of Arizona said that is not sufficient. The people of Arizona believe in the fifth amendment. They believe it is not time for further bureaucracy, it is not time for an impact analysis, it is not time to empower bureaucrats to study the issue and, having studied the issue, no matter now valid the study, to deny people their private property rights. Rather, they want compensation. If, in fact, there are great and worthy purposes to be served by wetlands takings, by ESA takings, then so be it. But the people whose property is taken then deserve not bureaucracy, not words, but compensation for the property they have surrendered. Mr. Chairman, I urge the defeat of the Porter amendment. Mr. HASTINGS of Florida. I move to strike the requisite number of words. Mr. Chairman, as I listen to the debate, I become genuinely concerned that all of us need to tone down a bit, for the reason that no one here wishes that anybody’s property be taken without fair and just compensation. But I do believe that the Porter amendment would provide for that, and I do not believe that my good friend from Louisiana means to establish the rather extraordinary bureaucracy that likely will come into existence in order to be able to implement what is a well-intentioned bill. Mr. Chairman, I yield to the gentleman from California. Mr. FARR. Mr. Chairman, I want to point out the difference between the Porter amendment before you and the Tauzin amendment that you have adopted. If you are really interested in trying to solve the problem of the property owner, you will listen very carefully. Because what the Porter amendment says is government, take a look before you do anything. The Tauzin amendment does not ask government to do anything except to act, and then to come back and bite you by suing you in court. The Porter amendment says write down, government, what you are going to do and tell us what the impact will be. Is there a likelihood that there will

Morrisville is the industrial-commercial section of Philadelphia, and he was able, he and his Hungarian wife, were able to raise their two girls and put them through college. Gloria and Victoria Poszgai were so thrilled when they graduated from an American college because of the hard work of their father, laboring in the fields as many of us have done, as many of us who understand the lay of the land and the ability to work and produce. And Mr. Poszgai and his wife received a present from their two daughters. On a billboard that the two girls rented after they graduated from college the girls wrote ‘‘Thank you, mother and father. Thank you for helping us make the American dream come true, because you have. Thank you, from Vickie and Gloria Poszgai.’’ The American dream didn’t die there. There was a 14 acre parcel of property across the street from where the Poszgais lived. It had historically been used as an old dump. Mr. Poszgai checked with planning and zoning and the property, the 14 acre parcel of property, had been zoned as commercial and industrial, although illegally used as an old dump. The only cloud on the title was a ditch that ran counter, cater-corner across that property, for the purpose of exhausting rain water that had collected in the gutters of the streets at Morrisville across this property. But over the years an adjacent property owner had thrown about 7,000 tires out on this property. The CHAIRMAN. The time of the gentlewoman from Idaho [Mrs. CHENOWETH] has expired. Mrs. CHENOWETH. Mr. Chairman, I ask unanimous consent to proceed for 3 additional minutes. The CHAIRMAN. Is there objection to the request of the gentlewoman from Idaho? Mr. FRANK of Massachusetts. Mr. Chairman, reserving the right to object, I just want us to understand again, and I am not going to object, but that is what your restrictive rule has forced us to. We have several more important amendments. The time is being eaten up by this process. I hope people on the other side asking for extra time, cutting into the time of other people who want amendments, will remember that the next time they vote for a rule which so restricts us on so important a piece of legislation. Mr. Chairman, I withdraw my reservation of objection. The CHAIRMAN. Is there objection to the request of the gentlewoman from Idaho? There was no objection. Mrs. CHENOWETH. Mr. Poszgai went in after mortgaging everything he had and buying up this 14-acre parcel of property, he cleaned it up, took 7,000 tires off the property, and was immediately charged with criminal violations of the Clean Water Act. He was arrested in his place of business and hauled off because he had destroyed a

How in the world could a Federal Government even reason that there was reasonable cause to believe that a gun was used in the commission of a crime which was to remove 7,000 tires from private property? But nevertheless his home was searched. He stood trial. The judge narrowly instructed the jury about their only responsibility was to determine if Mr. Poszgai had destroyed a wetland or not. The jury came back and said, yes, Mr. Poszgai had destroyed a wetland. This judge sentenced him to three years in Allenwood Federal Penitentiary, fined him $200,000, told him that he had to dig down on half of his property so that it became wetlands, this federal judge in Philadelphia. That is the reality of what we are trying to fight. When I first met Mr. Poszgai, he was at Allenwood Federal Penitentiary. He finally served his sentence out. But that is what is happening to our people out there. That is what this bill will remedy I support the bill, and I oppose the Porter amendment. Mr. VENTO. Mr. Chairman, I move to strike the requisite number of words. Mr. Chairman, listening to the comments of my colleague sounds like we are going to legislate by anecdotes. I take seriously some of the concerns that are raised about the individual circumstances, but certainly across the depth and breadth of this country, in terms of enforcing zoning codes, enforcing land use qualifications, if somebody chooses to in fact continue to oppose those and in such an unreasonable and unworkable manner, obviously it ends up with long appeals. It leaves one thinking you want to change the Constitution of the United States in terms of what constitutes a taking. I expect that you are going to be finding yourself in court for a long time at great expense. If you accept those precedents, in terms of what that means, then it obviously puts certain other limits on you. But, Mr. Chairman, I rise because I want to, reluctantly, I rise to support the Porter amendment. I know my colleague’s efforts in this effort are sincere, both the gentleman from Illinois Congressman, [Mr. PORTER] and the gentleman from Michigan [Mr. EHLERS] and the gentleman from California [Mr. FARR] but I am concerned about it because I think this is basically and fundamentally really a bad bill in terms of the 10 percent, the appraisal issues, and then of course then we have narrowed it down so now we are only focusing on what is the heart and soul of this. And that is to, in other words, stop the environmental laws, specifically the Endangered Species Act, with the lands,

Rush Sabo Sanders Saxton Schiff Schroeder Schumer Scott Serrano Shays Skaggs Slaughter Smith (NJ) Spratt Stark Stokes Studds Stupak Thompson Thornton Torkildsen Torres Towns Tucker Velazquez Vento Visclosky Walsh Ward Waters Watt (NC) Waxman Weldon (PA) Williams Wise Woolsey Wyden Wynn Yates Zimmer

the amendment in the nature of a substitute offered by Mr. CANADY of Florida; as amended: At the end of section 3(a) insert ‘‘The amount of compensation made under this Act shall be decreased by an amount equal to any increase in value of the property that resulted from any agency action.’’ Mrs. SCHROEDER. Mr. Chairman, actually the concept of this amendment is really fairly simple. It is rather a taxpayer protection amendment to make sure there would be no doubledipping under the takings requirement we are debating today. Mr. Chairman, we all know that public property is one of America’s basic foundations, and also we are concerned about the public good. That is why this issue is so difficult. But there are many areas where Federal action enhances the value of the property, and it enhances the value of the property but the person is also able to say that they get money back for a taking. Mr. Chairman, again I would think that this amendment would not be objectionable by anyone because it is

really a very simple concept, and, that is, that we want to make sure that we do not see on some magazine program on television how somebody has been able to use this law to make all sorts of extra money. Let me give Members some examples how this could be done. Under the Tauzin amendment, the swamp-buster provision of the farm bill could be a taking, and that is very interesting. If you do not plow up wetlands, that is a precondition to receiving farm subsidies that we are already paying farmers not to farm. So if we were to consider then the bill also of the takings part, you would see someone getting a double dip. The farmer could get a double dip in his subsidy for not plowing and also the loss because it has been declared part of the wetlands. I do not think that is what anybody intends. I do not think that they want to doubly benefit people. We over and over talk about how the Government takes property, but the Government has taken many actions in which we have readily enhanced the value of property. Let me cite a few, because I think often we have forgotten that in this debate. I suppose the No. 1 issue would be the water issue. When the Bureau of Reclamation is out there, and that is under this bill. As you know, the sole mission of the Bureau of Reclamation is to provide cheap irrigation water for farmers. As you can imagine, the value of the land before they come in is a whole lot lower than it was after they come in. But since 1902, the Federal Government subsidized almost 86 percent of all the irrigation construction costs and therefore enhance the value of this farmland. People will say, well, folks pay property tax on that enhanced value, but they pay it to the State, not the Federal Government. So the Federal taxpayer has worked very hard in upping those values of the land because it is considered part of the public good, and I do not think we want to see them also be able to ascertain that they were harmed in some manner because of that. This is kind of a commonsense

Mrs. SCHROEDER. The way I understand what my colleague is saying, he is saying if there is a mortgage deduction, everybody is benefited by an IRS mortgage deduction, so they could take that into account. Mr. TAUZIN. I suppose if Alan Greenspan ever did us a favor in this country and lowered interest rates, that would be an agency action that enhanced our values, but I am telling you we cannot count all of these things in America at these arbitration proceedings and if the gentlewoman insists on doing that she kills this bill. Mrs. SCHROEDER. If the gentleman will yield again, what I am trying to say is I think there are generic things that go all across the board to all taxpayers, that is one thing. I think clearly a reasonable, prudent person would read this as saying we are talking about agency actions that specifically increase the value of that piece of property, because they were near a dam or they were near an airport or they were near something. Now it is not all pieces of property because they are not all near that. Mr. FIELDS of Texas. Mr. Chairman, I move to strike the requisite number of words. Mr. Chairman, just to follow the conversation of my good friend from Louisiana, I have no doubt that the gentlewoman has a noble objective, and I am also thinking she probably has some specifics in mind that at some point we might be able to support, and to meet the objective of stopping double dipping is something that we should certainly consider. But in my community I was trying to think of how we could be impacted, various pieces of property, and we do have an interstate highway system that goes through the area. Every piece of property was enhanced. I do not know if that is what was envisioned by this particular amendment. We also have an airport in the area, and when that airport was first opened and finally the construction was finished, every piece of property was enhanced in value. There are numerous flood control projects in the area, some are very specific, and when those flood control projects have been developed and actually brought to completion, the property value in those particular areas have gone up. But that does not diminish the fact that all of the area that I am talking about has wetland problems, all of the areas that I talk about have had endangered species designations, and it would seem to me in reading the amendment and trying to be fair to the gentlewoman, that much of this is extremely general. And as I read this, I do not know how this would be interpreted by an agency trying to make a determination. And if the gentlewoman would like for me to yield, I will yield. Mrs. SCHROEDER. Mr. Chairman, I thank the gentleman for yielding. If you start out with land and it is valued

very cheaply at like $10, and say a highway goes through or a harbor comes in or irrigation comes in and it suddenly goes way up in value so it is like now $300 an acre, which has been known to happen in many places, and then let us say there is some other Federal action that they claim is harmful, you ought to at least include what the Federal Government did to increase it if you have got those records from $10 to $300, if the gentleman sees what I am saying. The other piece I am concerned about is I spoke earlier saying I worry that what we are going to do is send a message tonight to all lawyer wannabes, they ought to run out and study takings law because this is going to be the most profitable form of law ever. You know and I know the cases in the past of someone who had an airport built by their house, their house went way up in value, but they said they wanted to live in the House and could not bake angel food cakes. Mr. FIELDS of Texas. I appreciate the gentlewoman’s explanation, but it really does not answer the fear I have, because the property I have been talking about is property that in many instances has been held for a long period of time by families. They have not gone out and solicited government to be going out with a road or airport or flood control project, but if they are subject to a wetland or endangered species designation they do have a right to a fair market value of that property. They did not have an intent to use the Federal Government in one instance to enhance their property and the Federal Government comes in in another instance and causes a diminution of the value. Again, I have to oppose this amendment. Again, I think the purpose and objective of the gentlewoman is noble, but I do not see this objective being met with this particular general

Mr. GOSS. Mr. Chairman, this is a very straightforward amendment. I do not think it will take a lot of time. It is in no way mischievous, it is exactly what it pretends to be and that is to change the threshold trigger for when a taking takes place. In the legislation that we have before us, the ultimate trigger probably will be 10 percent of any affected portion of property. That could be at just about any part of the property. It is a very low percentage point, it is 10 percent or less triggers an automatic taking. What I am proposing we do is we go back to a number we understood on the total parcel itself rather than determine what the affected portion is and we change the number to 30 percent. I offer this amendment in an attempt to bring a more reasonable standard to the Private Property Protection Act which we are dealing with here. Let me say from the outset that I agree with the bill’s sponsor that private property rights are a basic constitutional right and that in the light of some of the excesses we have seen in Federal regulation reaction that these rights certainly deserve more protection. And I commend my friend from Florida, and the gentleman from Louisiana, Mr. TAUZIN, especially for their great efforts to finally bring the bill off the shelf where the previous congressional leadership had placed it, hoping it would never see the light of day, but now we have to deal with it as we should. I have some very grave concerns about the standard that H.R. 925 sets, as I said, including this 10-percent devaluation threshold on the affected property. Under the Canady-Tauzin substitute to H.R. 925 a property owner must show only a 10-percent devaluation of a portion of his or her property to qualify for automatic compensation. Mr. Chairman, I have grappled with the issue of planning and zoning at the city, county, State, and Federal level for a long time. I have been on the front lines for over 20 years and I am afraid that the 10-percent standard is neither practicable nor affordable. As yesterday’s New York Times Sarasota Herald-Tribune points out, I think wisely, a 10-percent difference in the appraised value on any land so easily arises from market factors, from different appraisal methods, for any number of reasons that have little or nothing to do with Federal regulations. Ten percent is within the margin of error, as they would say. In my district of southwest Florida, land values fluctuate greatly every day and as anyone with experience in Florida real estate will tell you, the price, the actual price in the marketplace of a parcel of land sometimes has very little to do with its value. Nevertheless, there are customers. To be workable, we must have a higher standard than the one in the bill before us, in my view and I think in the view of many others as well.

My amendment to raise the threshold to 30 percent of the entire property is an attempt to find a reasonable workable standard that everybody can define and clearly understand. My other major concern with the 10percent standard is that it is probably not affordable. But who could really tell whether it is or not. Mr. Chairman, one obvious outcome of the 10 percent on any affected portion is that the Federal Treasury could be flooded with claims both legitimate and otherwise that the low threshold for what I will call spot takings will encourage. As a strong fiscal conservative I have real trouble trying to support legislation that apparently invites such substantial costs, especially when we are already facing $200 billion-plus annual deficits and $5 trillion national debt. There are other reasons to impose a higher threshold to trigger compensation. One that frankly comes to my mind is the burden we are probably going to be transferring to State and local government. There is clear evidence, especially in fast growth, lowlying waterfront areas that there is a coordinated relationship between Federal regulations and local land use regulations.

to provide much more guidance than that which has been provided in the underlying legislation. It is seriously flawed. The legislation is seriously flawed. They do not know how they are going to administer it. They do not know how they are going to pay for it. One would, I think, only be left with the conclusion that the effort here is, of course, to really pull the rug out from under the laws that we are talking about, and in doing so, superimposing a really radical new concept of regulatory compensation. They, or course, have left behind the health regulators now, they have left aside the safety regulations, and in the highway department, they have left aside those that affect energy issues. The only ones that are left are these focused, targeted in on these environment laws, the Wetlands and Endangered Species Acts, the issue in terms of water rights that are included in this legislation. And so they have targeted it. So I think the gentleman’s amendment may make this more workable. I still think it is a flawed concept. I think we ought to be careful, but I think this actually makes it more workable. Mr. DAVIS. Mr. Chairman, will the gentleman yield? Mr. CONYERS. I yield to the gentleman from Virginia. Mr. DAVIS. Mr. Chairman, I would just want to say I want to support the

fits such as preserving wetlands, conserving endangered species, and that sort of thing.

Now when we talk about the difference between 10 and 30 percent for compensation, I want to give you an example of something that happened in my district. There is a home builder in the area in the Jackson Hole trying to provide some badly needed housing. But the EPA came in and the Corps of Engineers came in, both of whom administer section 404 of the Clean Water Act, and they stopped all development. There were 6 houses practically complete. They threatened to tear them down. Three more foundations had been poured. They would not allow those houses to be built. In fact, they had to remove the foundations. Twenty-two homes in all were planned for this, and the whole thing came to a stop. Even at 10 percent, the owner would have lost over $250,000. Now, when we go to 30 percent, we are talking about a $750,000 loss. It is not unusual to have a farm or a ranch that is valued at $300,000. Again, 10 percent is a huge loss, but 30 percent can put them out of business. I stand opposed to the Goss amendment, and I hope it will be defeated. Mr. DELAY. Mr. Chairman, I move to strike the requisite number of words. Mr. Chairman, I will try not to take the 5 minutes. I know we want to move ahead to the next amendment. I just have to strongly rise to oppose my friend from Florida’s amendment. I hesitate to do so because I know the gentleman from Florida [Mr. GOSS] is a strong Member and a well-thinking Member. I have to speak on this

lying legislation. Mr. WYDEN. Mr. Chairman, I move to strike the requisite number of words, and I yield to the gentleman from Florida. Mr. GOSS. I thank the gentleman for yielding. I will be very brief and not take advantage of his generosity. I did want to say that the question of the Florida Rock case is certainly an interesting illustration. That is not the only case in the case law, as I think we all know. But I am not going to stand here and practice law without a license, but I think anybody who has done some work understands that the Supreme Court has done everything they can not to come to a final decision on this, because it has been just as hard for them as it is for us, and this remains sort of a case-by-case situation. The reason we went to total property is because it is very easy to get an agreed-upon market price for a total parcel. It is very difficult to talk about whatever an affected area is on a percentage basis because we have three or four separate areas that may be involved in a low-lying piece of property, endangered species, 404, we may have several affected pieces of property. Once we have determined what the affected pieces of property are or what

the fair market value of those are, then we figure out what the value is and we can tell what the 10 percent of that is. That is a long, complicated, new process that is going to create, in my view, another bureaucracy. I think what we are trying to do is provide precision definitions so that private property owners know exactly what they are entitled to, under what circumstances, and so the government regulatory agencies know with precision what happens if they get the 30 percent, they have a problem on their hands. I think it is fair because the other constitutional remedies certainly provide for anything less than the 30 percent as they do today. Mr. DOOLEY. Mr. Chairman, I move to strike the requisite number of words. I rise in support of the Goss amendment. I stand behind no one in my efforts to protect private property rights, but those of us in this delegation also have an obligation to protect interests of taxpayers. With the 10-percent threshold, we have established in this bill, we are creating the opportunity to create a tremendous windfall that, for those of us who are interested in protecting private property rights, insuring they are going to receive some compensation, if we leave it at that 10 percent, we are going to ensure that this whole system of compensation will implode, because 1 year after this bill would be passed and enacted, we are going to have so many cases and examples of people throughout this country who are gaming the system at 10 percent because they are going to be able to find an appraiser, a lawyer who is going to be able to market a service that they are going to go out to landowners who have seen, because of market fluctuations, a decline in value, and they are going to be able to tell you that on a contingency basis, ‘‘I will go out and work your case, take it to an arbitration panel, and if I win on that and get compensation for 10 percent, I will take a portion of that fee.’’ We are going to be creating a nightmare. The amendment offered by the gentleman from Florida [Mr. GOSS] is bringing some reason to this; it is ensuring that there has to be a threshold large enough that it cannot be usedthat has to be greater than what can be normal and traditional fluctuations in the marketplace. We all know, those of us in farming such as myself, we have seen fluctuations in market values over 10 percent every year. For those of us who have been involved in the Endangered Species Act, we have also seen cases in California in the last several years where we have had droughts where you have had the listing of endangered species, and how are you going to differentiate between what is the lowering of the value from the drought and because of the delisting of a species? There is no way you can do that. At 30 percent,

Serrano Shaw Shays Skaggs Slaughter Smith (NJ) Spratt Stark Stokes Studds Stupak Taylor (MS) Thompson Thurman Torkildsen Torres Towns Tucker Upton Velazquez Vento Visclosky Walsh Ward Waters Watt (NC) Waxman Weldon (PA) Williams Wise Wolf Woolsey Wyden Wynn Young (FL) Zimmer

home, they use their property in a typical fashion, and they are not regulated by the wetlands law, the endangered species law, the reclamation law, and the various laws outlined in this bill, and that is why those 65 million typical homeowners are not protected under the legislation. I believe that these typical homeowners are going to be surprised that they are not protected. I think they deserve consideration, and it is why I offer this amendment on behalf of myself and the gentleman from Maryland [Mr. GILCHREST], a bipartisan amendment, to make sure that the typical homeowner gets a fair shake and that some needed balance is brought to the legislation. As written now, the legislation provides exceptions when agencies do not have to pay compensation for agency actions that diminish the value of private property. This amendment that I offer with the gentleman from Maryland simply adds another exception when compensation does not have to be paid, so as to make sure that typical homeowner gets a fair shake. We stipulate that you would not have to pay compensation when the regulated property owner’s activity would actually decrease the value of those homeowners that live in the adjoining area. This amendment would enable Federal agencies to avoid a Hobson’s choice of either restricting development and incurring liability to the developer, or allowing the development to proceed, even when this will cause a typical homeowner to suffer a devaluation their property. Let me use an example very briefly. A property owner wants to develop a 10-unit subdivision. If the Corps of Engineers tells us the developer of the proposed subdivision that one of the units is a wetland and cannot be developed, under the legislation the Corps is liable to pay compensation. The corps’s only choices are to write a check or let the developer fill in the wetland. To conserve scarce funds, the Corps often decides to let the developer fill the wetland. Wetlands often help control flooding by acting as sponges to soak up rainfall. When a wetland is filled, the excess water has to find someplace to go, and that could be the basement of one of the neighbors of a homeowner who lives downstream from the development. Under the bill as it stands now, even if the corps knows that allowing the developer to fill in the wetland might increase the risk of flooding to the homeowner downstream, the corps would have to pay compensation to the developer if it denies the permit. Under this amendment, the corps could deny the permit to fill in the wetland without incurring any liability, if it was determined that denying the permit was the lesser of the evils, that greater damage would be done to those homeowners who live downstream.

million typical homeowners and be a true Private Property Protection Act. Mr. GILCHREST. Mr. Chairman, I rise in support of the amendment. Mr. Chairman, I think this is well crafted, well thought out. It gives some consideration to the problem of all property rights for all Americans and not just a few. Just to make a comment, as we go through this debate and as we begin to ensure the protection of all Americans against insensitive, overregulated bureaucrats, I think we must continue to keep two things in mind: One, all Americans, and not just those few who are filing for Federal permits, all Americans must know that their property is to be protected not just from takings by regulations, but protected from pollution from other people that develop.

The other thing I think we have to keep in mind is the fact that when we manage, I think we would all agree that when we manage where we live, that we cannot manage as if there are no people. I think that is where we got into some problems around the country: ‘‘Let us manage this, and you cannot do that and you cannot do that because we have a certain species that we do not want to become extinct.’’ We all know we cannot manage thinking there are no people, but by the same token, we cannot manage thinking there are no species out there that support the resources that support people on the planet. Mr. Chairman, if we believe people should be compensated when their property is devalued, then let us not fool around. This amendment is based on a bill whose purpose is to ensure that people are compensated in cases where their property is devalued by polluting actions of others. That bill, our bill, H.R. 971 is the Homeowners Protection Act. Unfortunately, the entire Homeowners Protection Act would not be germane to this bill. Get that, the Homeowners Protection Act, which protects private property, is not germane to this bill; and I hope Members do not miss the irony, protecting homeowners is not germane to a private property rights bill? However, for today, the amendment that we are now offering is the best we can do. The amendment simply says that agencies need not provide compensation in cases where the proposed regulation is designed to prevent actions which would reduce the value of other private property. In other words, the amendment says that we should not pay people, we should not pay peo-

ple to refrain from polluting other people’s property. How can any bill entitled the Private Property Protection Act not contain that? You and your property should not be paid to refrain from polluting somebody else’s property. Most environmental law is designed to prevent people from using their property in such a manner that they adversely affect other private property or public property. In my district, every time someone develops a wetland, they increase the amount of runoff into the Chesapeake Bay, thereby very often increasing the toxic levels of nitrogen in the water. This reduces the value of the homeowners who live near the water, because the water is not that clean or productive, and it certainly reduces the value of a person’s right to go fishing there. Mr. Chairman, I ask my colleagues, if they are for all property rights and all people, support the Wyden amendment. Mr. CANADY of Florida. Mr. Chairman, I rise in opposition to the amendment. Mr. Chairman, I want to point out to all the Members the specific provision that is contained in section 5 of my substitute amendment. In that provision we are covering the sort of situation that the gentlemen who are proposing this amendment are concerned about. I will say that they go beyond, far beyond, what we do to protect landowners from hazards to the public health or safety or damage to their specific property. What this amendment in effect does is really get the Federal Government into making zoning type decisions and distinctions between properties that are more appropriate for a local zoning board to be making. By saying that the agency will consider whether a particular permitting action would restrict any activity likely to diminish the fair market value of private homes, they are in fact engaged in the sort of decision-making that a local zoning authority should be engaged in. Mr. Chairman, the important matter to understand here is that State nuisance laws and other State laws already will provide protection for the interests that are sought to be protected here, and that we should not be establishing this zoning type of consideration at the Federal level. Mr. WYDEN. Mr. Chairman, will the gentleman yield on that nuisance point? Mr. CANADY of Florida. I am happy to yield to the gentleman from Oregon. Mr. WYDEN. Mr. Chairman, what troubles me is this legislation creates a Federal express line where the developer and commercial interests can come in and have their claims addressed, but when it is the typical homeowner, under this bill we say ‘‘Sorry, Charlie, you do not get in the

same place as the commercial interests. Go to the State and local level and see if things will work out.’’ That is the reason I think this bill has a double standard, one set of rules for the commercial interests, another set of rules for the typical homeowner, and why we seek to promote some balance. I thank the gentleman for yielding. Mr. CANADY of Florida. Mr. Chairman, I think the point we need to understand here is that people have a right to use their property. The presumption the gentleman seem to be operating off of is that people do not have a right to use their property, they do not have a right to the value of their property. I simply disagree with that. The philosophy behind this bill is that people do have a right to their property. When the Federal Government is going to impose restrictions on them that prevent them from using their properties, and those restrictions significantly diminish the value of that property, they are entitled to compensation. I understand there is a difference of opinion on that subject. I think what is happening here, Mr. Chairman, is we are clouding that issue. I will not say it is an attempt, but I think the effect of what is going on here is to obfuscate that critical issue, when the interest that the gentleman purports to be protecting, and the gentleman from Oregon, Mr. WYDEN, is my friend, and I accept his good faith in this, however, the interests that the gentleman is attempting to protect here are interests that are already protected by local zoning ordinances. Let me point out, Mr. Chairman, that the interests that we are attempting to protect do not receive that same sort of protection. I think that is something that is important to understand. Mr. WYDEN. Mr. Chairman, will the gentleman yield further? Mr. CANADY of Florida. I yield to the gentleman from Oregon. Mr. WYDEN. Mr. Chairman, there are instances, of course, where the impacts of pollution are dispersed over a large area that are not covered under local ordinances. There are instances of pollution being dispersed across State lines. Mr. CANADY of Florida. Reclaiming my time, Mr. Chairman, I think it is important to understand the impact of the Tauzin amendment. The gentleman is talking about pollution. The gentleman is talking about things that are not covered by this bill to begin with. If the gentleman will look at the scope of the programs we are covering here, the sort of horribles that the gentleman is trotting forth are not possible. We are not going to provide compensation in those circumstances. Mr. WYDEN. If the gentleman will yield further, I would like to stipulate that I think there are takings, and there are certainly takings that warrant compensation. What I am concerned about is we are not factoring in

denying the permit is not to protect wetlands in general for the rest of us, is not really to protect endangered species for all the rest of us, but if the purpose is to deny your right to damage your neighbor, that is already in the bill as an exception to compensation. You do not need this amendment. This amendment will deny legitimate claims for de minimus effects on neighbors. It is not the right thing to do. We ought to defeat it. Mr. WATT of North Carolina. Mr. Chairman, I move to strike the last word. Mr. Chairman, I yield to the gentleman from Oregon [Mr. WYDEN]. Mr. WYDEN. Mr. Chairman, I thank the gentleman for yielding to me. First, if the gentleman from Louisiana feels his legislation already takes care of things, I cannot understand why he is objecting so strenuously to mine. I want to make it clear that this legislation now sets out a double standard that treats development interests better than the typical homeowner. Development interests get compensated if their property values are merely diminished, but the neighboring homeowners have to meet a higher standard, requiring physical damage to their properties for the exemption in the bill to apply. What I would say to my colleagues is if they vote against this amendment, they are saying that developers can come to government agencies and get permits where the developers are going to be hurting neighboring homes, your constituents. When the constituents come to you and complain, and there are far more of them than there are of the developers, you should be ready to tell them why the developer’s right to develop is more important than that typical homeowner’s right to enjoy their home. That is what this amendment is all about, trying to provide some balance. The gentleman from Louisiana [Mr. TAUZIN] is right in saying that there are examples of takings that warrant compensation, but there are also examples where in that process, the typical homeowner, who lives every day in a fashion that is not regulated by the wetlands law or the reclamation law, can be hurt in the process. We are saying in considering compensation, factor in that typical homeowner. I would suggest to my colleagues that if they vote against this

in their community, there are homeowners who are going to come and ask why you rejected this opportunity to provide them some protection. Mr. GILCHREST. Mr. Chairman, will the gentleman yield? Mr. WATT of North Carolina. I yield to the gentleman from Maryland. Mr. GILCHREST. I thank the gentleman for yielding. In response to the gentleman from Louisiana, the agency, in this case the corps, their action prohibits the filling

2015 In the real world, there are problems with filling wetlands, with the people downstream, and I do not care if it is 2 miles downstream, I do not care if it is 300 or 400 miles downstream, there has to be some sensitivity when that regulatory agency gives a permit to build, and that will happen because there certainly will not be enough money in the Federal Government to provide all the money for the takings claims that will result as a result of this legislation. The person downstream who has a pond that is going to be silted over as a result of the destruction of a wetland, that person needs to be brought into the process. The gentleman from Florida [Mr. CANADY] said earlier that most of that has to do with local zoning ordinance, where do you have your commercial activity, where do you have your residential activity. I think at least in part he is absolutely correct and I would hope that the spinoff, or the result of this legislation, would send a signal to local zoning boards that they had better make sure that they have an understanding that if they are going to manage the growth of their own towns and communities, they have much more responsibility into doing that now if this legislation passes. The last comment I want to make, the gentleman from Oregon [Mr. WYDEN] and I want to make sure that all property owners are protected under this legislation, and we hope that our colleagues will give us an ‘‘aye’’ vote on this amendment. Mr. FIELDS of Texas. Will the gentleman yield? Mr. WATT of North Carolina. I yield to the gentleman from Texas. Mr. FIELDS of Texas. I appreciate the gentleman yielding. I was just going to propound a question to the gentleman from Oregon [Mr. WYDEN], because I was lost just a moment ago. I do not see two different types of property rights in this particular piece of legislation. If you are talking about a developer, a developer has a right to assert their property right just as a residential homeowner. The residential homeowner, however, cannot come and assert a right against someone else’s property when that property has been taken either through an endangered species designation or a wetland declaration. The gentleman lost me with that example. Mr. WYDEN. Will the gentleman yield? Mr. WATT of North Carolina. I yield to the gentleman from Oregon.

Mr. WYDEN. Let me say again that while most people think all property owners are protected under the bill, the only property owners that are protected are those who are operating under some kind of Federal permit, such as a wetland. The CHAIRMAN. The time of the gentleman from North Carolina [Mr. WATT] has expired. (At the request of Mr. FIELDS of Texas and by unanimous consent, Mr. WATT of North Carolina was allowed to proceed for 2 additional minutes.) Mr. WATT of North Carolina. I continue to yield to the gentleman from Oregon [Mr. WYDEN]. Mr. WYDEN. More important, what I think highlights the lack of balance, and I use that word specifically, because there are takings, what highlights the lack of balance is, our friend, the gentleman from Florida, said that the homeowner, instead of getting this express lane, that this bill sets up for the developer, that their consideration is taken care of at the Federal level, the gentleman from Florida says, ‘‘Sorry, Charlie, to the homeowner, you go try and get a fair shake at the local level. We won’t be interested in you at the Federal level.’’ Mr. GILCHREST. If the gentleman will yield, I would just like to say, does one property owner have the right to degrade the value of another piece of property, of someone else’s property? If you do not think they have the right to do that, you ought to vote for the Wyden amendment. Mr. FIELDS of Texas. Mr. Chairman, will the gentleman yield? Mr. WATT of North Carolina. I yield to the gentleman from Texas. Mr. FIELDS of Texas. If I, as an adjoining property owner, do something to diminish your right as an adjoining property owner, I have a civil cause of action. But what we are talking about here is the homeowner, if there is a taking of that homeowner because of a wetland or an endangered species declaration, that homeowner has the exact same right as the property developer if they have a wetland or endangered species declaration. There is no difference. Mr. WYDEN. Mr. Chairman, will the gentleman yield? Mr. WATT of North Carolina. I yield to the gentleman from Oregon. Mr. WYDEN. I make my point. You are talking about property owners that want to develop. There are property owners in America, folks, 65 million of them who just want to live in their homes. They are senior citizens, they are low-income people. They are not developers. I know that some of my colleagues think that all Americans are covered under this, but only people who want to operate under some kind of Federal permit are covered. That is not the 65 million typical homeowners. Mr. DEFAZIO. Mr. Chairman, I move to strike the requisite number of words.

Mr. Chairman, what I just heard was the developer has an absolute right with 10 percent diminishment of any part, tiny fraction of his property under Federal regulation if it goes to the Wetlands Act, Clean Water Act, Endangered Species Act or others. But that the adjoining or downstream property owner has a right of civil action. So what we are saying here is we are creating two categories. If you are a major developer, you have an absolute right to reimbursement by Federal taxpayers if there is a tiny diminishment of the optimal development value of your land, but if you are an adjoining or downstream property owner, you can go to court. That is what I just heard the gentleman say, civil right of action. I was a county commissioner. We had a gentleman who had an island in the river. He drove a giant belly scraper out there, a D–9 Cat, and he was just terrafirming the land, and this was not allowed under our State land use law but the State land use law had trouble prosecuting him. We had to bring in the Feds to put a stop to that development. The people who wanted that development stopped were the adjoining farm downstream, because he said, ‘‘You know what happens when he builds those berms and he does that? My land floods, I get all these road seeds and pollution and sediment on my land and it ruins my land.’’ But you are saying to my farmer downstream and where we use the Clean Water Act for an enforcement, my farmer downstream is now going to have to go to court as opposed to getting the Federal Government to enforce this. Mr. FIELDS of Texas. If the gentleman will yield, that is not what I am saying. What I am saying is if I as a property owner impact your property, you have a civil cause of action against me for damages. What we are talking about in this particular piece of legislation, if the Federal Government comes in through a regulatory act and takes your property because of an endangered species declaration or a wetland designation, you have the same right that I have whether you are a developer, a farmer, a private homeowner. There is no distinction. Mr. DEFAZIO. If I could reclaim my time, the case I am talking about was an individual who was attempting to develop his island and he was restricted by Federal law, by the Clean Water Act, from doing that, and it was the downstream property owners who wanted the action stopped, and the only way they could get him stopped was an action by the Federal Government. Under this bill, as I understand it, if the Federal Government took that action to restrict those activities which harmed everybody downstream, that gentleman would have to be compensated. It certainly diminished his

development value more than 10 percent. Mr. WYDEN. Mr. Chairman, will the Mr. DEFAZIO. I yield to my colleague the gentleman from Oregon. Mr. WYDEN. I want to come back to the fact that this legislation tries to ensure that pro-development interests get a fair shake. But now we also have to make sure that typical homeowners who are not development interests get a fair shake as well. I am just struck by the fact that my colleagues are willing to say that the typical homeowner, 65 million of them, are supposed to be satisfied to go off and see what happens at the local level and people who want to develop their property get this Federal Express lane and rapid consideration of their claims. That is not my vision of balance. Mr. DEFAZIO. I am just trying to get to what was a real-life example. It was a county commissioner, we did use the Clean Water Act to get an enforcement action against this individual, and he obviously felt very aggrieved. He gave lots of money to my opponent. But the fact is that as I understood the gentleman, my downstream property owners now would have a civil right of action and this gentleman would get compensated by the taxpayers for not doing the egregious development that was going to harm the downstream people. Mr. FIELDS of Texas. Mr. Chairman, will the gentleman yield? Mr. DEFAZIO. I yield to the gentleman from Texas. I am trying to get an understanding. Mr. FIELDS of Texas. Under this legislation, you would be deprived of using the Federal Government to stop an individual’s beneficial use and enjoyment of their property. If that person was to lose—Mr. DEFAZIO. Reclaiming my time, in this case what you are defining as beneficial use is for one person. There were quite a few people downstream who saw it as a detrimental use because it had a negative impact on their property. Mr. FIELDS of Texas. If the gentleman would yield, what I am saying is a private property owner, a larger developer, has exactly the same rights under this particular piece of legislation. There is no distinction. Mr. DEFAZIO. Reclaiming my time, again we are back to the point where in this case, Mr. McNutt was his name, and his island in the McKenzie River, I can be very specific, would have a right to be compensated by the Federal Government because he did not engage in development that was detrimental to his neighbors under Federal regulation. If that is the case, this is creating an extraordinary problem. Mr. FIELDS of Texas. Mr. Chairman, I move to strike the requisite number of words. Mr. Chairman, I think it is important that we get this debate back on the subject matter. The subject matter of

this legislation is to protect individual private property owners. There is no intent in this legislation to create a distinction between someone who might be described as a developer and a private homeowner. That is not the intent. The intent is to recognize that everyone has a right under the Constitution to enjoy private property. If the Federal Government comes in and denies the beneficial use and enjoyment of that property through a taking, and under this particular piece of legislation it is specific, weltlands, endangered species, and also some water rights. We say that if there is a loss, there is a taking, that compensation is given. Mr. TAUZIN. Mr. Chairman, will the Mr. FIELDS of Texas. I yield to the gentleman from Louisiana. Mr. TAUZIN. I thank the gentleman for yielding, and I thank him for taking time that I might jump in here. The gentleman is abundantly correct. Property owners are being described derogatorily tonight in this amendment debate as developers. Mr. Bowles in Texas was not a developer. All he wanted to do was build his house, and that was the filling of the wetland that was denied jim, just to build his house next to his neighbors. That was the socalled filling of wetlands that became a deniable permit application that caused Mr. Bowles to spend 10 years in court. He loses under this amendment. He never gets compensated. Let me tell Members what the court said on that subject matter, again in Florida Rock. This is the Court of Claims: It is impossible to use one’s property in a society without having some impact positive or adverse on others. Courts do not view the public’s interest in environmental and aesthetic values as a servitude upon all private property but as a public benefit that is widely shared and therefore must be paid for by all. The court cited a list of other laws passed by this Congress in years past, environmental laws where Congress specified some sort of compensation. For example, the Wilderness Act, the National Trails Systems Act, the Wild and Scenic Rivers Act, and the Water Back Act. What the court said there, I tell the gentleman from Texas [Mr. FIELDS], was that what these regulatory schemes have in common is that in each case, the propertyowner’s interest has been considered and accommodated, not sacrificed on the altar of a public interest. What you do when you adopt this

Neal Oberstar Obey Olver Owens Pallone Pastor Payne (NJ) Pelosi Peterson (FL) Pomeroy Porter Poshard Rahall Reed Reynolds Richardson Rivers Roukema Roybal-Allard Rush Sabo Sanders Sawyer Schroeder Schumer Scott Serrano Shays Skaggs Slaughter Spratt Stark Stokes Studds Stupak Thompson Thurman Torres Towns Traficant Tucker Velazquez Vento Visclosky Ward Waters Watt (NC) Waxman Williams Wise Woolsey Wyden Wynn Zimmer

still would not be entitled to any compensation by the Federal Government for that impact on his property. This is a massive change in this legislation. It is not a 10-percent to 20-percent change, and the Members of this House need to understand what is being done here to change the entire direction of this statute. Mr. Chairman, I think it is also important that we remember the reason that we are here tonight. We are not here tonight because there is a concern about big developers. We are not here tonight because we are concerned about big large property owners around the country. Those who are large developers or large property owners can defend themselves very adequately in our current court structure. It is onerous, it is expensive to them, but they have the resources to fight back. It is the rest of America that is being overridden by the Federal regulatory bureaucracy that we are here to try to defend. We are here trying to say that, when the Federal Government comes out to the private property owners in this country and says that they have to use their property in a way that benefits the whole, that there is some social purpose that we are going to say is so important that private property owners have to lose the use of their property or have to be forced to use their property in a certain way, that that social goal should be compensated. We are not talking here so much about whether the Government has the right to take the entire property. We are talking about whether the Government has the right to regulate our property to the point that we cannot use it for the purposes that we intended and then force us not to have to obtain compensation as long as we own enough property that they can mix it in and say they have not taken more than 30 percent of the entire value of what we own. Mr. Chairman, it is critical to us in America that we recognize the importance of protecting this strong statement in favor of private property rights in telling the people of America that we would not water it down to let nearly a third of the value of their entire holdings be taken before we will permit that. Mr. FRANK of Massachusetts. Mr. Chairman, I move to strike the requisite number of words. I think we are in need of this sort of an amendment. It comes from the former chairman of the House Committee on Public Works, the ranking minority member who fully understands this well, and we are in great danger of getting into a de minimis situation where we will all be overwhelmed with litigation, and to better make this case, Mr. Chairman, because of his expertise I now yield to the gentleman from California [Mr. MINETA]. Mr. MINETA. Mr. Chairman, the important thing is that since the discussion of the Goss amendment a number

Mr. FIELDS of Texas. Mr. Chairman, I move to strike the requisite number of words. Mr. Chairman, I appreciate the statement made by my friend just a moment ago, but some of us are concerned about this amendment, and we do not want to leave it unanswered tonight, because this amendment does sound seductive. It sounds palatable. It sounds as if it is a compromise. And someone mentioned just a moment ago, it sounds as if we are auctioning off a basic constitutional right, until you stop and realize that some of us believe that any taking, any loss whatsoever, should be compensated by the Federal Government. But as was explained earlier by the gentleman from California [Mr. POMBO] in the debate, he put the 10-percent figure in the legislation as a sensible offer to settle some loss by the property owner, a loss that was greater than just some de minimis loss. I think it is important for people to understand that this is a visceral issue with many of us. We have seen the effects of takings, both in terms of endangered species and in wetland declarations, and the effect this has had on families, property owners, basic property owners, average men and women in our congressional districts. I think it is important to think about this just a moment. I literally have thousands of small property owners in my Congressional District, people who own, say, 100 acres. When you talk about the loss of 10 percent, which is in this legislation, that is a lot to swallow by some people, a tenth of their property. But when you bump that up, double it to another 10 percent, arriving at 20 percent, that is even more difficult. And we are taking about property that has been in some families for generations. My family is an example of that. I think it is also important to look at some of the large effects, some things that have happened. Judge Bunton, a Federal Judge in Texas, ruled that Texas had to develop a plan to regulate the flow of water in the Comel Srpings and the San Marco Springs. They did

this for a one inch fountain. The ruling presented a real problem because the Edwards Aquifer, which was affected by this particular decision, was the sole source of drinking water for one and a half million residents of San Antonio, which is our Nation’s 9th largest city. It has been estimated that complying with the judge’s ruling could result in a 68 percent reduction in available water. It would have a devastating effect on San Antonio, Baxer County, and six other adjacent jurisdictions, not to name the farmers and ranchers west and in that particular area. When I start thinking about 10 percent or 20 percent, how do you allocate some of the costs of a decision like that, because there is no alternative source of water to replace the Edwards Aquifer. It is estimated it would take five to ten years for significant amounts of non-aquifer water to become available at a cost of $500 million to $1.5 billion. That is clearly unacceptable. Furthermore, if you look at some of the initial estimates of trying to maintain water flow at the Comel Springs based on the worst case scenario of a drought, you could have an expense of $9.6 billion annually in spending; $5.2 billion in an annual reduction in total output for the City of San Antonio, a $3.3 billion annual reduction in personal income in San Antonio, a $2.6 billion annual reduction in wages and salaries, a $1.3 annual reduction in retail sales. You can lose 136,000 jobs in San Antonio because of one Federal court decision based on endangered species, a decision that goes to the heart of basic and fundamental water rights in our particular state. How do you go about allocating all of these costs, whether it is 10 percent or 20 percent? So when some people say it is insignificant and here we are at a late hour on the floor of the House of Representatives trying to suggest that an amendment to ratchet that percentage from 10 to 20 percent does not have an effect, causes no harm, I find that hard to deal with. I come back to what I said earlier: What do we say to our constituents? I think that is an important question that all of us must answer now, because we are going to have to answer that question when we go before our rotary clubs, our chambers, our town meetings. Mr. WAMP. Mr. Chairman, I move to strike the requisite number of words. Mr. Chairman, I came to the well today to explain that I had derived my livelihood before I came to Congress in the real estate industry, in the private sale of real estate from one individual to another. And I want to kind of bring this into perspective as we are talking tonight about private property owners and even some talk of developers earlier tonight, because I want to share with you when you are talking about how much property is this debate about.

Mr. CONYERS. Mr. Chairman, I reclaim my time. That is a possibility, but there are also a lot of other possibilities. I think it is very clear, Mr. Chairman, that a 30-percent threshold would be supported by the same people that would now be asked to support a 20-percent threshold. Mr. RIGGS. Mr. Chairman, I move to strike the requisite number of words. Mr. Chairman I intend, for my colleagues’ benefit, to engage the gentleman from Florida [Mr. CANADY], the distinguished subcommittee chairman, in a colloquy that does not pertain to the amendment at hand. Mr. Chairman, I am a strong supporter of the Private Property Protection Act, and very much opposed to the

the House. I believe this is one of our most important provisions of the Contract With America. I do, however, have one concern. I think it is important to engage in a colloquy to clarify one aspect of the legislation. Section 2 of the statute requires payment of compensation to the owner of property when the use of that property has been limited by agency action. Section 6 of the bill then defines ‘‘property’’ to include ‘‘the right to use or receive water.’’ As the gentleman knows, water is the heart of the West. The needs of a varied group of users, including residents, commercial and industrial interests, farmers, fishermen, and Indian tribes are governed by a complex set of laws and agreements. Often these laws and agreements are managed by the Bureau of Reclamation. While users are often guaranteed a certain allotment of acre feet of water every year, there is usually a contractual provision anticipating shortage situations. A drought or other circumstance may necessitate of Bureau of Reclamation to reduce a user’s allotment. Such a decrease by agency action is expressly not deemed a breach of contract because the action is anticipated by contract, and should not be viewed as a taking requiring compensation.

Mr. Chairman, I take this opportunity to make certain that this legislation is not intended to supersede these existing contractual provisions. Can the distinguished subcommittee chairman and the manager of the bill provide assurance that water allocation actions by the Bureau of Reclamation and other actions by the Bureau of Reclamation and other Federal agencies that are expressly anticipated by contractual or similar legal arrangements will not be considered compensable agency actions under the bill? Mr. CANADY of Florida. Mr. Chairman, will the gentleman yield? Mr. RIGGS. I yield to the gentleman from Florida. Mr. CANADY of Florida. Mr. Chairman, I can assure the gentleman that the intent of the statute is not to provide compensation to water users in such circumstances. Where a user is guaranteed an allotment of water, but that allotment is reduced in a way that is recognized and anticipated by the user’s contract with the Government, the reduction would not be a limitation under this bill requiring compensation. Mr. RIGGS. Mr. Chairman, I thank the gentleman for his clarification and for his hard work on this legislation. Mr. CRAPO. Mr. Chairman, will the gentleman yield? Mr. RIGGS. I yield to the gentleman from Idaho. Mr. CRAPO. Mr. Chairman, I thank the gentleman for yielding to me. Mr. Chairman, I would say to the gentleman from Louisiana [Mr. TAUZIN], we just got yielded some time. Maybe we can finish that now. Mr. Chairman, the gentleman knows the provisions I am looking at. I am looking at the provisions in sections 6 and 7 that talk about payment. My question is, Mr. Chairman, to the gentleman, are we assured in this statute that an agency must pay compensation when a judgment has been rendered or when a claim has been accomplished under the statute? Mr. TAUZIN. Mr. Chairman, will the gentleman yield? Mr. RIGGS. I yield to the gentleman from Louisiana. Mr. TAUZIN. Mr. Chairman, absolutely. In fact, the legislation specifically says that the agency must provide money out of its own appropriated funds for the payment of these claims and give the agency the right to reprogram money within its budget to do that. If it does not do that, Congress, of course, has the authority to make sure it does the next time it visits this Congress. Mr. CRAPO. Just to follow up on that, Mr. Chairman, if an agency failed to pay a claim and then stated their reason was they did not have money in their claim fund or whatever part of their budget was allocated to payment of claims, as I read the statute, it says that if there are insufficient funds in",takings legislation,"Discussion and debate regarding the Private Property Protection Act of 1995, which addresses compensation for property owners when federal regulations diminish the value of their property.",legislative chamber debate regarding the Private Property Protection Act of 1995,Federal Government [Villain]; Private property owners [Victim]; Environmental agencies [Villain]; Congress [Hero],"The Federal Government imposes regulations that diminish the value of private property, leading to a call for compensation under the Private Property Protection Act. Property owners argue that they are unfairly burdened by these regulations, while Congress debates the implications of the legislation.","The government must compensate property owners when regulations diminish the value of their property, ensuring fairness and protecting private property rights.",ESA Legislative Action
