,document_id,extract_number,extract_text
0,CREC-1996-06-19-pt2-PgD638,1,"million and reduces Forest Service funding accordingly. Pages H6588–89 The Kennedy of Massachusetts amendment that reduces Forest Service reconstruction and construction funding by $42 million (agreed to by a recorded vote of 211 ayes to 210 noes, Roll No. 258). Pages H6611–20, H6624–25 Rejected: The Farr amendment that sought to increase funding for land acquisition by $135 million and decrease fossil energy research and development funding accordingly (rejected by a recorded vote of 183 ayes to 235 noes, Roll No. 251); Pages H6550–57 The Walker amendment that sought to increase funding for the National Park Service by $62 million and the Bureau of Indian Affairs by $55 million and reduce fossil energy research and development funding accordingly (rejected by a recorded vote of 196 ayes to 224 noes, Roll No. 252); Pages H6562–66 The Richardson amendment that sought to increase funding for the Fish and Wildlife Service by $5 million and reduce fossil energy reeseach and development funding accordingly (rejected by a recorded vote of 200 ayes to 220 noes, Roll No. 254); Pages H6591–92 The Vento amendment that sought to increase funding for the National Park Service by $23.5 million and reduce Forest Service reconstruction and construction funding accordingly (rejected by a recorded vote of 178 ayes to 242 noes, Roll No. 255); Pages H6592–99, H6605–06 The Miller amendment that sought to increase National Recreation and Preservation funding by $10 million and reduce Fossil Energy Research and Development funding accordingly (rejected by a recorded vote of 199 ayes to 223 noes, Roll 256); Pages H6599–H6602, H6606–07 The Richardson amendment that sought to increase funding for the National Park Service by $15.5 million and reduce Forest Service Reconstruction and Construction funding accordingly (rejected by a recorded vote of 203 ayes to 218 noes, Roll No. 257); Pages H6602–04, H6607 Withdrawn: The Goss amendment was offered, but subsequently withdrawn that sought to increase funding for National Park Service land acquisition by $15 million and reduce Forest Service funding accordingly; Pages H6589–90 Points of order were sustained against the following: Language in the bill that sought to require binding agreements between Indian tribes, States, and local governments regarding taxes before any new Federal lands are transferred into tribal trust; and Page H6562 Language in the bill that sought to direct the Secretary of Energy to draw down $200 million in oil from the Strategic Petroleum Reserve. Page H6604 H. Res. 455, the rule providing for consideration of the bill, was agreed to earlier by a voice vote. Pages H6518–28 Order of Business: It was made in order that during further consideration of H.R. 3662 that the bill be considered as having been read; and no amendment shall be in order except for the following amendments, which shall be considered as read, shall not be subject to amendment or to a demand for a division of the question in the House or in the Committee of the Whole, and shall be debatable for the time specified, equally divided and controlled by the proponent and a Member opposed: Representative Sanders (regarding weatherization—20 minutes), Representative Fox (regarding weatherization—10 minutes), Representative Parker (regarding weatherization—10 minutes), Representative Faleomavaega (regarding the red squirrel—15 minutes), Representative Hoekstra (regarding NEA—10 minutes), Representative Shadegg (regarding NEH—30 minutes), Representative Klug or another Member (regarding timber contracts—10 minutes), Representative DeFazio (regarding timber sourcing—10 minutes), Representative Olver (regarding funding levels for codes and standards—10 minutes), Representative Condit (regarding Endangered Species Act—10 minutes), Representative Sanders (regarding PILT—20 minutes), Representative Furse/Representative Porter (regarding timber salvage—60 minutes), Representative Gutknecht (regarding across-the-board cut—20 minutes), Representative Chenoweth (regarding grizzly bears—10 minutes), Representative Istook (regarding BIA—20 minutes), and Representative Yates (regarding telecommunications—10 minutes). Page H6625 Amendments: Amendments ordered printed pursuant to the rule appear on pages H6532–35. Senate Messages: Message received from the Senate today appears on page H6513. Quorum Calls—Votes: Two yea-and-nay votes and eight recorded votes developed during the proceedings of the House today. There were no quorum calls. Pages H6528, H6528–29, H6556–57, H6566, H6586–87,"
1,CREC-2001-03-23-pt1-PgD260-3,1,"March 29, Subcommittee on Telecommunications and the Internet, hearing on ‘‘FCC Chairman Michael K. Powell: Agenda and Plans for Reform,’’ 10 a.m., 2123 Rayburn. Committee on Financial Services, March 27, Subcommittee on Capital Markets, Insurance, and Government Sponsored Enterprises, hearing on the agreement by Fannie Mae and Freddie Mac to voluntarily enhance capital strength, disclosure, and market discipline, 2 p.m., 2128 Rayburn. March 28, full Committee, to mark up the following bills: H.R. 974, Small Business Interest Checking Act of 2001; and H.R. 1088, Investor and Capital Markets Fee Relief Act, 10 a.m., 2128 Rayburn. March 29, Subcommittee on Domestic Monetary Policy, Technology and Economic Growth, hearing on Beyond the Tax Cut: Unleashing the Economy, 10 a.m., 2128 Rayburn. Committee on Government Reform, March 27, Subcommittee on Criminal Justice, Drug Policy and Human Resources, hearing on ‘‘Medical’’ Marijuana, Federal Drug Law and the Constitution’s Supremacy Clause, 2:30 p.m., 2154 Rayburn. March 27, Subcommittee on Energy Policy, Natural Resources and Regulatory Affairs, hearing on ‘‘A Rush to Regulate—the Congressional Review Act and Recent Federal Regulations,’’ 10 a.m., 2154 Rayburn. March 27, Subcommittee on National Security, Veterans’ Affairs and International Relations, hearing on Combating Terrorism: In Search of a National Strategy, 10 a.m., 2247 Rayburn. March 30, Subcommittee on Government Efficiency, Financial Management, and Intergovernmental Affairs, hearing on ‘‘Oversight of the Federal Government’s Consolidated Financial Statements,’’ 10 a.m., 2154 Rayburn. Committee on International Relations, March 28, to mark up the following measures: H. Res. 91, expressing the sense of the House of Representatives regarding the human rights situation in Cuba; H.R. 428, concerning the participation of Taiwan in the World Health Organization; H. Res. 56, urging the appropriate representative of the United States to the United Nations Commission on Human Rights to introduce at the annual meeting of the Commission a resolution calling upon the People’s Republic of China to end its human rights violations in China and Tibet; and H. Con. Res. Expressing the sense of Congress that the 2008 Olympic Games should not be held in Beijing unless the Government of the People’s Republic of China releases all political prisoners, ratifies the International Covenant on Civil and Political Rights and observes internationally recognized human rights, 10 a.m., 2172 Rayburn. March 28, Subcommittee on Africa and the Subcommittee on International Operations and Human Rights, joint hearing on America’s Sudan Policy: A New Direction? 2:30 a.m., 2172 Rayburn. March 29, Subcommittee on the Middle East and South Asia, hearing on Developments in the Middle East, 10 a.m., 2172 Rayburn. Committee on the Judiciary, March 28, to consider Subcommittee Rules of Procedure for private immigration bills and private claims bills and to mark up the following measures: H.R. 768, Need-Based Educational Aid Act of 2001; H.R. 503, Unborn Victims of Violence Act of 2001; H.R. 863, Consequences for Juvenile Offenders Act of 2001; and a private claims bill, 10 a.m., 2141 Rayburn. March 29, Subcommittee on Crime, oversight hearing on Drug Trafficking on the Southwest Border, 10 a.m., 2237 Rayburn. Committee on Resources, March 27, Subcommittee on National Parks, Recreation and Public Lands, oversight hearing on the Yosemite Valley Plan, 10 a.m., 1334 Longworth. March 27, Subcommittee on Water and Power, oversight hearing on the Status of Federal Western Water Resources, 2 p.m., 1324 Longworth. March 28, full Committee, to mark up the following bills: H.R. 146, Great Falls Historic District Study Act of 2001; H.R. 182, Eight Mile River Wild and Scenic River Study Act of 2001; H.R. 309, Guam Foreign Investment Equity Act; H.R. 581, to authorize the Secretary of the Interior and the Secretary of Agriculture to use funds appropriated for wildland fire management in the Department of Interior and Related Agencies Appropriations Act of 2001, to reimburse the United States Fish and Wildlife Services and the National Marine Fisheries Services to facilitate the interagency cooperation required under the Endangered Species Act of 1973 in connection with wildland fire management; H.R. 601, to ensure the continued access of hunters to those Federal lands included within the boundaries of the Craters of the Moon National Monument in the State of Idaho pursuant to Presidential Proclamation 7373 of November 9, 2000, and to continue the applicability of the Taylor Grazing Act to the disposition of grazing fees arising from the use of such lands; and 642, to reauthorize the Chesapeake Bay Office of the National Oceanic and Atmospheric Administration, 10 a.m., 1324 Longworth. March 29, Subcommittee on Energy and Mineral Resources, oversight hearing on the Effect of Mining Claim Fees on Domestic Exploration: Are They Worth It? 2 p.m., 1324 Longworth. March 29, Subcommittee on Fisheries Conservation, Wildlife and Oceans, to mark up the following bills: H.R. 643, African Elephant Conservation Reauthorization Act of 2001; H.R. 645, Rhinoceros and Tiger Conservation Reauthorization Act of 2001; and H.R. 700, Asian Elephant Conservation Reauthorization Act of 2001, followed by an oversight hearing on Comprehensive Conservation Planning and the Operations and Maintenance Backlog in the National Wildlife Refuge System, 9:30 a.m., 1334 Longworth. March 29, Subcommittee on Forests and Forest Health, hearing on the Effective Community Involvement in National Forest Restoration and Recreation Efforts: Obstacles and Solutions, 10 a.m., 1324 Longworth. Committee on Rules, March 27, to consider the following: Concurrent Resolution on the Budget for Fiscal Year 2002; and H.R. 6, Marriage Penalty and Family Tax Relief Act of 2001, 2 p.m., H–313 Capitol."
2,CREC-2001-05-08-pt1-PgD410,1,"H. Res. 135, providing for consideration of H.R. 581. to authorize the Secretary of the Interior and the Secretary of Agriculture to use funds appropriated for wildland fire management in the Department of the Interior and Related Agencies Appropriations Act, 2001, to reimburse the United States Fish and Wildlife Service and the National Marine Fisheries Service to facilitate the interagency cooperation required under the Endangered Species Act of 1973 in connection with wildland fire management (H. Rept. 107–59); Conference report on H. Con. Res. 83, establishing the congressional budget for the United States Government for fiscal year 2002, revising the congressional budget for the United States Government for fiscal year 2001, and setting forth appropriate budgetary levels for each of fiscal years 2003 through 2011 (H. Rept. 107–60); and H. Res. 136, waiving points of order against the conference report to accompany H. Con. Res. 83, establishing the congressional budget for the United States Government for fiscal year 2002, revising the congressional budget for the United States Government for fiscal year 2001, and setting forth appropriate budgetary levels for each of fiscal years 2003 through 2011 (H. Rept. 107–61). Pages H1957–H2004, H2021 Speaker Pro Tempore: Read a letter from the Speaker wherein he appointed Representative Issa to act as Speaker pro tempore for today. Page H1931 Guest Chaplain: The prayer was offered by the guest Chaplain, the Rev. Thomas A. Kuhn, Church of the Incarnation, Dayton, Ohio. Page H1936 Recess: The House recessed at 1:04 p.m. and reconvened at 2 p.m. Page H1936 Suspensions: The House agreed to suspend the rules and pass the following measures: 50th Anniversary of the National Science Foundation: H. Con. Res. 108, honoring the National Science Foundation for 50 years of service to the Nation; and Pages H1938–43, H1950 20th Annual National Peace Officers’ Memorial Service: H. Con. Res. 74, authorizing the use of the Capitol Grounds for the 20th annual National Peace Officers’ Memorial Service. Pages H1943–44 Recess: The House recessed at 2:55 p.m. and reconvened at 5 p.m. Page H1944 Mexico-United States Interparliamentary Group: The Chair announced the Speaker’s appointment of the following members to the Mexico-United States Interparliamentary Group: Representatives Ballenger, Dreier, Stenholm, Barton of Texas, Filner, Lewis of Kentucky, Manzullo, Granger, Reyes and Thompson of California. Chairman Kolbe was previously appointed on March 28, 2001. Page H1944 Committee on Vital and Health Statistics: The Chair announced the Speaker’s appointment of Mr. Jeffery S. Blair of Albuquerque, New Mexico to the National Committee on Vital and Health Statistics for a four year term. Pages H1944–45 Recommittal of Budget Conference Report: The House agreed to H. Res. 134, providing for recommittal of the conference report to accompany H. Con. Res. 83, establishing the congressional budget for the United States Government for fiscal year 2002, revising the congressional budget for the United States Government for fiscal year 2001, and setting forth appropriate budgetary levels for each of fiscal years 2003 through 2011 by a yea-and-nay vote of 409 yeas to 1 nay, Roll No. 101. Pages H1951–56 Earlier, the House agreed to H. Res. 131,the rule that waived a requirement of clause 6(a) of rule XIII with respect to consideration of certain resolutions reported from the Committee on Rules by a yea-andnay vote of 214 yeas to 200 nays, Roll No. 100. Pages H1945–51 Quorum Calls Votes: Two yea-and-nay votes developed during the proceedings of the House today and appears on pages H1950–51 and H1956. There were no quorum calls. Adjournment: The House met at 12:30 p.m. and adjourned at 9:50 p.m."
3,CREC-2001-05-08-pt1-PgD410,2,"Committee on Rules: Granted, by voice vote, an open rule providing 1 hour of general debate on H.R. 581, to authorize the Secretary of the Interior and the Secretary of Agriculture to use funds appropriated for wildland fire management in the Department of the Interior and Related Agencies Appropriations Act, 2001, to reimburse the United States Fish and Wildlife Service and the National Marine Fisheries Service to facilitate the interagency cooperation required under the Endangered Species Act of 1973 in connection with wildland fire management The rule waives section 311 of the Congressional Budget Act of 1974 (prohibiting consideration of legislation or an amendment that would cause the total level of new budget authority or outlays in the most recent budget resolution to be exceeded, or"
4,CREC-2001-05-08-pt1-PgD410,3,"Committee on Environment and Public Works: Subcommittee on Fisheries, Wildlife, and Water, to hold hearings to examine the listing and de-listing processes of the Endangered Species Act, 9:30 a.m., SD–628. Committee on Governmental Affairs: to hold oversight hearings to examine federal election practices and procedures, 10 a.m., SD–342. Select Committee on Intelligence: to hold closed hearings on intelligence matters, 2 p.m., SH–219."
5,CREC-1996-09-13-pt1-PgD938-4,1,"Committee on Resources, September 17, oversight hearing on Equal access to the courts under the Endangered Species Act; to be followed by a hearing on H.R. 3862, Citizen’s Fair Housing Act of 1996, 2 p.m., 1324 Longworth. September 18, to mark up the following bills: H.R. 2392, to amend the Umatilla Basin Project Act to establish boundaries for irrigation districts within the Umatilla Basin; H.R. 3258, to direct the Secretary of the Interior to convey certain real property located within the Carlsbad project in New Mexico to Carlsbad Irrigation District; H.R. 2561, Glacier Bay National Park and Preserve Boundary Adjustment Act of 1995; H.R. 3973, to provide for a study of the recommendations of the Joint Federal-State Commission on Policies and Programs Affecting Alaska Natives; H.R. 3819, to amend the act establishing the National Park Foundation; H.R. 3155, to amend the Wild and Scenic Rivers Act by designating the Wekiva River, Seminole Creek, and Rock Springs Run in the State of Florida for study and potential addition to the national wild and scenic rivers system; H.R. 3568, to designate 51.7 miles of the Clarion River, located in Pennsylvania, as a component of the National Wild and Scenic Rivers System; and H.R. 3497, to expand the boundary of the Snoqualmie National Forest, 11 a.m., 1324 Longworth. September 19, Subcommittee on Fisheries, Wildlife and Oceans, to continue oversight hearings on the National Wildlife Refuge System, examining in some detail the operation and maintenance of the 510 units that comprise the System, 10 a.m., 1334 Longworth. September 19, Subcommittee on Water and Power Resources, oversight hearing on accounting practices for Federal hydropower marketing, 2 p.m., 1334 Longworth. Committee on Rules, September 17, hearing on H.R. 3024, United States-Puerto Rico Political Status Act, 1 p.m., and to consider H.R. 1858, Financial Institutions Regulatory Relief Act, 4 p.m., H–313 Capitol. Committee on Science, September 17, Subcommittee on Technology, hearing on Technological Advances in Genetics Testing: Implications for the Future, 1:30 p.m., 2318 Rayburn."
6,CREC-1995-03-07-pt1-PgD299,1,"provided for Environmental Restoration, Defense, and to offset the reduction by an increase in the rescission for Research, Development, Test and Evaluation, Defense-Wide. Pages S3587–93 Withdrawn: Helms/Faircloth Amendment No. 325 (to committee amendment beginning on page 1, line 3), to provide that the Endangered Species Act of 1973 shall not apply with respect to Fort Bragg, North Carolina. Pages S3597–99 Pending: Helms (Modified) Amendment No. 326 (to committee amendment beginning on page 1, line 3), to strengthen international sanctions against the Castro government in Cuba, to develop a plan to support a transition government leading to a democratically elected government in Cuba. Pages S3599–S3600 Senate will continue consideration of the bill on Wednesday, March 8. Nominations Confirmed: Senate confirmed the following nominations: Herschelle Challenor, of Georgia, to be a Member of the National Security Education Board for a term of four years. Sheila Cheston, of the District of Columbia, to be General Counsel of the Department of the Air Force. Page S3640 Messages From the House: Page S3603 Measures Referred: Page S3603 Communications: Page S3603 Statements on Introduced Bills: Pages S3604–22 Additional Cosponsors: Pages S3622–23 Amendments Submitted: Pages S3623–35 Notices of Hearings: Page S3635 Authority for Committees: Page S3636 Additional Statements: Pages S3636–39 Record Votes: Three record votes were taken today. (Total—101) Pages S3555, S3593 Recess: Senate convened at 10:30 a.m., and recessed at 6:34 p.m., until 10:30 a.m., on Wednesday, March 8, 1995. (For Senate’s program, see the remarks of the Acting Majority Leader in today’s RECORD on page S3640.)"
7,CREC-1995-03-07-pt1-PgD299,2,"Committee on Environment and Public Works: Subcommittee on Drinking Water, Fisheries and Wildlife concluded hearings on S. 191, S. 503, and other related proposals to institute a moratorium on certain activities under authority of the Endangered Species Act, after receiving testimony from Senator Hutchison; Bruce Babbitt, Secretary of the Interior; David Wilcove, on behalf of the Environmental Defense Fund and the Society for Conservation Biology, and William J. Snape III, Defenders of Wildlife, both of Washington, D.C.; Robert E. Gordon, Jr., National Wilderness Institute, Alexandria, Virginia; Rick Perry, Texas Department of Agriculture, Austin; James A. Kraft, Plum Creek Timber Company,"
8,CREC-2024-04-30-pt1-PgD417,1,"Frm 00004 Fmt 0627 Rejected the Dingell motion to recommit the bill to the Committee on Natural Resources, by a yeaand-nay vote of 204 yeas to 211 nays, Roll No. 166. Page H2750 H. Res. 1173, the rule providing for consideration of the bills (H.R. 615), (H.R. 2925), (H.R. 3195), (H.R. 764), (H.R. 3397), (H.R. 6285), and (H.R. 6090) was agreed to by a recorded vote of 209 ayes to 205 noes, Roll No. 163, after the previous question was ordered by a yea-and-nay vote of 209 yeas to 205 nays, Roll No. 162. Pages H2716–18 Trust the Science Act: The House passed H.R. 764, to require the Secretary of the Interior to reissue regulations removing the gray wolf from the list of endangered and threatened wildlife under the Endangered Species Act of 1973, by a recorded vote of 209 ayes to 205 noes, Roll No. 169. Pages H2728–35, H2751–52 Rejected the Huffman motion to recommit the bill to the Committee on Natural Resources, by a yea-and-nay vote of 205 yeas to 210 nays, Roll No. 168. Page H2751–52 H. Res. 1173, the rule providing for consideration of the bills (H.R. 615), (H.R. 2925), (H.R. 3195), (H.R. 764), (H.R. 3397), (H.R. 6285), and (H.R. 6090) was agreed to by a recorded vote of 209 ayes to 205 noes, Roll No. 163, after the previous question was ordered by a yea-and-nay vote of 209 yeas to 205 nays, Roll No. 162. Pages H2716–18 Superior National Forest Restoration Act: The House passed H.R. 3195, to rescind Public Land Order 7917, to reinstate mineral leases and permits in the Superior National Forest, to ensure timely review of Mine Plans of Operations, by a yea-and-nay vote of 212 yeas to 203 nays, Roll No. 171. Pages H2718–28, H2752–54 Rejected the McCollum motion to recommit the bill to the Committee on Natural Resources, by a yea-and-nay vote of 205 yeas to 210 nays, Roll No. 170. Pages H2752–53 H. Res. 1173, the rule providing for consideration of the bills (H.R. 615), (H.R. 2925), (H.R. 3195), (H.R. 764), (H.R. 3397), (H.R. 6285), and (H.R. 6090) was agreed to by a recorded vote of 209 ayes to 205 noes, Roll No. 163, after the previous question was ordered by a yea-and-nay vote of 209 yeas to 205 nays, Roll No. 162. Pages H2716–18 Discharge Petition: Representative Steube presented to the clerk a motion to discharge the Committee on Rules from the consideration of the resolution (H. Res. 961) entitled, a resolution providing for consideration of the bill (H.R. 5863) to provide tax relief with respect to certain Federal disasters (Discharge Petition No. 11)."
9,CREC-1997-09-24-pt1-PgD997,1,"Committee on Environment and Public Works: Committee concluded hearings on S. 1180, authorizing funds for fiscal years 1998 through 2003 for programs of the Endangered Species Act, after receiving testimony from former Senator James McClure, on behalf of the National Endangered Species Act Reform Coalition; Duane L. Shroufe, Arizona Game and Fish Department, Phoenix, on behalf of the International Association of Fish and Wildlife Agencies; and W. Henson Moore, on behalf of the American Forest and Paper Association and the Endangered Species Coordinating Council, Mark Van Putten, National Wildlife Federation, and Michael J. Bean, Environmental Defense Fund, all of Washington, D.C."
10,CREC-2000-02-01-pt1-PgD42,1,"House Committee on Appropriations, Subcommittee on Legislative, on Members of Congress; Office of Compliance; CBO; Financial Managers Council; and outside witnesses, 9:30 a.m., H–144 Capitol. Committee on Education and the Workforce, Subcommittee on Early Childhood, Youth and Families and the Subcommittee on Postsecondary Education, Training, and Life-Long Learning, joint hearing on Federal Role in K–12 Mathematics Reform, 10:30 a.m., 2175 Rayburn. Committee on Government Reform, Subcommittee on National Economic Growth, Natural Resources and Regulatory Affairs, hearing on Kyoto and the Internet: The Energy Implications of the Digital Economy, 10 a.m., 2247 Rayburn. Subcommittee on National Security, Veterans’ Affairs and International Relations, hearing on Gulf War Veterans’ Illnesses: The Current Research Agenda, 10 a.m., 2154 Rayburn. Committee on International Relations, hearing on Changing American Diplomacy for the New Century, 10 a.m., 2118 Rayburn. Committee on the Judiciary, Subcommittee on the Constitution, to mark up H.R. 2372, Private Property Rights Implementation Act of 1999, 10 a.m., 2237 Rayburn. Committee on Resources, hearing on H.R. 3160, Common Sense Protections for Endangered Species Act, 11 a.m., 1324 Longworth. Committee on Ways and Means, to mark up H.R. 6, Marriage Tax Penalty Relief Act of 1999, 2 p.m., 1100 Longworth."
11,CREC-1996-09-17-pt1-PgD954,1,"Committee on Resources: Held an oversight hearing on Equal access to the courts under the Endangered Species Act as well as a hearing on H.R. 3826, Citizen’s Fair Housing Act of 1996. Testimony was heard from John Leshy, Solicitor, Department of the Interior; John Torgerson, Senator, State of Alaska; and public witnesses."
12,CREC-1996-09-16-pt1-PgD946-2,1,"House Committee on Government Reform and Oversight, Subcommittee on Civil Service, hearing on Fire Fighter Pay and Benefits, 2 p.m., 2154 Rayburn. Subcommittee on National Economic Growth, Natural Resource, and Regulatory Affairs, to consider the issuance of subpoenas for documents relating to the White House DataBase, 3 p.m., 2247 Rayburn. Subcommittee on Postal Service, hearing on H.R. 3717, Postal Reform Act of 1996, 1 p.m., 311 Cannon. Committee on International Relations, to mark up the following measures: H. Con. Res. 132, relating to the extradition of Martin Pang from Brazil to the United States; H. Con. Res. 145, concerning the removal of Russian Armed Forces from Moldova; H. Con. Res. 189, expressing the sense of the Congress regarding the importance of U.S. membership in regional South Pacific organizations; H. Res. 515, expressing the sense of the House of Representatives with respect to the persecution of Christians worldwide; H. Con. Res. 212, endorsing the adoption by the European Parliament of a resolution supporting the Republic of China on Taiwan’s efforts at joining the community of nations; and H. Con. Res. 51, expressing the sense of the Congress relating to the removal of Russian troops from Kaliningrad, 3 p.m., 2172 Rayburn. Committee on National Security, Subcommittee on Military Personnel, hearing on POW/MIA issues, 12 p.m., 2118 Rayburn. Committee on Resources, oversight hearing on Equal access to the courts under the Endangered Species Act and a hearing on H.R. 3862, Citizen’s Fair Housing Act of 1996, 2 p.m., 1324 Longworth. Committee on Rules, hearing on H.R. 3024, United States-Puerto Rico Political Status Act, 1 p.m., and to consider the following: Conference Report to accompany H.R. 3675, making appropriations for the Department of Transportation and related agencies for the fiscal year"
13,CREC-2016-04-20-pt1-PgD410-2,1,"Frm 00008 Fmt 0627 Brownfields Program: Empowering Cleanup and Encouraging Economic Redevelopment’’, 10 a.m., 2123 Rayburn. Committee on Financial Services, Subcommittee on Capital Markets and Government Sponsored Enterprises, hearing entitled ‘‘Continued Oversight of the SEC’s Offices and Divisions’’, 9:15 a.m., 2128 Rayburn. Committee on Oversight and Government Reform, Subcommittee on the Interior; and Subcommittee on Healthcare, Benefits and Administrative Rules, joint hearing entitled ‘‘Barriers to Endangered Species Act Delisting, Part II’’, 9 a.m., 2154 Rayburn."
14,CREC-1999-05-26-pt1-PgD596,1,"(Committee meetings are open unless otherwise indicated) Senate Committee on Agriculture, Nutrition, and Forestry: to hold hearings on S.935, to amend the National Agricultural Research, Extension, and Teaching Policy Act of 1977 to authorize research to promote the conversion of biomass into biobased industrial products, 9:30 a.m., SR–328A. Committee on Appropriations: business meeting to mark up proposed legislation making appropriations for fiscal year 2000 for Energy and Water Development programs, and to mark up proposed legislation making appropriations for fiscal year 2000 for the Department of Transportation and related agencies, 9:30 a.m., SD–106. Committee on Commerce, Science, and Transportation: to hold hearings on S.761, to regulate interstate commerce by electronic means by permitting and encouraging the continued expansion of electronic commerce through the operation of free market forces, 10 a.m., SR–253. Committee on Energy and Natural Resources: to hold hearings on the nomination of David L. Goldwyn, of the District of Columbia to be an Assistant Secretary of Energy (International Affairs); and the nomination of James B. Lewis, of New Mexico, to be Director of the Office of Minority Economic Impact, Department of Energy, 10 a.m., SD–366. Subcommittee on Water and Power, to hold hearings on S. 623, to amend Public Law 89–108 to increase authorization levels for State and Indian tribal, municipal, rural, and industrial water supplies, to meet current and future water quantity and quality needs of the Red River Valley, to deauthorize certain project features and irrigation service areas, to enhance natural resources and fish and wildlife habitat; S. 244, to authorize the construction of the Lewis and Clark Rural Water System and to authorize assistance to the Lewis and Clark Rural Water System, Inc., a nonprofit corporation, for the planning and construction of the water supply system; S. 769, to provide a final settlement on certain debt owed by the city of Dickinson, North Dakota, for the construction of the bascule gates on the Dickinson Dam; S. 1027, to reauthorize the participation of the Bureau of Reclamation in the Deschutes Resources Conservancy; and H.R. 459, to extend the deadline under the Federal Power Act for FERC Project No. 9401, the Mt. Hope Waterpower Project, 2 p.m., SD–366. Committee on Environment and Public Works: Subcommittee on Fisheries, Wildlife, and Drinking Water, to hold hearings on S. 1100, to amend the Endangered Species Act of 1973 to provide that the designation of critical habitat for endangered and threatened species be required as part of the development of recovery plans for those species, 10:30 a.m., SD–406."
15,CREC-2018-07-18-pt1-PgD833,1,"Public Bills and Resolutions Introduced: 23 public bills, H.R. 6414–6436; and 1 resolution, H. Res. 1003 were introduced. Pages H6556–58 Additional Cosponsors: Pages H6558–59 Reports Filed: Reports were filed today as follows: H. Res. 982, resolution of inquiry requesting the President, and directing the Secretary of Health and Human Services, to transmit, respectively, certain information to the House of Representatives referring to the separation of children from their parents or guardians as a result of the President’s ‘‘zero tolerance’’ policy (H. Rept. 115–835); H.R. 2345, to require the Federal Communications Commission to study the feasibility of designating a simple, easy-to-remember dialing code to be used for a national suicide prevention and mental health crisis hotline system, with an amendment (H. Rept. 115–836); H.R. 4881, to require the Federal Communications Commission to establish a task force for meeting the connectivity and technology needs of precision agriculture in the United States, with amendments (H. Rept. 115–837); H.R. 3916, to amend the Endangered Species Act of 1973 to vest in the Secretary of the Interior functions under that Act with respect to species of fish that spawn in fresh or estuarine waters and migrate to ocean waters, and species of fish that spawn in ocean waters and migrate to fresh water, with an amendment (H. Rept. 115–838); H.R. 577, to designate a peak in the State of Nevada as Maude Frazier Mountain (H. Rept. 115–839); H.R. 3045, to amend the National Trails System Act to extend the Lewis and Clark National Historic Trail, and for other purposes, with an amendment (H. Rept. 115–840);"
16,CREC-2018-07-18-pt1-PgD833,2,"the Social Cost of Carbon rule (by a recorded vote of 215 ayes to 199 noes, Roll No. 347); Pages H6503–04, H6543–44 McMorris Rodgers amendment (No. 46 printed in H. Rept. 115–830) that limits funding for the implementation of Washington State’s revised water quality standard (by a recorded vote of 227 ayes to 185 noes, Roll No. 348); Pages H6505–06, H6544–45 Lamborn amendment (No. 48 printed in H. Rept. 115–830) that prohibits the use of funds to implement or enforce the threatened species listing of the Preble’s meadow jumping mouse under the Endangered Species Act (by a recorded vote of 213 ayes to 202 noes, Roll No. 349); Pages H6507–08, H6545 Lamborn amendment (No. 49 printed in H. Rept. 115–830) that prohibits the use of funds to implement or enforce the threatened species or endangered species listing of any plant or wildlife that has not undergone a review as required by section 4(c)(2) of the Endangered Species Act of 1973 (by a recorded vote of 213 ayes to 201 noes, Roll No. 350); Pages H6508–09. H6545–46 Goodlatte amendment (No. 50 printed in H. Rept. 115–830) that prohibits the Environmental Protection Agency from using any funds to take retaliatory, or EPA described ‘‘backstop’’ actions, against any of the six states in the Chesapeake Bay Watershed in the event that a state does not meet the goals mandated by the EPA’s Chesapeake Bay Total Maximum Daily Load (by a recorded vote of 213 ayes to 202 noes, Roll No. 351); Pages H6509–10, H6546–47 Pearce amendment (No. 62 printed in H. Rept. 115–830) that prevents funds from being used to carry out any rule-making on the status of the Lesser Prairie Chicken (by a recorded vote of 216 ayes to 199 noes, Roll No. 354); Pages H6518–19, H6548–49 Smith (MO) amendment (No. 70 printed in H. Rept. 115–830) that prevents the payment of attorney’s fees as part of any settlement the Federal Government enters into under the Clean Air Act, the Clean Water Act, and the Endangered Species Act (by a recorded vote of 215 ayes to 199 noes, Roll No. 357); Pages H6529–30, H6550–51 Palmer amendment (No. 83 printed in H. Rept. 115–830) that prohibits funds from being used to carry out the District of Columbia’s Health Insurance Requirement Amendment Act of 2018 (by a recorded vote of 226 ayes to 189 noes, Roll No. 359); Pages H6537–38, H6551–52 Meadows amendment (No. 84 printed in H. Rept. 115–830) that prohibits Federal Funds from being used by the Office of Personnel Management to administer the Multi-State Plan program (by a recorded vote of 223 ayes to 192 noes, Roll No. 360); and Pages H6538–39, H6552"
17,CREC-2017-05-09-pt1-PgD510-4,1,"ministrator of the Western Area Power Administration to establish a pilot project to provide increased transparency for customers, S. 1012, to provide for drought preparedness measures in the State of New Mexico, S. 1029, to amend the Public Utility Regulatory Policies Act of 1978 to exempt certain small hydroelectric power projects that are applying for relicensing under the Federal Power Act from the licensing requirements of that Act, and S. 1030, to require the Federal Energy Regulatory Commission to submit to Congress a report on certain hydropower projects, 2:30 p.m., SD–366. Committee on Environment and Public Works: to hold hearings to examine state views on the need to modernize the Endangered Species Act, 10 a.m., SD–406. Committee on Foreign Relations: Subcommittee on Western Hemisphere, Transnational Crime, Civilian Security, Democracy, Human Rights, and Global Women’s Issues, to hold hearings to examine emerging external influences in the Western Hemisphere, 10 a.m., SD–419. Committee on Health, Education, Labor, and Pensions: business meeting to consider S. 934, to amend the Federal Food, Drug, and Cosmetic Act to revise and extend the user-fee programs for prescription drugs, medical devices, generic drugs, and biosimilar biological products, and S. 1028, to provide for the establishment and maintenance of a National Family Caregiving Strategy, 10 a.m.,"
18,CREC-2016-03-14-pt1-PgD248,1,"collectively known as the Members’ Congressional Handbook; and a resolution to amend the Committee regulations collectively known as the Committee Handbook, 10:30 a.m., 1310 Longworth. Committee on the Judiciary, March 16, Full Committee, markup on the ‘‘Refugee Program Integrity Restoration Act of 2016’’, 10 a.m., 2141 Rayburn. Committee on Natural Resources, March 16, Full Committee, markup on H.R. 87, the ‘‘Shiloh National Military Park Boundary Adjustment and Parker’s Crossroads Battlefield Designation Act’’; H.R. 295, to reauthorize the Historically Black Colleges and Universities Historic Preservation program; H.R. 329, the ‘‘Indian Employment, Training and Related Services Consolidation Act of 2015’’; H.R. 496, the ‘‘Alabama Hills National Scenic Area Establishment Act’’; H.R. 1621, to modify the boundary of Petersburg National Battlefield in the Commonwealth of Virginia, and for other purposes; H.R. 1838, the ‘‘Clear Creek National Recreation Area and Conservation Act’’; H.R. 2009, the ‘‘Pascua Yaqui Tribe Land Conveyance Act of 2015’’; H.R. 2733, the ‘‘Nevada Native Nations Land Act’’; H.R. 3070, the ‘‘EEZ Clarification Act’’; H.R. 3211, to provide for the addition of certain real property to the reservation of the Siletz Tribe in the State of Oregon; H.R. 3826, the ‘‘Mount Hood Cooper Spur Land Exchange Clarification Act’’; H.R. 4245, to exempt importation and exportation of sea urchins and sea cucumbers from licensing requirements under the Endangered Species Act of 1973; H.R. 4579, the ‘‘Utah Test and Training Range Encroachment Prevention and Temporary Closure Act’’; and H.R. 4680, to prepare the National Park Service for its Centennial in 2016 and for a second century of promoting and protecting the natural, historic, and cultural resources of our National Parks for the enjoyment of present and future generations, and for other purposes (continued), 10 a.m., 1324 Longworth. March 17, Subcommittee on Oversight and Investigations, hearing entitled ‘‘Implementation of the Department of the Interior’s Law Enforcement Records System’’, 9:30 a.m., 1324 Longworth. Committee on Oversight and Government Reform, March 16, Full Committee, hearing entitled ‘‘Rebuilding Afghanistan: Oversight of Defense Department Infrastructure Projects’’, 9 a.m., 2154 Rayburn. March 16, Subcommittee on Information Technology, hearing entitled ‘‘VA Cybersecurity and IT Oversight’’, 2 p.m., 2247 Rayburn. March 16, Subcommittee on the Interior; and Subcommittee on Health Care, Benefits and Administrative Rules, joint hearing entitled ‘‘Examining the Renewable Fuel Standard’’, 2 p.m., 2154 Rayburn. March 17, Full Committee, hearing entitled ‘‘Examining Federal Administration of the Safe Drinking Water Act in Flint, Michigan—Part III’’, 9 a.m., 2154 Rayburn. Committee on Rules, March 16, Full Committee, markup and hearing on a resolution authorizing the Speaker to SSpencer on DSK4SPTVN1PROD with DIGEST VerDate Sep 11 2014 05:59 Mar 15, 2016 Jkt 059060"
19,CREC-1995-05-09-pt1-PgD570,1,"Committee on House Oversight, to consider pending business, 10 a.m., 1310 Longworth. Committee on International Relations, to mark up H.R. 1562, Foreign Affairs Agencies Consolidation Act of 1995, 10:30 a.m., 2172 Rayburn. Committee on the Judiciary, Subcommittee on the Constitution, hearing on authorization and oversight of the Environment and Natural Resources Division of the Department of Justice, 10 a.m., 2237 Rayburn. Committee on Resources, to mark up the following bills: H.R. 39, Fishery Conservation and Management Amendments of 1995; H.R. 260, National Park System Reform Act of 1995; H.R. 1077, to authorize the Bureau of Land Management; and H.R. 1091, to improve the National Park System in the Commonwealth of Virginia, 11 a.m., and to hold a hearing on the Endangered Species Act, 2 p.m., 1324 Longworth. Subcommittee on Native American Affairs, hearing on H.R. 1448, to amend the Indian Child Welfare Act of 1978 to require that determinations regarding status as an Indian child and as a member of an Indian tribe be prospective from the date of birth of the child and of total membership of the member, 2 p.m., 1324 Longworth. Committee on Ways and Means, Subcommittee on Human Resources, hearing on Federal Adoption Policy, 11 a.m., B–318 Rayburn. Subcommittee on Oversight, hearing on the Research and Experimentation Tax Credit and the Allocation of Research Expenses Under Internal Revenue Code Section 861, 10 a.m., 1100 Longworth."
20,CREC-1995-06-21-pt1-PgD769,1,"(Committee meetings are open unless otherwise indicated) Senate Committee on Energy and Natural Resources, Subcommittee on Forests and Public Land Management, to hold hearings on S. 852, to provide for uniform management of livestock grazing on Federal land, 9:30 a.m., SD–366. Committee on Environment and Public Works, Subcommittee on Drinking Water, Fisheries, and Wildlife, to hold oversight hearings on the National Marine Fisheries Service policy on spills at Columbia River hydropower dams, gas bubble trauma in endangered salmon, and the scientific method used under the Endangered Species Act which gave rise to that policy, 10 a.m., SD–406. Committee on the Judiciary, business meeting, to consider pending calendar business, 10 a.m., SD–226. Committee on Labor and Human Resources, to continue oversight hearings on the Occupational Safety and Health Administration (OSHA), 9:30 a.m., SD–430. Committee on Indian Affairs, to hold joint hearings with the House Committee on Resources Subcommittee on Native American and Insular Affairs on S. 487, to amend the Indian Gaming Regulatory Act, 9:30 a.m., SD–G50."
21,CREC-2000-09-08-pt1-PgD880-4,1,"that authorize States to establish hunting seasons for double-crested cormorants; H.R. 3986, to provide for a study of the engineering feasibility of a water exchange in lieu of electrification of the Chandler Pumping Plant at Prosser Diversion Dam, Washington; H.R. 4020, Dillonwood Giant Sequoia Grove Park Expansion Act; H.R. 4503, Historically Women’s Public Colleges or Universities Historic Building Restoration and Preservation Act; H.R. 4613, National Historic Lighthouse Preservation Act of 2000; H.R. 4656, to authorize the Forest Service to convey certain lands in the Lake Tahoe Basin to the Washoe County School District for use as an elementary school site; H.R. 4721, to provide for all right, title, and interest in and to certain property in Washington County, Utah, to be vested in the United States; H.R. 4800, Ronald Reagan Recognition Act of 2000; H.R. 4828, Steens Mountain Wilderness Act of 2000; H.R. 5130, to authorize the Secretary of the Interior to provide cost sharing for the CALFED water enhancement programs in California; and a measure to provide incentives for Indian tribes to collect and pay lawfully imposed State sales taxes on goods sold on tribal lands and to provide for penalties against Indian tribes that do not collect and pay such State sales taxes, 11 a.m., 1324 Longworth. September 14, hearing on Endangered Species Act, 11 a.m., 3124 Longworth. September 14, Subcommittee on Forests and Forest Health, oversight hearing on Private Conservation Efforts: Lessons for National Forests, 11 a.m., 1334 Longworth."
22,CREC-2024-04-29-pt1-PgD409-3,1,"H. Res. 1173, providing for consideration of the bill (H.R. 615) to prohibit the Secretary of the Interior and the Secretary of Agriculture from prohibiting the use of lead ammunition or tackle on certain Federal land or water under the jurisdiction of the Secretary of the Interior and the Secretary of Agriculture, and for other purposes; providing for consideration of the bill (H.R. 2925) to amend the Omnibus Budget Reconciliation Act of 1993 to provide for security of tenure for use of mining claims for ancillary activities, and for other purposes; providing for consideration of the bill (H.R. 3195) to rescind Public Land Order 7917, to reinstate mineral leases and permits in the Superior National Forest, to ensure timely review of Mine Plans of Operations, and for other purposes; providing for consideration of the bill (H.R. 764) to require the Secretary of the Interior to reissue regulations removing the gray wolf from the list of endangered and threatened wildlife under the Endangered Species Act of 1973; providing for consideration of the bill (H.R. 3397) to require the Director of the Bureau of Land Management to withdraw a rule of the Bureau of Land Management relating to conservation and landscape health; providing for consideration of the bill (H.R. 6285) to ratify and approve all authorizations, permits, verifications, extensions, biological opinions, incidental take statements, and any other approvals or orders issued pursuant to Federal law necessary for the establishment and administration of the Coastal Plain oil and gas leasing program, and for other purposes; and providing for consideration of the bill (H.R. 6090) to provide for the consideration of a definition of antisemitism set forth by the International Holocaust Remembrance Alliance for the"
23,CREC-2006-03-16-pt2-PgD263,1,"Committee on Resources: Held a hearing on H.R. 4857, To better inform consumers regarding costs associated with compliance for protecting endangered and threatened species under the Endangered Species Act of 1973. Testimony was heard from the following officials of the Department of Energy: Greg Delwiche, Vice President, Environment, Fish and Wildlife, Bonneville Power Administration; and Michael S. Hacskaylo, Administrator, Western Area Power Administration; and public witnesses."
24,CREC-2015-01-22-pt1-PgD51,1,"Frm 00002 Fmt 0627 adaptation projects in the United States Arctic region and rural communities. Page S399 Flake Amendment No. 103 (to Amendment No. 2), to require the evaluation and consolidation of duplicative green building programs. Pages S399–S400 Cruz Amendment No. 15 (to Amendment No. 2), to promote economic growth and job creation by increasing exports. Page S399 Moran/Cruz Amendment No. 73 (to Amendment No. 2), to delist the lesser prairie-chicken as a threatened species under the Endangered Species Act of 1973. Pages S401–02, S403–04 Daines Amendment No. 132 (to Amendment No. 2), to express the sense of Congress regarding the designation of National Monuments. Page S402 A motion was entered to close further debate on the Murkowski Amendment No. 2 (listed above), and, in accordance with the provisions of rule XXII of the Standing Rules of the Senate, a vote on cloture will occur on Monday, January 26, 2015. Page S407 A motion was entered to close further debate on the bill, and, in accordance with the provisions of rule XXII of the Standing Rules of the Senate, a vote on cloture will occur upon disposition of Murkowski Amendment No. 2 (listed above). Pages S407–08 A unanimous-consent agreement was reached providing that at approximately 4:30 p.m., on Monday, January 26, 2015, Senate resume consideration of the bill, and that notwithstanding the adjournment of the Senate, the filing deadline for first-degree amendments be at 3:00 p.m. and the filing deadline for second-degree amendments be at 5:00 p.m., on Monday, January 26, 2015. Page S445 Motion to Instruct the Sergeant at Arms: By 89 yeas to 5 nays (Vote No. 23), Senate agreed to the motion to instruct the Sergeant at Arms to request the attendance of absent Senators. Page S405 Messages from the House: Page S419 Executive Communications: Pages S419–20 Executive Reports of Committees: Page S420 Additional Cosponsors: Pages S421–22 Statements on Introduced Bills/Resolutions: Pages S422–27 Additional Statements: Pages S418–19 Amendments Submitted: Pages S427–44 Authorities for Committees to Meet: Pages S444–45 Privileges of the Floor: Page S445 Quorum Calls: Three quorum calls were taken today. (Total—4) Pages S393, S405–06 Sfmt 0627"
25,CREC-2014-03-24-pt1-PgD298,1,"House Committees Committee on Agriculture, March 26, Subcommittee on Conservation, Energy, and Forestry, hearing to Review the impacts of Endangered Species Act and related litigation on National Forest System management, 10 a.m., 1300 Longworth. Committee on Appropriations, March 26, Subcommittee on Commerce, Justice, and Science, hearing on Federal Bureau of Investigation’s Post 9/11 Reform Efforts FY 2015 Budget and Oversight, 9 a.m., H–309 Capitol. March 26, Subcommittee on Agriculture, Rural Development, FDA, and Related Agencies, hearing on USDA Research, Education and Economic FY 2015 Budget, 10 a.m., 2362–A Rayburn. March 26, Subcommittee on Defense, hearing on Air Force Budget FY 2015, 10 a.m., H–140 Capitol. March 26, Subcommittee on Energy and Water Development, hearing on U.S. Army Corps of Engineers FY 2015 Budget, 10 a.m., 2362–B Rayburn. March 26, Subcommittee on Homeland Security, hearing on Federal Emergency Management Agency, FY 2015 Budget, 10 a.m., 2359 Rayburn. March 26, Subcommittee on Labor, Health and Human Services, and Education oversight hearing entitled ‘‘Future of Biomedical Research’’, 10 a.m., 2358–C Rayburn. March 26, Subcommittee on Defense, hearing on U.S. Pacific Command and U.S. Forces Korea, 2 p.m., H–140 Capitol. This is a closed hearing. March 26, Subcommittee on Energy and Water Development, hearing on Bureau of Reclamation FY 2015 Budget, 2 p.m., 2362–B Rayburn. March 26, Subcommittee on Financial Services and General Government, hearing on the Judiciary FY 2015 Budget, 2 p.m., 2359 Rayburn. March 27, Subcommittee on Agriculture, Rural Develtjames on DSK6SPTVN1PROD with DIGEST opment, FDA, and Related Agencies, hearing on Food and Drug Administration FY 2015 Budget, 10 a.m., 2362–A Rayburn."
26,CREC-2011-10-13-pt1-PgD1095,1,"Committee on Science, Space, and Technology: Subcommittee on Investigations and Oversight held a hearing entitled ‘‘The Endangered Species Act: Reviewing the Nexus of Science and Policy.’’ Testimony was heard from Gary Frazer, Assistant Director, Endangered Species, U.S. Fish and Wildlife Service, Department of the Interior, and public witnesses."
27,CREC-2009-03-03-pt1-PgD202,1,"Frm 00006 Fmt 0627 Committee on Natural Resources, hearing on H. J. Res. 18, Providing for congressional disapproval of the rule submitted by the Department of the Interior and the Department of Commerce under chapter 8 of title 5, United States Code, relating to interagency cooperation under the Endangered Species Act of 1973 (ESA), 10 a.m., 1324 Longworth. Committee on Oversight and Government Reform, Subcommittee on National Security and Foreign Affairs, hearing on Afghanistan and Pakistan: Understanding a Complex Threat Environment, 10 a.m., 2154 Rayburn. Committee on Science and Technology, hearing on 21st Century Water Planning: the Importance of a Coordinated Federal Approach, 10 a.m., 2318 Rayburn. Committee on Small Business, hearing entitled ‘‘The State of the Renewable Fuels Industry in the Current Economy,’’ 1 p.m., 2360 Rayburn. Committee on Transportation and Infrastructure, to mark up the following measure: ‘‘Water Quality Investment Act of 2009’’, 10 a.m., 2167 Rayburn. Committee on Veterans’ Affairs,, Subcommittee on Economic Opportunity, hearing on the following bills: H.R. 147, To amend the Internal Revenue Code of 1986 to allow taxpayers to designate a portion of their income tax payment to provide assistance to homeless veterans; H.R. 228, To direct the Secretary of Veterans Affairs to establish a scholarship program for students seeking a degree or certificate in the areas of visual impairment and orientation and mobility; H.R. 297, Veterans Vocational Rehabilitation and Employment Subsistence Allowance Improvement Act of 2009; H.R. 466, Wounded Veteran Job Security Act; H.R. 929, To amend title 38, United States Code, to require the Secretary of Veterans Affairs to carry out a program of training to provide eligible veterans with skills relevant to the job market; H.R. 942, Veterans Self-Employment Act of 2009; H.R. 950, To amend chapter 33 of title 38, United States Code, to increase educational assistance for certain veterans pursuing a program of education offered through distance learning; H.R. 1088, Mandatory Veterans Specialist Training Act of 2009; H.R. 1089, Veterans Employment Rights Realignment Act of 2009; and other draft legislation, 1 p.m., 340 Cannon. Committee on Ways and Means, To continue hearings on the overview of the President’s Budget proposals for fiscal year 2010, 2 p.m., 1100 Longworth. Select Committee on Energy Independence and Global Warming, hearing entitled ‘‘Preparing for Copenhagen: How Developing Countries Are Fighting Climate Change’’, 9:30 a.m., 210 Cannon."
28,CREC-1997-05-07-pt1-PgD439,1,"Program commodity purchases to offset emergency disaster funding for subsidized guaranteed farm operating loans and additional funding for flood plain easements. Pages S4096–97 Stevens (for Conrad) Amendment No. 234, to provide additional funds to repair damages to waterways and watersheds resulting from flooding. Pages S4096–97 Stevens (for Kerrey) Amendment No. 235, to assure sufficient funding for Essential Air Service under the Rural Air Service Survival Act. Page S4104 Rejected: Bumpers Amendment No. 64, to strike section 310, which would block implementation of a Department of Interior policy on rights-of-way on federal land. (By 51 yeas to 49 nays (Vote No. 59), Senate tabled the amendment.) Pages S4050–67, S4068–69 McCain Amendment No. 107, to strike earmarks for unrequested highway and bridge projects, parking garages, and theater restoration. Pages S4091–93 Pending: Reid/Baucus Amendment No. 171, to substitute provisions waiving formal consultation requirements and ‘‘takings’’ liability under the Endangered Species Act for operating and repairing flood control projects damaged by flooding. Page S4043 Byrd Amendment No. 59, to strike those provisions providing for continuing appropriations in the absence of regular appropriations for fiscal year 1998. Pages S4097–S4104 Withdrawn: D’Amato Amendment No. 166, to rescind JOBS funds and extend the transition period for aliens receiving SSI funds. Pages S4046–48 During consideration of this measure today, Senate also took the following action: By a unanimous vote of 100 yeas (Vote No. 57), three-fifths of those Senators duly chosen and sworn having voted in the affirmative, Senate agreed to close further debate on the bill. Page S4046 Senate will continue consideration of the bill on Thursday, May 8, 1997. Appointments: Senate Arms Control Observer Group: The Chair, on behalf of the Democratic Leader, pursuant to S. Res. 105, adopted April 13, 1989, as amended, by S. Res. 280, adopted October 8, 1994, announced the following appointments to the Senate Arms Control Observer Group: Senators Kerry and Durbin. Pages S4131–32 Commission on Maintaining U.S. Nuclear Weapons Expertise: The Chair, on behalf of the Democratic Leader, after consultation with the Republican Leader, pursuant to Public Law 104–201, appointed Charles B. Curtis, of Maryland, to the Commission on Maintaining United States Nuclear Weapons Expertise. Pages S4131–32 Messages From the House: Page S4106 Measures Referred: Page S4106 Communications: Page S4106 Executive Reports of Committees: Page S4106 Statements on Introduced Bills: Pages S4106–15 Additional Cosponsors: Pages S4115–16 Amendments Submitted: Pages S4117–28 Notices of Hearings: Page S4128 Authority for Committees: Pages S4128–29 Additional Statements: Page S4129 Record Votes: Three record votes were taken today. (Total—59) Pages S4046, S4068–69 Adjournment: Senate convened at 9:30 a.m., and adjourned at 8:02 p.m., until 9:15 a.m., on Thursday, May 8, 1997. (For Senate’s program, see the remarks of the Acting Majority Leader in today’s Record on page S4132.)"
29,CREC-2016-04-21-pt1-PgD417,1,"Committee on Oversight and Government Reform: Subcommittee on the Interior; and Subcommittee on Healthcare, Benefits and Administrative Rules, held a joint hearing entitled ‘‘Barriers to Endangered Species Act Delisting, Part II’’. Testimony was heard from Dan Ashe, Director, U.S. Fish and Wildlife Service."
30,CREC-1998-07-31-pt1-PgD879,1,"Routine Proceedings, pages S9521–S9670 Measures Introduced: Thirty one bills and four resolutions were introduced, as follows: S. 2395–2425 and S. Res. 264–267. Pages S9555–56 Measures Reported: Reports were made as follows: S. 2400, to authorize the negotiation of reciprocal trade agreements, implement certain trade agreements, extend trade preferences to certain developing countries, extend the trade adjustment assistance programs, and for other purposes. (S. Rept. No. 105–280) S. 263, to prohibit the import, export, sale, purchase, possession, transportation, acquisition, and receipt of bear viscera or products that contain or claim to contain bear viscera, with an amendment in the nature of a substitute. (S. Rept. No. 105–281) S. 361, to amend the Endangered Species Act of 1973 to prohibit the sale, import, and export of products labeled as containing endangered species, with an amendment in the nature of a substitute. (S. Rept. No. 105–282) S. 659, to amend the Great Lakes Fish and Wildlife Restoration Act of 1990 to provide for implementation of recommendations of the United States Fish and Wildlife Service contained in the Great Lakes Fishery Restoration Study Report, with an amendment in the nature of a substitute. (S. Rept. No. 105–283) S. 1970, to require the Secretary of the Interior to establish a program to provide assistance in the conservation of neotropical migratory birds, with amendments. (S. Rept. No. 105–284)"
31,CREC-2001-06-05-pt1-PgD530-2,1,"(For last listing of Public Laws, see DAILY DIGEST of May 14, 2001, p. D440) S. 700, to establish a Federal interagency task force for the purpose of coordinating actions to prevent the outbreak of bovine spongiform encephalopathy (commonly known as ‘‘mad cow disease’’) and foot-and-mouth disease in the United States. Signed on May 24, 2001. (Public Law107–9) H.R. 428, concerning the participation of Taiwan in the World Health Organization. Signed on May 28, 2001. (Public Law 107–10) H.R. 1696, to expedite the construction of the World War II memorial in the District of Columbia. Signed on May 28, 2001. (Public Law 107–11) H.R. 802, to authorize the Public Safety Officer Medal of Valor. Signed on May 30, 2001. (Public Law 107–12) H.R. 581, to authorize the Secretary of the Interior and the Secretary of Agriculture to use funds appropriated for wildland fire management in the Department of the Interior and Related Agencies Appropriations Act, 2001, to reimburse the United States Fish and Wildlife Service and the National Marine Fisheries Service to facilitate the interagency cooperation required under the Endangered Species Act of 1973 in connection with wildland fire management. Signed on June 3, 2001. (Public Law 107–13)"
32,CREC-2025-09-10-pt1-PgD906,1,"Rejected: Meeks amendment (No. 34 printed in part A of H. Rept. 119–255) that sought to insert the text of H.R. 1488, repealing the 2002 and 1991 AUMFs (by a recorded vote of 61 ayes to 167 noes, Roll No. 244); Pages H4197–98, H4213–14 Smith (NJ) amendment (No. 7 printed in part A of H. Rept. 119–255) that was debated on September 9th that sought to require the Secretary of Defense to certify that offshore wind projects in the North Atlantic and Mid-Atlantic Planning Areas will not interfere with radar capabilities (by a recorded vote of 209 ayes to 224 noes, Roll No. 250); Page H4219 Greene (GA) amendment (No. 20 printed in part A of H. Rept. 119–255) that sought to ban the research, development, procurement and promotion of cell cultured meat by the DOD (by a recorded vote of 194 ayes to 236 noes with one answering ‘‘Present’’, Roll No. 254); Pages H4186–87, H4221–22 Greene (GA) amendment (No. 22 printed in part A of H. Rept. 119–255) that sought to prohibit assistance to Ukraine (by a recorded vote of 60 ayes to 372 noes, Roll No. 255); Pages H4188–90, H4222–23 Greene (GA) amendment (No. 23 printed in part A of H. Rept. 119–255) that sought to strike funding for Overseas Humanitarian, Disaster, and Civic Aid program (by a recorded vote of 60 ayes to 370 noes, Roll No. 256); Pages H4190–91, H4223 Greene (GA) amendment (No. 24 printed in part A of H. Rept. 119–255) that sought to strike foreign aid funding for the Taiwan Security Cooperation Initiative (by a recorded vote of 9 ayes to 422 noes, Roll No. 257); and Pages H4191–93, H4223–24 Biggs amendment (No. 29 printed in part A of H. Rept. 119–255) that sought to prohibit the designation of military and certain National Guard lands as critical habitats under the Endangered Species Act when deemed necessary by the Department of Defense. Exempts military personnel from Endangered Species Act prohibitions during national defense-related operations, including incidental harm to protected species (by a recorded vote of 200 ayes to 228 noes, Roll No. 259). Pages H4194–96, H4225 Agreed by unanimous consent that the Clerk be authorized to make technical corrections in the engrossment of H.R. 3838, including corrections in spelling, punctuation, section and title numbering, cross referencing, conforming amendments to the table of contents and short titles, and the insertion DMWilson on DSK7X7S144PROD with DIGEST of appropriate headings. Page H4228 H. Res. 682, the rule providing for consideration of the bills (H.R. 3838) and (H.R. 3486) was agreed to yesterday, September 9th."
33,CREC-1998-02-27-pt1-PgD141,1,"2973, Sportfishing and Boating Improvement Act of 1997, 2 p.m., 1334 Longworth. March 5, full committee, oversight hearing on Endangered Species Act, 11 a.m., 1324 Longworth. Committee on Rules, March 3, to consider H.R. 856, to provide a process leading to a full self government for Puerto Rico, 2:30 p.m., H–312, the Capitol. Committee on Science, March 4, oversight hearing on Math and Science Education I; Maintaining the Interest of Young Kids in Science, 2 p.m., 2318 Rayburn. March 4, Subcommittee on Energy and Environment, oversight hearing on FY 1999 Budget Authorization Request: NOAA, 10 a.m., 2318 Rayburn. March 5, full committee, to consider pending Committee business; to be followed by continuation of oversight hearings on the Road From Kyoto—Part 3: State Department Overview, 12 p.m., 2318 Rayburn. Committee on Small Business, March 3, hearing on the SBA’s fiscal year 1999 Budget and their annual performance plan, 3 p.m., 2360 Rayburn. March 4, Subcommittee on Regulatory Reform and Paperwork Reduction, hearing on the Regulatory Fairness Program and the first annual Report to Congress submitted by the national Small Business Ombudsman, 2 p.m., 311 Cannon. Committee on Transportation and Infrastructure, March 4, Subcommittee on Coast Guard and Maritime Transportation, hearing on the Administration’s FY 1999 budget request for the U.S. Coast Guard, 10 a.m., 2203 Rayburn. March 4, Subcommittee on Water Resources and Environment, to markup H.R. 2727, Superfund Acceleration, Fairness, and Efficiency Act, 10 a.m., 2167 Rayburn."
34,CREC-2002-06-18-pt1-PgD634,1,"Committee on Resources: Met to discuss H.R. 4840, Sound Science for Endangered Species Act Planning Act of 2002. Will continue tomorrow."
35,CREC-1995-07-19-pt1-PgD883,1,"(Committee meetings are open unless otherwise indicated) Senate Committee on Commerce, Science, and Transportation, business meeting, to consider pending calendar business, 9:30 a.m., SR–253. Committee on Environment and Public Works, Subcommittee on Drinking Water, Fisheries, and Wildlife, to resume hearings on proposed legislation authorizing funds for programs of the Endangered Species Act, 9 a.m.,"
36,CREC-2023-07-13-pt1-PgD718,1,"North Atlantic initiative (DIANA) (by a recorded vote of 79 ayes to 353 noes, Roll No. 319); Pages H3547–49 Davidson amendment (No. 51 printed in H. Rept. 118–142) that sought to express a sense of Congress that the U.S. should not continue subsidizing NATO member countries who choose not to invest in their own defense by meeting the 2014 Wales Summit Defense Spending Benchmark (by a recorded vote of 212 ayes to 218 noes, Roll No. 320); Pages H3549–50, H3568–69 Gaetz amendment (No. 52 printed in H. Rept. 118–142) that sought to prohibit federal funds for training on diversity, equity, and inclusion (by a recorded vote of 210 ayes to 221 noes, Roll No. 321); and Pages H3550–52, H3569 Biggs amendment (No. 55 printed in H. Rept. 118–142) that sought to exempt defense related activities from the Endangered Species Act (by a recorded vote of 193 ayes to 237 noes, Roll No. 322). Pages H3552–53, H3569–70 H. Res. 583, the rule providing for further consideration of the bill (H.R. 2670) was agreed to by a recorded vote of 220 ayes to 208 noes, Roll No. 296, after the previous question was ordered by a yea-and-nay vote of 214 yeas to 207 nays, Roll No. 295. Pages H3502–03 H. Res. 582, the rule for consideration of the bill (H.R. 2670), was agreed to yesterday, July 12th. Order of Business: Agreed by unanimous consent that: (1) it be in order at any time through July 20, 2023, to consider the following joint resolutions in the House if called up by the chair of the Committee on Foreign Affairs or his designee: House Joint Resolution 68, House Joint Resolution 70, House Joint Resolution 71, or House Joint Resolution 74; (2) that each such joint resolution be considered as read; that the previous question be considered as ordered on each such joint resolution to final passage without intervening motion except for debate as follows: for House Joint Resolution 68, 30 minutes equally divided among and controlled by Representative McCaul, Representative Meeks, and Representative Boebert or their respective designees; for House Joint Resolutions 70 and 74, 30 minutes equally divided among and controlled by Representative McCaul, Representative Meeks, and Representative Gosar or their respective designees; and for House Joint Resolution 71, 30 minutes equally divided among and controlled by Representative McCaul, Representative Meeks, and Representative Crane or their respective designees; and (3) that the provisions of section 202 of the National Emergencies Act (50 U.S.C. 1622) shall not apply to each such joint resolution through July 20, 2023. Page H3572"
37,CREC-1997-04-24-pt1-PgD384,1,"Bills Introduced: 35 public bills, H.R. 1428–1462; and 7 resolutions, H.J. Res. 73, H. Con. Res. 66–67, and H. Res. 129–132, were introduced. Pages H1890–92 Reports Filed: Reports were filed as follows: H.R. 408, to amend the Marine Mammal Protection Act of 1972 to support the International Dolphin Conservation Program in the eastern tropical Pacific Ocean, amended (H. Rept. 105–74 Part I); and H.R. 478, to amend the Endangered Species Act of 1973 to improve the ability of individuals and local, State, and Federal agencies to comply with that Act in building, operating, maintaining, or repairing flood control projects, facilities, or structures, amended (H. Rept. 105–75). Pages H1889–90 Speaker Pro Tempore: Read a letter from the Speaker wherein he designated Representative Burton of Indiana to act as Speaker pro tempore for today. Page H1797 National Institute of Standards and Technology Authorization Act: The House passed H.R. 1274, to authorize appropriations for the National Institute of Standards and Technology for fiscal years 1998 and 1999. Pages H1804–08 Agreed to the Committee amendment in the nature of a substitute. Page H1808 Earlier, the House agreed to H. Res. 127, the rule that provided for consideration of the bill. Pages H1801–02 National Science Foundation Authorization Act: The House passed H.R. 1273, to authorize appropriations for fiscal years 1998 and 1999 for the National Science Foundation. Pages H1808–19 Agreed to the Committee amendment in the nature of a substitute. Page H1819 Agreed to: The Coburn amendment that provides that no funds appropriated pursuant to the Act shall be used for the United States Man and Biosphere Program; and Pages H1814–18 The Jackson-Lee amendment that expresses the sense of Congress that NSF donate surplus computers and other research equipment to elementary and secondary education schools to enhance their science and mathematics programs and requires an annual report to Congress on these donations. Page H1818 Earlier, the House agreed to H. Res. 126, the rule that provided for consideration of the bill. Page H1802"
38,CREC-2020-09-21-pt1-PgD824,1,"Committee on Banking, Housing, and Urban Affairs: September 24, to hold hearings to examine the quarterly CARES Act report to Congress, 10 a.m., SD–106. Committee on the Budget: September 23, to hold hearings to examine the Congressional Budget Office’s updated budget outlook, 2:30 p.m., SD–608. Committee on Commerce, Science, and Transportation: September 22, Subcommittee on Security, to hold hearings to examine the United States Coast Guard capabilities for safeguarding national interests and promoting economic security in the Arctic, 2:30 p.m., SR–253. September 23, Full Committee, to hold hearings to examine the need for federal data privacy legislation, 10 a.m., SR–253. September 24, Subcommittee on Communications, Technology, Innovation, and the Internet, to hold hearings to examine an evaluation of FirstNet’s progress, 10 a.m., SR–253. Committee on Energy and Natural Resources: September 22, to hold hearings to examine emerging offshore and marine energy technologies in the United States, including offshore wind, marine and hydrokinetic energy, and alternative fuels for maritime shipping, 10 a.m., SD–366. Committee on Environment and Public Works: September 23, to hold hearings to examine the Endangered Species Act Amendments of 2020, focusing on modernizing the Endangered Species Act, 10 a.m., SD–106. Committee on Foreign Relations: September 22, business meeting to consider the nominations of Erik Paul Bethel, of Florida, to be Ambassador to the Republic of Panama, Keith W. Dayton, of Washington, to be Ambassador to Ukraine, William A. Douglass, of Florida, to be Ambassador to the Commonwealth of The Bahamas, Julie D. Fisher, of Tennessee, to be Ambassador to the Republic of Belarus, Melanie Harris Higgins, of Georgia, to be Ambassador to the Republic of Burundi, Jeanne Marie Maloney, of Virginia, to be Ambassador to the Kingdom of Eswatini, Michael A. McCarthy, of Virginia, to be Ambassador to the Republic of Liberia, Jonathan Pratt, of California, to be Ambassador to the Republic of Djibouti, Manisha Singh, of Florida, to be Representative of the United States of America to the Organization for Economic Cooperation and Development, with the rank of Ambassador, James Broward Story, of South Carolina, to dlhill on DSK120RN23PROD with DIGEST be Ambassador to the Bolivarian Republic of Venezuela, Barbera Hale Thornhill, of California, to be Ambassador to the Republic of Singapore, Thomas Laszlo Vajda, of VerDate Sep 11 2014 09:43 Sep 22, 2020 Jkt 099060"
39,CREC-2016-06-14-pt1-PgD657-2,1,"Frm 00007 Fmt 0627 Committee on Financial Services, Full Committee, markup on H.R. 4538, the ‘‘Senior$afe Act of 2016’’; H.R. 4850, the ‘‘Micro Offering Safe Harbor Act’’; H.R. 4852, the ‘‘Private Placement Improvement Act of 2016’’; H.R. 4854, the ‘‘Supporting America’s Innovators Act of 2016’’; H.R. 4855, the ‘‘Fix Crowdfunding Act’’; H.R. 5143, the ‘‘Transparent Insurance Standards Act of 2016’’; H.R. 5311, the ‘‘Corporate Governance Reform and Transparency Act of 2016’’; H.R. 5322, the ‘‘U.S. Territories Investor Protection Act of 2016’’; H.R. 5421, the ‘‘National Securities Exchange Regulatory Parity Act of 2016’’; H.R. 5424, the ‘‘Investment Advisers Modernization Act of 2016’’; H.R. 5429, the ‘‘SEC Regulatory Accountability Act; and H.R. 5461, the ‘‘Iranian Leadership Transparency Act’’, 10 a.m., 2128 Rayburn. Committee on Foreign Affairs, Subcommittee on the Middle East and North Africa, hearing entitled ‘‘Egypt: Challenges and Opportunities for U.S. Policy’’, 10 a.m., 2172 Rayburn. Committee on Homeland Security, Subcommittee on Cybersecurity, Infrastructure Protection, and Security Technologies, hearing entitled ‘‘Oversight of the Cybersecurity Act of 2015’’, 10 a.m., 311 Cannon. Committee on Natural Resources, Full Committee, markup on H. Res. 169, acknowledging and honoring brave young men from Hawaii who enabled the United States to establish and maintain jurisdiction in remote equatorial islands as prolonged conflict in the Pacific lead to World War II; H.R. 2316, the ‘‘Self-Sufficient Community Lands Act’’; H.R. 3062, the ‘‘Assuring Private Property Rights Over Vast Access to Land Act’’; H.R. 3094, the ‘‘Gulf States Red Snapper Management Authority Act’’; H.R. 3212, to amend the Grand Ronde Reservation Act to make technical corrections, and for other purposes; H.R. 3480, the ‘‘Fort Federica National Monument Boundary Expansion Act of 2015’’; H.R. 3650, the ‘‘State National Forest Management Act of 2015’’; H.R. 3734, the ‘‘Mining Schools Enhancement Act’’; H.R. 3839, the ‘‘Black Hills National Cemetery Boundary Expansion Act’’; H.R. 3843, the ‘‘Locatable Minerals Claim Location and Maintenance Fees Act of 2015’’; H.R. 3844, the ‘‘Energy and Minerals Reclamation Foundation Establishment Act of 2015’’; H.R. 3881, the ‘‘Cooperative Management of Mineral Rights Act of 2015’’; H.R. 4202, the ‘‘Fort Ontario Study Act’’; H.R. 4245, to exempt importation and exportation of sea urchins and sea cucumbers from licensing requirements under the Endangered Species Act of 1973; H.R. 4510, the ‘‘Bolts Ditch Access and Use Act’’; H.R. 4582, the ‘‘Save Our Salmon Act’’; H.R. 4685, the ‘‘Tule River Indian Reservation Land Trust, Health, and Economic Development Act’’; H.R. 4789, to authorize the Secretary of the Interior to establish a structure for visitor services on the Arlington Ridge tract, in the area of the U.S. Marine Corps War Memorial, and for other purposes; and H.R. 5244, the ‘‘Saint Francis Dam Disaster National Memorial Act’’ (continued), 10 a.m., 1324 Longworth. Committee on Oversight and Government Reform, Full Committee, markup on H. Res. 737, condemning and censuring John A. Koskinen, the Commissioner of Internal Revenue, 9 a.m., 2154 Rayburn."
40,CREC-2016-09-06-pt1-PgD872-2,1,"H.R. 3286, to encourage effective, voluntary private sector investments to recruit, employ, and retain men and women who have served in the United States military with annual presidential awards to private sector employers recognizing such efforts, and for other purposes, with an amendment (H. Rept. 114–708); H.R. 3471, to amend title 38, United States Code, to make certain improvements in the provision of automobiles and adaptive equipment by the Department of Veterans Affairs, with an amendment (H. Rept. 114–709); H.R. 3974, to require the Secretary of Veterans Affairs to carry out a pilot program to provide educational assistance to certain former members of the Armed Forces for education and training as physician assistants of the Department of Veterans Affairs, to establish pay grades and require competitive pay for physician assistants of the Department, and for other purposes, with amendments (H. Rept. 114–710); H.R. 3881, to amend the Mineral Leasing Act to repeal provisions relating only to the Allegheny National Forest, with an amendment (H. Rept. 114–711); H.R. 4245, to exempt importation and exportation of sea urchins and sea cucumbers from licensing requirements under the Endangered Species Act of 1973, with amendments (H. Rept. 114–712, Part 1); H.R. 5577, to amend the Outer Continental Shelf Lands Act to authorize the Secretary of the Interior to conduct offshore oil and gas lease sales through Internet-based live lease sales, and for other purposes, with an amendment (H. Rept. 114–713); H.R. 3839, to transfer administrative jurisdiction over certain Bureau of Land Management land from the Secretary of the Interior to the Secretary of Veterans Affairs for inclusion in the Black Hills National Cemetery, and for other purposes, with an amendment (H. Rept. 114–714, Part 1); H.R. 1157, to authorize the Secretary of the Interior to take land into trust for the benefit of the Santa Ynez Band of Chumash Mission Indians, and for other purposes, with an amendment (H. Rept. 114–715); H.R. 3342, to provide for stability of title to certain lands in the State of Louisiana, and for other purposes (H. Rept. 114–716); H.R. 3843, to authorize for a 7-year period the collection of claim location and maintenance fees, and for other purposes, with an amendment (H. Rept. 114–717, Part 1); SSpencer on DSK4SPTVN1PROD with DIGEST H.R. 4576, to implement the Convention on the Conservation and Management of High Seas Fisheries Resources in the North Pacific Ocean, to implement the Convention on the Conservation and VerDate Sep 11 2014 07:36 Sep 07, 2016 Jkt 059060"
41,CREC-2016-09-06-pt1-PgD872-2,2,"Frm 00005 Fmt 0627 boundary of Fort Frederica National Monument in the State of Georgia; Pages H5064–65 Fort Ontario Study Act: H.R. 4202, amended, to authorize the Secretary of the Interior to conduct a special resource study of Fort Ontario in the State of New York; Pages H5065–67 Exempting importation and exportation of sea urchins and sea cucumbers from licensing requirements under the Endangered Species Act of 1973: H.R. 4245, amended, to exempt importation and exportation of sea urchins and sea cucumbers from licensing requirements under the Endangered Species Act of 1973; Pages H5067–68 Agreed to amend the title so as to read: ‘‘To exempt exportation of certain echinoderms and mollusks from licensing requirements under the Endangered Species Act of 1973.’’. Page H5068 Authorizing the Secretary of the Interior to establish a structure for visitor services on the Arlington Ridge tract, in the area of the U.S. Marine Corps War Memorial: H.R. 4789, to authorize the Secretary of the Interior to establish a structure for visitor services on the Arlington Ridge tract, in the area of the U.S. Marine Corps War Memorial; Pages H5068–69 Innovation in Offshore Leasing Act: H.R. 5577, amended, to amend the Outer Continental Shelf Lands Act to authorize the Secretary of the Interior to conduct offshore oil and gas lease sales through Internet-based live lease sales; and Pages H5069–70 Black Hills National Cemetery Boundary Expansion Act: H.R. 3839, amended, to transfer administrative jurisdiction over certain Bureau of Land Management land from the Secretary of the Interior to the Secretary of Veterans Affairs for inclusion in the Black Hills National Cemetery. Pages H5073–74 Recess: The House recessed at 5:36 p.m. and reconvened at 6:30 p.m. Page H5070 Whole Number of the House: The Chair announced to the House that, in light of the resignation of the gentleman from Kentucky, Mr. Whitfield, the whole number of the House is 432. Page H5070 Expressing the profound sorrow of the House of Representatives on the death of the Honorable Mark Takai: The House agreed to H. Res. 841, expressing the profound sorrow of the House of Representatives on the death of the Honorable Mark Takai, a Representative from the State of Hawaii. Pages H5070–71 Moment of Silence: The House observed a moment of silence in memory of the late Honorable Mark Takai. Pages H5071–72 Sfmt 0627"
42,CREC-2013-03-22-pt1-PgD265,1,"Frm 00002 Fmt 5627 any carbon emissions standards must be cost effective, based on the best available science, and benefit low-income and middle class families. Pages S2296–97, S2298 Murray (for Menendez) Amendment No. 705, to address the eligibility criteria for certain undocumented immigrant individuals with respect to certain health insurance plans. Pages S2296, S2297, S2298–99 Murray (for Merkley) Amendment No. 696, to establish a deficit-neutral reserve fund to facilitate the criminal prosecutions of financial institutions operating in the United States, regardless of size. Pages S2296, S2297, S2299 Murray (for Menendez/Lautenberg) Amendment No. 619, to establish a deficit-neutral reserve fund relating to helping homeowners and small businesses mitigate against flood loss. Pages S2296, S2297, S2300 Murray (for Johanns) Amendment No. 624, to establish a deficit-neutral reserve fund to restore families’ health care flexibility by repealing the $2,500 federal cap on flexible spending accounts and the requirement that individuals obtain a prescription from a physician before purchasing over-the-counter drugs with their own flexible spending account or health savings account dollars in order to safeguard families’ capacity to plan ahead for the rising cost of care, make their own health care decisions, and ensure children who have special needs can receive adequate care. Pages S2301, S2302 Murray (for Burr/Casey) Amendment No. 232, to protect the American people and strengthen our national security by fully funding the Biomedical Advanced Research and Development Authority (BARDA) and the BioShield Special Reserve Fund. Pages S2301, S2302 Murray (for Wicker) Amendment No. 538, to increase the vote threshold required to waive a budget point of order prohibiting unfunded mandates in excess of limit. Pages S2301, S2302–03 Murray (for Coburn) Amendment No. 412, to create a deficit-reduction reserve fund that addresses the nonprofit postal discount for State and national political committees. Pages S2301, S2302, S2303 Murray (for Graham) Amendment No. 329, to establish a deficit-neutral reserve fund to broaden the effects of the sequester, including allowing Members of Congress to donate 20 percent of their salaries to charity or to the Department of the Treasury during sequestration. Pages S2303, S2304, S2305 Murray (for Heller) Amendment No. 293, to establish a deficit-neutral reserve fund to ensure that the Bureau of Land Management collaborates with States in efforts to promote sustainable sage-grouse populations and the conservation of sage-grouse habitat by developing and approving State plans that prevent the listing of the bird under the Endangered Species Act of 1973 and preserve the way of life in, and economic health of, the impacted areas. Pages S2303, S2304 Sfmt 5627"
43,CREC-1997-04-07-pt1-PgD294-5,1,"April 9, full Committee, hearing to review ‘‘Does U.N. Peacekeeping Serve U.S. Interests?’’ 10:00 a.m., 2172 Rayburn. April 10, hearing on U.S. Policy toward Egypt, 10:00 a.m., 2172 Rayburn. April 10, to mark up the Fiscal Year 1998–1999 Foreign Relations Authorization, 1 p.m., 2172 Rayburn. Committe on the Judiciary, April 8, to mark up the following: H.J. Res 62, proposing an amendment to the Constitution of the United States with respect to tax limitations; a measure to make a technical correction to Title 28, U.S. Code, relating to jurisdiction for lawsuits against terrorist states; a private immigration bill and a private claims bill, 3:00 p.m., 2141 Rayburn. April 10, oversight hearing regarding Product Liability Reform, 10:00 a.m., 2141 Rayburn. Committee on National Security, April 8, Subcommittee on Military Installations and Facilities, hearing on overseas quality-of-life infrastructure, 2:00 p.m., 2212 Rayburn. April 8, Subcommittee on Military Personnel, hearing on the methodology and process which DOD used to complete the general officer and force officer review mandated by Congress in the 1997 Defense authorization legislation, 2:00 p.m., 2118 Rayburn. April 8, Subcommittee on Military Procurement and the Subcommittee on Military Readiness, joint hearing on the Acquisition Workforce, 10:00 a.m., 2118 Rayburn. April 9, Subcommittee on Military Procurement and the Subcommittee on Military Research and Development, joint hearing on the fiscal year 1998 Department of Defense authorization request—Unmanned Aerial Vehicle Programs, 2:00 p.m., 2118 Rayburn. April 10, Morale, Welfare and Recreation Panel, hearing on the morale, welfare and recreation system, 2:00 p.m., 2212 Rayburn. April 10, Subcommittee on Military Installations and Facilities, hearing on the long-term planning for military construction requirements, 10:00 a.m., 2212 Rayburn. April 10, Subcommittee on Military Procurement, hearing on fiscal year 1998 Department of Energy authorization request and related matters, 2:00 p.m., 2118 Rayburn. Committee on Resources, April 8, Subcommittee on Forests and Forest Health, oversight hearing on livestock grazing policies on public domain National Forests, 2:00 p.m., 1334 Longworth. April 9, Subcommittee on Fisheries Conservation, Wildlife and Oceans, hearing on H.R. 408, to amend the Marine Mammal Protection Act of 1972 to support the International Dolphin Conservation Program in the eastern tropical Pacific Ocean, 2:00 p.m., 1324 Longworth. April 10, full Committee, hearing on H.R. 478, to amend the Endangered Species Act of 1973 to improve the ability of individuals and local, State, and Federal agencies to comply with that act in building, operating, maintaining, or repairing flood control projects, facilities, or structures, 12 p.m., 1334 Longworth. April 10, Subcommittee on Fisheries Conservation, Wildlife, and Oceans, to mark up pending business, 10 a.m., 1324 Longworth."
44,CREC-2002-06-14-pt1-PgD617-4,1,"June 19, full Committee, hearing on Foreign Government Complicity in Human Trafficking: A Review of the State Department’s 2002 Trafficking in Persons Report, 1 p.m., 2172 Rayburn. June 19, Subcommittee on East Asia and the Pacific, hearing on Recent Developments in Burma, 10 a.m., 2200 Rayburn. June 19, Subcommittee on Europe, hearing on ‘‘NATO and Enlargement: A United States and NATO Perspective,’’ 10 a.m., 2172 Rayburn. June 20, full Committee, hearing on Oil Diplomacy: Facts and Myths Behind Foreign Oil Dependency, 10:45 a.m., 2172 Rayburn. Committee on the Judiciary, June 18 and 19, to continue markup of H.R. 3215, Combating Illegal Gambling Reform and Modernization Act; and to mark up the following bills: H.R. 1452, Family Reunification Act of 2001; H.R. 4623, Child Obscenity and Pornography Prevention Act of 2002; H.R. 4477, Sex Tourism Prohibition Improvement Act of 2002; H.R. 4679, Lifetime Consequences for Sex Offenders Act of 2002; H.R. 4858, to improve access to physicians in medically underserved areas; H. Res. 417, recognizing and honoring the career and work of Justice C. Clifton Young; and H.R. 4864, Anti-Terrorism Explosives Act of 2002, 10 a.m., 2141 Rayburn. June 18, Subcommittee on Crime, Terrorism, and Homeland Security, hearing on H.R. 912, Innocence Protection Act of 2001, 4 p.m., 2237 Rayburn. June 19, Subcommittee on Immigration, Border Security, and Claims, oversight hearing on ‘‘The Immigration and Naturalization Service’s (INS’s) Interior Enforcement Strategy,’’ 2 p.m., 2237 Rayburn. June 20, Subcommittee on Commercial and Administrative Law, oversight hearing on ‘‘Litigation and its Effect on the Rails-To-Trails Program,’’ 10 a.m., 2141 Rayburn. June 20, Subcommittee on Courts, the Internet, and Intellectual Property, oversight hearing on ‘‘Patent Reexamination and Small Business Innovation,’’ 2 p.m., 2141 Rayburn. Committee on Resources, June 18 and 19, hearings on H.R. 4840, Sound Science for Endangered Species Act Planning Act of 2002, 2 p.m., 1334 Longworth. June 19, oversight hearing on the Washington Aqueduct and the effects of its discharge on the C&O Canal National Historic Park and the endangered shortnose sturgeon, 10 a.m., 1334 Longworth. June 20, Subcommittee on Fisheries Conservation, Wildlife and Oceans, to mark up the following measures: H. Con. Res. 408, honoring the American Zoo and Aquarium Associate for their continued service to animal welfare, conservation education, conservation research, and wildlife conservation programs; H.R. 3937, to revoke a Public Land Order with respect to certain lands erroneously included in the Cibola National Wildlife Refuge, California; H.R. 4807, Susquehanna National Wildlife Refuge Expansion Act; H.R. 4882, to revise and modernize the provision of law governing the commissioned officer corps of the National Oceanic and Atmospheric Administration; and H.R. 4883, Hydrographic Services"
45,CREC-1995-08-02-pt1-PgD976,1,"(Committee meetings are open unless otherwise indicated) Senate Committee on Agriculture, Nutrition, and Forestry, to hold hearings on the nomination of Jill L. Long, of Indiana, to be Under Secretary of Agriculture for Rural Economic and Community Development, and to be a Member of the Board of Directors of the Commodity Credit Corporation, 9 a.m., SR–332. Committee on Environment and Public Works, Subcommittee on Drinking Water, Fisheries, and Wildlife, to resume hearings on proposed legislation authorizing funds for programs of the Endangered Species Act, focusing on incentives for the conservation of endangered species and the role of habitat, 9 a.m., SD–406. Committee on Foreign Relations, Subcommittee on Near Eastern and South Asian Affairs, to hold hearings to examine United Nation sanctions and Iraqi compliance, 10 a.m., SD–419. Subcommittee on Near Eastern and South Asian Affairs, to hold hearings to examine Iraqi atrocities against the Kurds, 2 p.m., SD–419. Committee on the Judiciary, business meeting, to mark up S. 627, to require the general application of the antitrust laws to major league baseball, and to consider the nominations of Joseph H. McKinley, Jr., to be United States District Judge for the Western District of Kentucky, and Evan Jonathan Wallach, of Nevada, to be a Judge for the International Trade Court, 10 a.m., SD–226. Full Committee, to hold hearings on pending nominations, 2 p.m., SD–226. Special Committee on Aging, to hold hearings to examine Medicare health maintenance organization (HMO) programs and whether the Health Care Financing Administration is doing enough to ensure that patients receive high quality care when they enroll in such programs, 9:30 a.m., SD–628. Special Committee To Investigate Whitewater Development Corporation and Related Matters, to continue hearings to examine issues relative to the President’s involvement with the Whitewater Development Corporation, focusing on certain events following the death of Deputy White House Counsel Vincent Foster, 9:30 a.m., SH–216."
46,CREC-2003-04-10-pt2-PgD388,1,"Committee on Environment and Public Works: Subcommittee on Fisheries, Wildlife, and Water held oversight hearings to examine the designation of critical habitat under the Endangered Species Act, focusing on conservation benefits, legal implications, and economic impacts, receiving testimony from Craig Manson, Assistant Secretary of the Interior for Fish and Wildlife and Parks; Jeffrey Kightlinger, Metropolitan Water District of Southern California, Los Angeles, on behalf of the Western Urban Water Coalition; John F. Kostyack, National Wildlife Federation, Reston, Virginia; David L. Sunding, University of California, Berkeley; Craig Douglas, Smith, Robertson, Elliott, and Glenn, Austin, Texas; and William J. Snape III, Defenders of Wildlife, Washington, D.C. Hearings recessed subject to call."
47,CREC-2014-09-09-pt1-PgD930,1,"Committee on Natural Resources: Full Committee held a hearing on the following legislation: H.R. 1314, to amend the Endangered Species Act of 1973 to establish a procedure for approval of certain settlements; H.R. 1927, the ‘‘More Water and Security for Californians Act’’; H.R. 4256, the ‘‘Endangered Species Improvement Act of 2014’’; H.R. 4284, the ‘‘ESA Improvement Act of 2014’’; H.R. 4319, the ‘‘Common Sense in Species Protection Act of 2014’’; and H.R. 4866, the ‘‘Lesser Prairie Chicken Voluntary Recovery Act of 2014’’. Testimony was heard from Todd Staples, Commissioner, Texas Department of Agriculture; Gary Frazer, Assistant Director for Ecological Services, Fish and Wildlife Service, Department of the Interior; Dave Miller, Commissioner, Iron County, Utah; Robin Jennison, Secretary, Kansas Department of Wildlife Parks and Tourism; Donna Wieting, Director, Office of Protected Resources, National Marine Fisheries Service, National Oceanic and Atmospheric Administration; and public witnesses."
48,CREC-2001-03-21-pt1-PgD248-2,1,"Wildlife Service and the National Marine Fisheries Service to facilitate the interagency cooperation required under the Endangered Species Act of 1973 in connection with wildland fire management; and H.R. 601, to ensure the continued access of hunters to those Federal lands included within the boundaries of the Craters of the Moon National Monument in the State of Idaho pursuant to Presidential Proclamation 7373 of November 9, 2000, and to continue the applicability of the Taylor Grazing Act to the disposition of grazing fees arising from the use of such lands, 10 a.m., 1324 Longworth. Committee on Rules, to meet to provide for general debate on a Concurrent Budget Resolution for Fiscal Year 2002, 1:30 p.m., H–313 Capitol. Committee on Science, Subcommittee on Energy, hearing on H.R. 723, to amend the Atomic Energy Act of 1954 to remove an exemption from civil penalties for nuclear safety violations by nonprofit institutions, 1 p.m., 2318 Rayburn."
49,CREC-2003-06-25-pt2-PgD734,1,"Committee on Environment and Public Works: Subcommittee on Fisheries, Wildlife, and Water concluded hearings to examine the consulting process required by section 7 of the Endangered Species Act, including improvement efforts in the Pacific Northwest, after receiving testimony from Senator Domenici; Barry T. Hill, Director, Natural Resources and Environment, General Accounting Office; Alan Glen, Smith, Robertson, Elliott, and Glen, Austin, Texas; John F. Kostyack, National Wildlife Federation, Reston, Virginia; Patricia D. Horn, Enogex Inc., Oklahoma City, Oklahoma; Jim Chilton, Arivaca, Arizona, on behalf of the National Cattlemen’s Beef Association and the Public Lands Council; and William J. Snape III, Defenders of Wildlife, Washington, D.C."
50,CREC-2004-06-16-pt2-PgD627,1,"U.S. Refinery Revitalization Act of 2004: The House passed H.R. 4517, to provide incentives to increase refinery capacity in the United States, by a yea-and-nay vote of 239 yeas to 192 nays, Roll No. 246. Pages H4178–91, H4206 H. Res. 671, the rule providing for consideration of the bill was agreed to on Tuesday, June 15 by a recorded vote of 225 ayes to 193 noes, Roll No. 237. Recess: The House recessed at 11:38 a.m. and reconvened at 1:15 p.m. Page H4191 Department of Homeland Security Appropriations Act for Fiscal Year 2005—Rule: The House agreed to H. Res. 675, the rule providing for consideration of H.R. 4567, making appropriations for the Department of Homeland Security for the fiscal year ending September 30, 2005, by a recorded vote of 234 ayes to 197 noes, Roll No. 244, after agreeing to order the previous question by a yea-and-nay vote of 224 yeas to 205 nays, Roll No. 243. Pages H4193–H4205 Suspension Failed: The House failed to suspend the rules and pass the following measure which was debated on Tuesday, June 15: Gasoline Price Reduction Act of 2004: H.R. 4545, to amend the Clean Air Act to reduce the proliferation of boutique fuels, by a 2⁄3 yea-and-nay vote of 236 yeas to 194 nays, Roll No. 247. Pages H4206–07 Department of the Interior and Related Agencies Appropriations Act for Fiscal Year 2005: The House began consideration of H.R. 4568, making appropriations for the Department of the Interior and related agencies for the fiscal year ending September 30, 2005. Further consideration will resume tomorrow, June 17. Pages H4207–67 Agreed to: Slaughter en bloc amendment (as modified by unanimous consent to make a technical correction) that reduces funding for motor vehicle lease, purchase or service costs at the Department of the Interior, and increases funding for the National Endowment for the Arts and the National Endowment for the Humanities (by a recorded vote of 241 ayes to 185 noes, Roll No. 248); Pages H4216–24, H4238–39 Hunter amendment that prohibits the use of funds for the salaries and expenses of any employee for the expenditure of user fees for the costs of biological monitoring for a species that is included in a list published under the Endangered Species Act of"
51,CREC-2005-01-04-pt1-PgD6-2,1,"Signed on December 23, 2004. (Public Law 108–484). H.R. 4027, to authorize the Secretary of Commerce to make available to the University of Miami property under the administrative jurisdiction of the National Oceanic and Atmospheric Administration on Virginia Key, Florida, for use by the University for a Marine Life Science Center. Signed on December 23, 2004. (Public Law 108–485). H.R. 4116, to require the Secretary of the Treasury to mint coins celebrating the recovery and restoration of the American bald eagle, the national symbol of the United States, to America’s lands, waterways, and skies and the great importance of the designation of the American bald eagle as an ‘‘endangered’’ species under the Endangered Species Act of 1973. Signed on December 23, 2004. (Public Law 108–486). H.R. 4548, to authorize appropriations for fiscal year 2005 for intelligence and intelligence-related activities of the United States Government, the Community Management Account, and the Central Intelligence Agency Retirement and Disability System. Signed on December 23, 2004. (Public Law 108–487). H.R. 4569, to provide for the development of a national plan for the control and management of Sudden Oak Death, a tree disease caused by the fungus-like pathogen Phytophthora ramorum. Signed on December 23, 2004. (Public Law 108–488). H.R. 4657, to amend the Balanced Budget Act of 1997 to improve the administration of Federal pension benefit payments for District of Columbia teachers, police officers, and fire fighters. Signed on December 23, 2004. (Public Law 108–489). H.R. 5204, to amend section 340E of the Public Health Service Act (relating to children’s hospitals) to modify provisions regarding the determination of the amount of payments for indirect expenses associated with operating approved graduate medical residency training programs. Signed on December 23, 2004. (Public Law 108–490). H.R. 5363, to authorize salary adjustments for Justices and judges of the United States for fiscal year 2005. Signed on December 23, 2004. (Public Law 108–491). H.R. 5382, to promote the development of the emerging commercial human space flight industry. Signed on December 23, 2004. (Public Law 108–492). H.R. 5394, to amend the Internal Revenue Code of 1986 to modify the taxation of arrow components. Signed on December 23, 2004. (Public Law 108–493). H.R. 5419, To amend the National Telecommunications and Information Adminstration OrVerDate Aug 04 2004 07:53 Jan 05, 2005 Jkt 039060"
52,CREC-2023-10-24-pt1-PgD1073-2,1,"Committee on Homeland Security, Full Committee, hearing entitled ‘‘An Examination of the Iranian Regime’s Threats to Homeland Security’’, 9 a.m., 310 Cannon. Subcommittee on Cybersecurity and Infrastructure Protection, hearing entitled ‘‘Evaluating Federal Cybersecurity Governance’’, 2 p.m., 310 Cannon. Committee on Natural Resources, Full Committee, markup on H.R. 1792, the ‘‘South Pacific Tuna Treaty Act of 2023’’; H.R. 2560, the ‘‘Sea Turtle Rescue Assistance Act of 2023’’; H.R. 3415, the ‘‘Pilot Butte Power Plant Conveyance Act’’; H.R. 4587, the ‘‘Red Snapper Act’’; H.R. 4770, the ‘‘Chesapeake Bay Science, Education, and Ecosystem Enhancement Act of 2023’’; H.R. 5009, the ‘‘WILD Act’’; H.R. 5283, the ‘‘Protecting our Communities from Failure to Secure the Border Act of 2023’’; and H.R. 5616, the ‘‘BRIDGE Production Act of 2023’’, 10 a.m., 1324 Longworth. Subcommittee on Energy and Mineral Resources, hearing on H.R. 1449, the ‘‘CLEAN Act’’; H.R. 2855, the ‘‘Sinkhole Mapping Act of 2023’’; legislation on the Right of Way Application Transparency and Accountability Act; and legislation on the Restoring American Energy Dominance Act, 2 p.m., 1324 Longworth. Subcommittee on Water, Wildlife and Fisheries, hearing on H.R. 520, to amend the Endangered Species Act of 1973 to provide that artificially propagated animals shall be treated the same under that Act as naturally propagated animals; H.R. 2990, the ‘‘National Oceanic and Atmospheric Administration Sexual Harassment and Assault Prevention Improvements Act of 2023’’; H.R. 5103, the ‘‘FISHES Act’’; H.R. 5504, to require the Director of the United States Fish and Wildlife Service and the Assistant Administrator for Fisheries of the National Oceanic and Atmospheric Administration to withdraw proposed rules relating to the Endangered Species Act of 1973, and for other purposes; H.R. 5509, the ‘‘Electronic Permitting Modernization Act’’; H.R. 5874, the ‘‘TAAP Act’’; and legislation to prohibit the implementation of certain documents until the Assistant Administrator for Fisheries of the National Marine Fisheries Service issues documents relating to the Rice’s whale, 2:15 p.m., 1334 Longworth. Committee on Oversight and Accountability, Subcommittee on National Security, the Border, and Foreign Affairs, hearing entitled ‘‘Faith Under Fire: An Examination of Global Religious Persecution’’, 10 a.m., 2154 Rayburn. Subcommittee on Economic Growth, Energy Policy, and Regulatory Affairs, hearing entitled ‘‘The Power of Apprenticeships: Faster, Better Paths to Prosperous Jobs and Less Waste in Higher Education’’, 2 p.m., 2154 Rayburn. Committee on Ways and Means, Full Committee, hearing entitled ‘‘Educational Freedom and Opportunity for American Families, Students, and Workers’’, 10 a.m., 1100 Longworth."
53,CREC-1997-05-08-pt1-PgD450,1,"Stevens (for Dorgan) Amendment No. 151, to permit the use of certain child care funds to assist the residents of areas affected by the flooding of the Red River of the North and it tributaries in meeting emergency demands for child care services. Pages S4201–02 Stevens (for Grassley) Amendment No. 239, to provide relief to agriculture producers who granted easements to, or owned or operated land condemned by, the Secretary of the Army for flooding losses caused by water retention at the dam site at Lake Redrock, Iowa, to the extent that the actual losses exceed the estimates of the Secretary. Page S4205 Rejected: Byrd Amendment No. 59, to strike those provisions providing for continuing appropriations in the absence of regular appropriations for fiscal year 1998. (By 55 yeas to 45 nays (Vote No. 61), Senate tabled the amendment.) Pages S4137, S4151–72 Warner Amendment No. 66, to modify the requirements for the additional obligation authority for Federal-aid highways. (By 54 yeas to 46 nays (Vote No. 60), Senate tabled the amendment.) Pages S4137–51 Gramm Amendment No. 118, to ensure full funding of disaster assistance without adding to the Federal debt. (By 62 yeas to 38 nays (Vote No. 62), Senate tabled the amendment.) Pages S4180–82, S4184–90 Hutchison Amendment No. 62, to provide for enrollment flexibility. (The Chair sustained a point of order that the amendment was not germane, and the amendment was ruled out of order.) Page S4203 Withdrawn: Reid/Baucus Amendment No. 171, to substitute provisions waiving formal consultation requirements and ‘‘takings’’ liability under the Endangered Species Act for operating and repairing flood control projects damaged by flooding. Pages S4137, S4172–73 A unanimous-consent agreement was reached providing that when the Senate receives from the House H.R. 1469, Fiscal Year 1997 Supplemental Appropriations and Rescissions Act, the Senate be deemed to have considered the bill, that all after the enacting clause be stricken and the text of S. 672, as amended, be substituted in lieu thereof, that the bill be deemed to have been passed, that the Senate insist on its amendment and request a conference with the House thereon, and the Chair be authorized to appoint conferees on the part of the Senate. Page S4198 Family Friendly Workplace Act—Agreement: A unanimous-consent agreement was reached providing for the consideration of S. 4, to amend the Fair Labor Standards Act of 1938 to provide to private sector employees the same opportunities for timeand-a-half compensatory time off, biweekly work programs, and flexible credit hour programs as Federal employees currently enjoy to help balance the demands and need of work and family, to clarify the provisions relating to exemptions of certain professionals from the minimum wage and overtime requirements of the Fair Labor Standards Act of 1938, on Tuesday, May 13. Page S4204 Appointments: U.S. Coast Guard Academy: The Chair, on behalf of the Vice President, pursuant to 14 U.S.C. 194(a), as amended by Public Law 101–595, appointed the following Senators to the Board of Visitors of the U.S. Coast Guard Academy: Senator McCain, ex officio, as Chairman, Senator Ashcroft, and Senator Hollings, each from the Committee on Commerce, Science, and Transportation, and Senator Murray, At Large. Page S4213 U.S. Merchant Marine Academy: The Chair, on behalf of the Vice President, pursuant to Title 46, Section 1295(b), of the U.S. Code, as amended by Public Law 101–595, appointed the following Senators to the Board of Visitors of the U.S. Merchant Marine Academy: Senator McCain, ex officio, as Chairman, Senator Snowe, and Senator Breaux, each from the Committee on Commerce, Science, and Transportation, and Senator Inouye, At Large. Page S4213 Messages From the House: Page S4213 Measures Referred: Page S4213 Communications: Pages S4213–14 Executive Reports of Committees: Pages S4214–17 Statements on Introduced Bills: Pages S4217–46 Additional Cosponsors: Pages S4246–48 Amendments Submitted: Page S4248 Notices of Hearings: Page S4249 Authority for Committees: Page S4249 Additional Statements: Pages S4249–53 Record Votes: Four record votes were taken today. (Total—63) Pages S4150–51, S4172, S4190, S4204 Adjournment: Senate convened at 9:15 a.m., and adjourned at 6:59 p.m., until 9:15 a.m., on Friday, May 9, 1997. (For Senate’s program, see the remarks of the Acting Majority Leader in today’s Record on page S4253.)"
54,CREC-2018-02-15-pt1-PgD176,1,"Public Bills and Resolutions Introduced: 36 public bills, H.R. 5030–5065; and 2 resolutions, H. Res. 739–740 were introduced. Pages H1211–12 Additional Cosponsors: Pages H1213–14 Reports Filed: Reports were filed today as follows: H.R. 717, to amend the Endangered Species Act of 1973 to require review of the economic cost of adding a species to the list of endangered species or threatened species, and for other purposes (H. Rept. 115–560); H.R. 1274, to amend the Endangered Species Act of 1973 to require making available to States affected by determinations that species are endangered species or threatened species all data that is the basis of such determinations, and for other purposes, with an amendment (H. Rept. 115–561); H.R. 2603, to amend the Endangered Species Act of 1973 to provide that nonnative species in the"
55,CREC-2018-02-15-pt1-PgD176,2,"United States shall not be treated as endangered species or threatened species for purposes of that Act, with an amendment (H. Rept. 115–562); H.R. 3131, to amend the Endangered Species Act of 1973 to conform citizen suits under that Act with other existing law, and for other purposes (H. Rept. 115–563, Part 1); H.R. 3225, to allow the Confederated Tribes of Coos, Lower Umpqua, and Siuslaw Indians, the Confederated Tribes of the Grand Ronde Community of Oregon, the Confederated Tribes of Siletz Indians of Oregon, the Confederated Tribes of Warm Springs, and the Cow Creek Band of Umpqua Tribe of Indians to lease or transfer certain lands (H. Rept. 115–564); and H.R. 3607, to authorize the Secretary of the Interior to establish fees for medical services provided in units of the National Park System, and for other purposes, with an amendment (H. Rept. 115–565). Pages H1210–11"
56,CREC-2000-05-02-pt1-PgD410,1,"Golden Spike/Crossroads Heritage Area: H.R. 2932, amended, to authorize the Golden Spike/ Crossroads of the West National Heritage Area (passed by a yea and nay vote of 400 yeas to 9 nays, Roll No. 132). Agreed to amend the title; Pages H2357–58, H2375–76 Hmong Veterans’ Naturalization Act: H.R. 371, amended, to expedite the naturalization of aliens who served with special guerrilla units in Laos; Pages H2359–62 Appointment of Alan G. Spoon as Regent of the Smithsonian Institution: S.J. Res. 40, providing for the appointment of Alan G. Spoon as a citizen regent of the Board of Regents of the Smithsonian Institution—clearing the measure for the President; Page H2364 Appointment of Manuel L. Ibanez as Regent of the Smithsonian Institution: S.J. Res. 42, providing for the reappointment of Manuel L. Ibanez as a citizen regent of the Board of Regents of the Smithsonian Institution; and Pages H2364–65 American Indian Tribal Colleges and Universities Program Improvements: H.R. 3629, amended, to amend the Higher Education Act of 1965 to improve the program for American Indian Tribal Colleges and Universities under part A of title III. Pages H2365–67 Suspensions—Proceedings Postponed: The House completed debate on the following motions to suspend the rules. Further proceedings were postponed until Wednesday, May 3. Continued Submission of Endangered Species Reports: S. 1744, to amend the Endangered Species Act of 1973 to provide that certain species conservation reports shall continue to be submitted; Pages H2358–59 Memorial Honoring Disabled Veterans: H.R. 1509, to authorize the Disabled Veterans’ LIFE Memorial Foundation to establish a memorial in the District of Columbia or its environs to honor veterans who became disabled while serving in the Armed Forces of the United States; and Pages H2362–64 Commending Charter Schools: H. Con. Res. 310, supporting a National Charter Schools Week. Pages H2367–74 Presidential Message—National Emergency re Narcotics Traffickers: Read a message from the President wherein he transmitted his periodic report on the national emergency with respect to narcotics traffickers centered in Colombia—referred to the Committee on International Relations and ordered printed (H. Doc. 106–232). Page H2374"
57,CREC-2000-03-27-pt1-PgD266,1,"Routine Proceedings, pages S1695–S1763 Measures Introduced: Seven bills were introduced, as follows: S. 2293–2299. Page S1747 Measures Reported: Reports were made as follows: Report to accompany S. 671, to amend the Trademark Act of 1946 to provide for the registration and protection of trademarks used in commerce, in order to carry out provisions of certain international conventions. (S. Rept. No. 106–249) H.R. 1374, to designate the United States Post Office building located at 680 State Highway 130 in Hamilton, New Jersey, as the ‘‘John K. Rafferty Hamilton Post Office Building’’. H.R. 3189, to designate the United States post office located at 14071 Peyton Drive in Chino Hills, California, as the ‘‘Joseph Ileto Post Office’’. Page S1747 Measures Passed: Federal Water Pollution Control Act Amendment: Senate passed S. 1730, to amend the Federal Water Pollution Control Act to provide that certain environmental reports shall continue to be required to be submitted. Page S1751 Clean Air Act Amendment: Senate passed S. 1731, to amend the Clean Air Act to provide that certain environmental reports shall continue to be required to be submitted. Page S1751 Endangered Species Act Amendment: Senate passed S. 1744, to amend the Endangered Species Act of 1973 to provide that certain species conservation reports shall continue to be required to be submitted. Pages S1751–52 International Visitors Program: Senate agreed to S. Res. 87, commemorating the 60th Anniversary of the International Visitors Program. Page S1752 World Crude Oil Supplies: Senate agreed to S. Res. 263, expressing the sense of the Senate that the President should communicate to the members of the Organization of Petroleum Exporting Countries (‘‘OPEC’’) cartel and non-OPEC countries that participate in the cartel of crude oil producing countries, before the meeting of the OPEC nations in"
58,CREC-2005-07-11-pt1-PgD728-2,1,"Frm 00004 Fmt 0627 Sf July 14, Subcommittee on National Parks, to hold hearings to examine the National Park Service’s business strategy for operation and management of the national park system, including development and implementation of business plans, use of business consultants, and incorporating business practices into day-to-day operations, 2:30 p.m., SD–366. Committee on Environment and Public Works: July 12, Subcommittee on Clean Air, Climate Change, and Nuclear Safety, to hold hearings to examine S. 1265, to make grants and loans available to States and other organizations to strengthen the economy, public health, and environment of the United States by reducing emissions from diesel engines, 2:30 p.m., SD–406. July 13, Subcommittee on Fisheries, Wildlife, and Water, to hold hearings to examine the Endangered Species Act and incentives for private landowners, 9:30 a.m.,"
59,CREC-2018-11-14-pt1-PgD1173,1,"the Federal Government’s dissemination of best practices to respond to extreme weather, thereby increasing resilience, improving regional coordination, and mitigating the financial risk to the Federal Government from such extreme weather, and for other purposes (H. Rept. 115–1028, Part 1). Page H9525 Guest Chaplain: The prayer was offered by Jason Smith, Deputy Parliamentarian, U.S. House of Representatives, Washington, D.C. Page H9513 Recess: The House recessed at 12:12 p.m. and reconvened at 3:46 p.m. Page H9514 Manage our Wolves Act—Rule for consideration: The House agreed to H. Res. 1142, providing for consideration of the bill (H.R. 6784) to provide for removal of the gray wolf in the contiguous 48 States from the List of Endangered and Threatened Wildlife published under the Endangered Species Act of 1973, by a yea-and-nay vote of 201 yeas to 187 nays, Roll No. 418. Pages H9514–22 Suspension—Proceedings Resumed: The House agreed to suspend the rules and pass the following measure. Consideration began Tuesday, November 13th. Authorizing the Secretary of the Interior to grant to States and local governments easements and rights-of-way over Federal land within Gateway National Recreation Area for construction, operation, and maintenance of projects for control and prevention of flooding and shoreline erosion: H.R. 6666, to authorize the Secretary of the Interior to grant to States and local governments easements and rights-of-way over Federal land within Gateway National Recreation Area for construction, operation, and maintenance of projects for control and prevention of flooding and shoreline erosion. Page H9522"
60,CREC-2000-10-26-pt2-PgD1135,1,"Bills Introduced: 24 public bills, H.R. 5562–5585; and 2 resolutions, H. Res. 655–656, were introduced. Pages H11206–07 Reports Filed: Reports were filed today as follows. Supplemental Report on Contempt of Congress Report on the Refusals to Comply with Subpoenas Issued by the Committee on Resources (H. Rept. 106–801, Part 2); Non-binding Legal Effect of Agency Guidance Documents (H. Rept. 106–1009); H.R. 3033, to direct the Secretary of the Interior to make certain adjustments to the boundaries of Biscayne National Park in the State of Florida, amended (H. Rept. 106–1010); H.R. 1142, to ensure that landowners receive treatment equal to that provided to the Federal Government when property must be used (H. Rept. 106–1011); H.R. 4340, to simplify Federal oil and gas revenue distributions (H. Rept. 106–1012); and H.R. 3160, to reauthorize and amend the Endangered Species Act of 1973 (H. Rept. 106–1013). Pages H11205–06 Speaker Pro Tempore: Read a letter from the Speaker wherein he designated Representative Pease to act as Speaker pro tempore for today. Page H11197 Journal: Agreed to the Speaker’s approval of the Journal of Wednesday, Oct. 25 by a yea and nay vote of 300 yeas to 67 nays with 1 voting ‘‘present’’. Pages H11197–98, H11203–04 Further Continuing Appropriations Resolutions: The House passed H.J. Res. 116, making further continuing appropriations for the fiscal year 2001 by a recorded vote of 392 ayes to 10 noes, Roll No. 561. Pages H11264–65 H. Res. 646, the rule that provided for consideration of the joint resolution was agreed to on Oct. 25, 2000. Small Business Development Conference Report: The House agreed to the conference report on H.R. 2614, to amend the Small Business Investment Act to make improvements to the certified development company program by a yea and nay vote of 237 yeas to 174 nays with 1 voting ‘‘present’’, Roll No. 560. Pages H11243–64 H. Res. 652, the rule that waived points of order against the conference report was agreed to by a recorded vote of 207 ayes to 200 noes, Roll No. 556."
61,CREC-2018-01-08-pt1-PgD15,1,"Public Bills and Resolutions Introduced: 5 public bills, H.R. 4737–4741; and 6 resolutions, H. Res. 675 (1/3), 676 (1/5), and 677–680 (1/8), were introduced. Page H18 Additional Cosponsors: Pages H18–19 Reports Filed: Reports were filed today as follows: H.R. 2954, to amend the Home Mortgage Disclosure Act of 1975 to specify which depository institutions are subject to the maintenance of records and disclosure requirements of such Act, and for other purposes, with an amendment (H. Rept. 115–485); H.R. 772, to amend the Federal Food, Drug, and Cosmetic Act to improve and clarify certain disclosure requirements for restaurants and similar retail food establishments, and to amend the authority to bring proceedings under section 403A, with an amendment (H. Rept. 115–486); and H.R. 424, to direct the Secretary of the Interior to reissue final rules relating to listing of the gray wolf in the Western Great Lakes and Wyoming under the Endangered Species Act of 1973, and for other purposes (H. Rept. 115–487). Pages H17–18 Speaker: Read a letter from the Speaker wherein he appointed Representative Mitchell to act as Speaker pro tempore for today. Page H5 Recess: The House recessed at 2:02 p.m. and reconvened at 6:30 p.m. Page H5 Call of the House: The Speaker called the House to order and ascertained the presence of a quorum (357 present, Roll No. 1). Pages H5–6 Committee to Notify the President of the Assembly of the House: The House agreed to H. Res. 677, authorizing the Speaker to appoint a committee on the part of the House to notify the President that a quorum of the House has assembled, and that the House is ready to receive any communication that he may be pleased to make. Subsequently, the Speaker appointed Representatives McCarthy and Pelosi to the committee. Page H6 Notifying the Senate That a Quorum of the House Has Assembled: The House agreed to H. Res. 678, authorizing the Clerk of the House to inform the Senate that a quorum of the House is present and that the House is ready to proceed with business. Page H6 dlhill on DSK3GLQ082PROD with DIGEST Meeting Hour: The House agreed to H. Res. 679, providing for the hour of meeting of the House. Page H6 VerDate Sep 11 2014 05:44 Jan 09, 2018 Jkt 079060"
62,CREC-2009-04-02-pt1-PgD396,1,"Frm 00004 Fmt 0627 Conrad (for Hatch/Wyden) Amendment No. 976, to establish a deficit-neutral reserve fund to address our Nation’s long-term fiscal problems. Page S4281 Conrad (for Hutchison) Amendment No. 867, to reduce U.S. dependence on foreign energy sources, minimize future gasoline price increases, and reduce the federal budget deficit through expanded oil and gas production on the Outer Continental Shelf. Page S4281 Conrad (for Enzi) Amendment No. 819, to reinstate the 60-vote point of order under section 425(a)(2) of the Congressional Budget Act of 1974 for legislation that creates unfunded mandates on States and local governments. Page S4281 Conrad (for Barrasso/Crapo) Amendment No. 960, to increase amounts made available for the conduct of reviews under the National Environmental Policy Act of 1969. Page S4281 Conrad (for Barrasso) Amendment No. 890, to provide funding to enable certain individuals and entities to comply with the Endangered Species Act of 1973. Page S4282 Conrad (for Crapo) Amendment No. 733, to establish a deficit-neutral reserve fund for the innovative loan guarantee program of the Department of Energy. Page S4282 Conrad (for Crapo) Amendment No. 734, to establish a deficit-neutral reserve fund for nuclear research and development. Page S4282 Conrad (for Hatch) Amendment No. 939, to establish a deficit-neutral reserve fund for the 2012 completion of Food and Drug Administration facilities. Page S4282 Conrad (for Dodd/Hatch) Amendment No. 878, to increase funding for the Maternal and Child Health Block Grant within the Health Resources and Services Administration by $188,000,000 in fiscal year 2010. Page S4282 Conrad (for Murkowski) Amendment No. 841, to increase funding for the National Health Service Corps. Page S4282 Conrad (for Barrasso) Modified Amendment No. 890, to provide funding for voluntary efforts to conserve endangered species and to enable certain individuals and entities to comply with the Endangered Species Act of 1973. Page S4284 Conrad (for Kyl/Lieberman) Modified Amendment No. 980, to deny funding for federal government expenditures to companies that are obtaining at least $1,000,000 in revenue from the sale of goods or services to or investment in Iran’s energy sector, including, but not limited to: the exploration, development or exploitation of Iran’s natural gas or crude oil fields; the import of refined petroleum products, including but not limited to liquefied natural gas Sfmt 0627"
63,CREC-1999-10-18-pt1-PgD1149,1,"Routine Proceedings, pages S12731–S12798 Measures Introduced: Five bills were introduced, as follows: S. 1742–1746. Pages S12783–84 Measures Reported: Reports were made as follows: S. 1119, to amend the Act of August 9, 1950, to continue funding of the Coastal Wetlands Planning, Protection and Restoration Act. (S. Rept. No. 106–193) S. 1744, to amend the Endangered Species Act of 1973 to provide that certain species conservation reports shall continue to be submitted. (S. Rept. No. 106–194) S. 1275, to authorize the Secretary of the Interior to produce and sell products and to sell publications relating to the Hoover Dam, and to deposit revenues generated from the sales into the Colorado River Dam fund. (S. Rept. No. 106–195) Page S12783 Campaign Finance Reform: Senate continued consideration of S. 1593, to amend the Federal Election Campaign Act of 1971 to provide bipartisan campaign reform, taking action on the following amendments proposed thereto: Pages S12734–76 Pending: Daschle Amendment No. 2298, in the nature of a substitute. Page S12734 Reid Amendment No. 2299 (to Amendment No. 2298), of a perfecting nature. (By 1 yea to 92 nays (Vote No. 329), Senate failed to table the amendment.) Page S12734 Wellstone Amendment No. 2306 (to the text of the language proposed to be stricken by Amendment No. 2298), to allow a State to enact voluntary public financing legislation regarding the election of Federal candidates in such State. Pages S12756–61, S12776 Messages From the President: Senate received the following message from the President of the United States:"
64,CREC-2000-02-02-pt1-PgD48-2,1,"Committee on Resources: Held a hearing on H.R. 3160, Common Sense Protections for Endangered Species Act. Testimony was heard from public witnesses."
65,CREC-2016-04-20-pt1-PgD407-2,1,"Committee on Oversight and Government Reform: Subcommittee on the Interior held a hearing entitled ‘‘Barriers to Endangered Species Act Delisting, Part I’’. Testimony was heard from Joel Bousman, Chairman, Board of County Commissioners, Sublette County, Wyoming; and public witnesses."
66,CREC-2016-04-19-pt1-PgD399,1,"‘‘Federal Cybersecurity Detection, Response, and Mitigation’’, 9:30 a.m., 2154 Rayburn. Subcommittee on the Interior, hearing entitled ‘‘Barriers to Endangered Species Act Delisting, Part I’’, 1 p.m., 2154 Rayburn. Committee on Science, Space, and Technology, Subcommittee on Energy, hearing entitled ‘‘An Overview of Fusion Energy Science’’, 10 a.m., 2318 Rayburn. Committee on Small Business, Full Committee, hearing entitled ‘‘Small Business and the Federal Government: How Cyber-Attacks Threaten Both’’, 11 a.m., 2360 Rayburn. Committee on Transportation and Infrastructure, Full Committee, markup on General Services Administration Capital Investment and Leasing Program Resolutions; H.R. 4957, to designate the Federal building located at 99 New York Avenue, N.E., in the District of Columbia as the ‘‘Ariel Rios Federal Building’’; H.R. 4937, the ‘‘Protecting our Infrastructure of Pipelines and Enhancing Safety Act of 2016’’; H.R. 4231, to direct the Librarian of Congress to obtain a stained glass panel depicting the seal of the District of Columbia and install the panel among the stained glass panels depicting the seals of States which overlook the Main Reading Room of the Library of Congress Thomas Jefferson Building; and possible other matters cleared for consideration, 10 a.m., 2167 Rayburn."
67,CREC-2024-07-23-pt1-PgD748,1,"Land Management from finalizing, implementing, administering, or enforcing its proposed Western Solar Plan; Pages H4850–51 Hageman amendment (No. 42 printed in part B of H. Rept. 118–602) that prohibits the Bureau of Land Management from finalizing, implementing, administering, or enforcing the Rock Springs Resource Management Plan in Wyoming; Pages H4851–52 Hageman amendment (No. 43 printed in part B of H. Rept. 118–602) that prohibits the EPA from establishing or operating the Office of Agriculture and Rural Affairs; Pages H4852–53 Hageman amendment (No. 44 printed in part B of H. Rept. 118–602) that prohibits the Bureau of Land Management (BLM) from finalizing, implementing, administering, or enforcing the proposed Resource Management Plans by the BLM’s Buffalo Field Office in Wyoming and the Miles City Field Office in Montana; Pages H4853–54 Huizenga amendment (No. 46 printed in part B of H. Rept. 118–602) that prohibits funds from being used to implement, administer, or enforce the EPA final rule ‘‘Determinations of Attainment by the Attainment Date, Extensions of the Attainment Date, and Reclassification of Areas Classified as Marginal for the 2015 Ozone National Ambient Air Quality Standards’’ with respect to Berrien, Allegan, and Muskegon counties in Michigan; Pages H4854–56 Jackson (TX) amendment (No. 47 printed in part B of H. Rept. 118–602) that reduces funding for the Fish and Wildlife Service to FY21 levels; and Page H4856 Jackson (TX) amendment (No. 48 printed in part B of H. Rept. 118–602) that ensures no funding from this bill can be used by the Fish and Wildlife Service to finalize, implement, administer, or enforce its proposed rule to list the Texas Kangaroo Rat as endangered and designate 600,000 acres as critical habitat under the Endangered Species Act. Pages H4856–57 Rejected: Brecheen amendment (No. 22 printed in part B of H. Rept. 118–602) that sought to reduce funding for the National Endowment for the Arts to FY2019 levels; Pages H4842–43 Boebert amendment (No. 7 printed in part B of H. Rept. 118–602) that sought to reduce the salary of Michael S. Regan, Administrator of the EPA, to $1 (by a recorded vote of 146 ayes to 264 noes with one answering ‘‘present’’, Roll No. 381); Pages H4832, H4843–44 ugoodwin on DSK126QN23PROD with DIGEST Boebert amendment (No. 8 printed in part B of H. Rept. 118–602) that sought to reduce the salary of Melissa Schwartz, Director of Communications of the Department of the Interior, to $1 (by a recorded VerDate Sep 11 2014 13:14 Jul 24, 2024 Jkt 049060"
68,CREC-2014-07-28-pt1-PgD857-4,1,"for other purposes, with an amendment (H. Rept. 113–560, Pt. 1); H. Res. 676, providing for authority to initiate litigation for actions by the President or other executive branch officials inconsistent with their duties under the Constitution of the United States, with an amendment (H. Rept. 113–561, Pt. 1); H.R. 3635, to ensure the functionality and security of new Federal websites that collect personally identifiable information, and for other purposes, with an amendment (H. Rept. 113–562); H. Res. 693, providing for consideration of the bill (H.R. 4315) to amend the Endangered Species Act of 1973 to require publication on the Internet of the basis for determinations that species are endangered species or threatened species, and for other purposes (H. Rept. 113–563); and Conference report on H.R. 3230, making continuing appropriations during a Government shutdown to provide pay and allowances to members of the reserve components of the Armed Forces who perform inactive-duty training during such period (H. Rept. 113–564). Page H6975 Speaker: Read a letter from the Speaker wherein he appointed Representative Holding to act as Speaker pro tempore for today. Page H6863 Recess: The House recessed at 12:14 p.m. and reconvened at 2 p.m. Page H6864 Suspensions: The House agreed to suspend the rules and pass the following measures: Transparent Airfares Act of 2014: H.R. 4156, to amend title 49, United States Code, to allow advertisements and solicitations for passenger air transportation to state the base airfare of the transportation; Pages H6866–68 William H. Gray III 30th Street Station Designation Act: H.R. 4838, to redesignate the railroad station located at 2955 Market Street in Philadelphia, Pennsylvania, commonly known as ‘‘30th Street Station’’, as the ‘‘William H. Gray III 30th Street Station’’; Pages H6868–70 Conferring honorary citizenship of the United States on Bernardo de Ga´lvez y Madrid, Viscount of Galveston and Count of Ga´lvez: H. J. Res. 105, to confer honorary citizenship of the United States on Bernardo de Ga´lvez y Madrid, Viscount of Galveston and Count of Ga´lvez; Pages H6874–75 Victims of Child Abuse Act Reauthorization DSKD7QTVN1PROD with CONG-REC-ONLINE Act: S. 1799, to reauthorize subtitle A of the Victims of Child Abuse Act of 1990; Pages H6875–77 VerDate Sep 11 2014 13:27 Oct 05, 2015 Jkt 000000"
69,CREC-1998-07-15-pt1-PgD766,1,"Committee on Resources: Ordered reported amended H.R. 4111, to provide for outlet modifications to Folsom Dam, a study for reconstruction of the Northfork American River Cofferdam, and to transfer to the State of California all right, title, and interest in and to the Auburn Dam. The Committee also held an oversight hearing on the Endangered Species Act. Testimony was heard from Michael Anable, Deputy State Land Commissioner, Land Department, State of Arizona; Renne Lohoefener, Assistant Regional Director, Region 2, U.S. Fish and Wildlife Service, Department of the Interior; Peter Coppelman, Deputy Assistant Attorney General, Environment and Natural Resources Division, Department of Justice; Eleanor S. Towns, Regional Forester, USDA; and public witnesses."
70,CREC-2008-03-31-pt1-PgD341-4,1,"April 3, Full Committee, to hold hearings to examine the current price of oil, focusing on non-commercial institutional investors, 9:30 a.m., SD–366. Committee on Environment and Public Works: April 2, to hold an oversight hearing to examine the listing decision for the polar bear under the Endangered Species Act, 10 a.m., SD–406. April 3, Full Committee, to hold hearings to examine strategies to reduce greenhouse gas emissions at United States colleges and universities, 10 a.m., SD–406. Committee on Finance: April 1, to hold hearings to examine anti-terrorism financing, focusing on progress made and the challenges ahead, 10 a.m., SD–215. April 3, Full Committee, to hold hearings to examine outside the box on estate tax reform, focusing on reviewing ideas to simplify planning, 10 a.m., SD–215. Committee on Foreign Relations: April 1, to receive a closed briefing on the situation in Iraq, 2:30 p.m., S–407, Capitol. April 2, Full Committee, to hold hearings to examine Iraq after the surge, focusing on military prospects, 9:30 a.m., SD–419. April 2, Full Committee, to hold hearings to examine Iraq after the surge, focusing on political prospects, 2:30 p.m., SD–419. April 3, Full Committee, to hold hearings to examine the conditions and developments of Iraq in 2012, 9:30 a.m., SD–419."
71,CREC-2017-05-08-pt1-PgD504,1,"Committee on Environment and Public Works: May 9, Subcommittee on Transportation and Infrastructure, to hold hearings to examine water resources, focusing on the role of the public and private sectors, 2:30 p.m., SD–406. May 10, Full Committee, to hold hearings to examine state views on the need to modernize the Endangered Species Act, 10 a.m., SD–406. Committee on Foreign Relations: May 9, business meeting to consider the nominations of Terry Branstad, of Iowa, to be Ambassador to the People’s Republic of China, Tulinabo Salama Mushingi, of Virginia, to be Ambassador to the Republic of Senegal, and to serve concurrently and without additional compensation as Ambassador to the Republic of Guinea-Bissau, Todd Philip Haskell, of Florida, to be Ambassador to the Republic of the Congo, and routine lists in the Foreign Service, all of the Department of State; to be immediately followed by a hearing to examine the nomination of John J. Sullivan, of Maryland, to be Deputy Secretary of State, 10 a.m., SD–419. May 10, Subcommittee on Western Hemisphere, Transnational Crime, Civilian Security, Democracy,"
72,CREC-2014-02-24-pt1-PgD159,1,"February 26, Subcommittee on Economic Growth, Job Creation and Regulatory Affairs, hearing entitled ‘‘Is the Obama Administration Conducting a Serious Investigation of IRS Targeting?’’, 1:30 p.m., 2154 Rayburn. February 27, Subcommittee on Economic Growth, Job Creation and Regulatory Affairs, hearing entitled ‘‘The Administration’s Proposed Restrictions on Political Speech: Doubling Down on IRS Targeting’’, 9:30 a.m., 2247 Rayburn. February 27, Subcommittee on National Security, hearing entitled ‘‘Afghanistan: Honoring the Heroes of Extortion 17’’, 10 a.m., 2154 Rayburn. February 27, Subcommittee on Energy Policy, Health Care, and Entitlements, hearing entitled ‘‘Examining the Endangered Species Act’’, 2 p.m., 2154 Rayburn. Committee on Rules, February 26, Full Committee, hearing on H.R. 899, the ‘‘Unfunded Mandates Information and Transparency Act of 2013’’, 3 p.m., H–313 Capitol. Committee on Science, Space, and Technology, February 27, Full Committee, hearing entitled ‘‘Mars Flyby 2021: The First Deep Space Mission for the Orion and Space Launch System?’’, 10 a.m., 2318 Rayburn. Committee on Transportation and Infrastructure, February 26, Subcommittee on Railroads, Pipelines, and Hazardous Materials, hearing entitled ‘‘Oversight of Passenger and Freight Rail Safety’’, 2 p.m., 2167 Rayburn."
73,CREC-2001-03-28-pt1-PgD280,1,"Committee on Resources: Ordered reported the following bills: H.R. 146, Great Falls Historic District Study Act of 2001; H.R. 182, amended, Eight Mile River Wild and Scenic River Study Act of 2001; H.R. 309, Guam Foreign Investment Equity Act; H.R. 581, to authorize the Secretary of the Interior and the Secretary of Agriculture to use funds appropriated for wildland fire management in the Department of Interior and Related Agencies Appropriations Act of 2001, to reimburse the United States Fish and Wildlife Services and the National Marine Fisheries Services to facilitate the interagency cooperation required under the Endangered Species Act of 1973 in connection with wildland fire management; H.R. 601, amended, to ensure the continued access of hunters to those Federal lands included within the boundaries of the Craters of the Moon National Monument in the State of Idaho pursuant to Presidential Proclamation 7373 of November 9, 2000, and to continue the applicability of the Taylor Grazing Act to the disposition of grazing fees arising from the use of such lands; and H.R. 642, amended, to reauthorize the Chesapeake Bay Office of the National Oceanic and Atmospheric Administration."
74,CREC-1995-05-24-pt1-PgD662,1,"Committee on Resources, Subcommittee on Fisheries, Wildlife and Oceans, hearing on H.R. 1675, National Wildlife Refuge Improvement Act of 1995, 10 a.m., 1334 Longworth. Endangered Species Act Task Force, to continue oversight hearings on the Endangered Species Act, 12 p.m., 1324 Rayburn. Committee on Small Business, Subcommittee on Government Programs, hearing on the SBA’s Disaster Assistance Loan Program, 2 p.m., 2359 Rayburn. Committee on Transportation and Infrastructure, Subcommittee on Railroads, to mark up AMTRAK reauthorization, 10 a.m., 2167 Rayburn. Committee on Ways and Means, Subcommittee on Health, to continue hearings to explore increasing and improving options for Medicare Beneficiaries, 10 a.m., 1100 Longworth."
75,CREC-2005-05-18-pt1-PgD510,1,"Committee on Energy and Natural Resources: business meeting to consider comprehensive energy legislation, 9:30 a.m., SD–366. Committee on Environment and Public Works: Subcommittee on Fisheries, Wildlife, and Water, to hold an oversight hearing to examine the Endangered Species Act, 9:15 a.m., SD–406. Committee on Foreign Relations: to receive a closed briefing regarding weapons proliferation, terrorism and democracy in Iran, 9 a.m., S–407, Capitol. Full Committee, to hold hearings to examine weapons proliferation, terrorism and democracy in Iran, 10 a.m.,"
76,CREC-1999-07-21-pt1-PgD842,1,"Committee on Environment and Natural Resources: Subcommittee on Fisheries, Wildlife, and Drinking Water concluded hearings to examine the extent and quality of the science of the Endangered Species Act’s habitat conservation plans, after receiving testimony from Donald J. Barry, Assistant Secretary of the Interior for Fish and Wildlife and Parks; Monica P. Medina, General Counsel, National Oceanic and Atmospheric Administration, Department of Commerce; Lorin L. Hicks, Plum Creek Timber Company, Inc., Seattle, Washington; Steven P. Courtney, Sustainable Ecosystems Institute, Portland, Oregon; Michael A. O’Connell, Nature Conservancy, Mission Viejo, California; Laura C. Hood, Defenders of Wildlife, Washington, D.C.; and Gregory A. Thomas, Natural Heritage Institute, San Francisco, California."
77,CREC-1995-05-10-pt1-PgD578,1,"Committee on Resources: Task Force on Endangered Species Act continued hearings on the Endangered Species Act. Testimony was heard from Representatives Dicks, Vento, Stenholm, Morella, Smith of Texas, Weldon, Condit, Laughlin, Brewster, Edwards, Gilchrest, Bonilla, Furse, Riggs, Bryant of Tennessee, Hayworth, Shadegg and Seastrand. Hearings continue May 18."
78,CREC-2014-03-13-pt1-PgD281,1,"Interior and Agriculture, by a recorded vote of 238 ayes to 174 noes, Roll No. 132. Pages H2374–83, H2385–H2408 Rejected the Kirkpatrick motion to recommit the bill to the Committee on Natural Resources with instructions to report the same back to the House forthwith with an amendment, by a recorded vote of 183 ayes to 227 noes, Roll No. 131. Pages H2406–07 Pursuant to the rule, the amendment in the nature of a substitute recommended by the Committee on Natural Resources now printed in the bill shall be considered as an original bill for the purpose of amendment under the five-minute rule. Page H2395 Agreed to amend the title so as to read: ‘‘To prohibit the conditioning of any permit, lease, or other use agreement on the transfer of any water right to the United States by the Secretaries of the Interior and Agriculture.’’. Page H2408 Agreed to: Tipton manager’s amendment (No. 1 printed in part A of H. Rept. 113–379) that makes several clarifying technical changes to the bill, and clarifies that the Act will have no effect on Bureau of Reclamation contracts, implementation of the Endangered Species Act, certain existing Federal reserved water rights, and certain authorities under the Federal Power Act and Pages H2396–97 Mullin amendment (No. 2 printed in part A of H. Rept. 113–379) that ensures that the Federal government cannot make Native American tribes apply for or acquire water rights under state law or the Federal government rather than acquiring the rights for themselves. Prohibits the Federal government from using permits, approvals, and other land management agreements to take the water rights of Native American tribes without just compensation. Ensures that nothing in the Act limits or expands the reserved water rights or treaty rights of Federally recognized Native American tribes. Pages H2397–98 Rejected: Polis amendment in the nature of a substitute (No. 3 printed in part A of H. Rept. 113–379) that sought to mandate that the U.S. Forest Service may not condition ski area permits on the transfer of title of any water right or require any ski area permittee to acquire a water right in the name of the United States (by a recorded vote of 175 ayes to 236 noes, Roll No. 130). Pages H2398–H2401, H2405–06 H. Res. 515, the rule providing for consideration of the bills (H.R. 3189) and (H.R. 4015), was agreed to by a recorded vote of 228 ayes to 184 noes, Roll No. 126, after the previous question was"
79,CREC-1996-03-15-pt1-PgD211-4,1,"March 21, Subcommittee on Domestic and International Monetary Policy, oversight hearing on the Bureau of Engraving and the U.S. Mint, 9:30 a.m., 2128 Rayburn. Committee on the Budget, March 21, hearing on the Administration’s fiscal year 1997 budget submission, 10 a.m., 210 Cannon. Committee on Commerce, March 20, to mark up H.R. 3070, Health Coverage Availability and Affordability Act of 1996, 10 a.m., 2123 Rayburn. March 21, Subcommittee on Commerce, Trade, and Hazardous Materials, hearing on H.R. 2024, MercuryContaining and Rechargeable Battery Management Act, 1 p.m., 2322 Rayburn. March 21, Subcommittee on Telecommunications and Finance, to continue hearings on Federal Management of the Radio Spectrum, 9 a.m., 2123 Rayburn. March 22, Subcommittee on Energy and Power, oversight hearing on the Department of Energy’s Proposed Budget for Fiscal Year 1997, 10 a.m., 2123 Rayburn. Committee on Economic and Educational Opportunities, March 19, Subcommittee on Oversight and Investigations, hearing on AmeriCorps, 1 p.m., 2175 Rayburn. March 21, full committee, to mark up H.R. 2531, to amend the Fair Labor Standards Act of 1938 to clarify the exemption for houseparents from the minimum wage and maximum hours requirements of that Act, 10 a.m., 2175 Rayburn. Committee on Government Reform and Oversight, March 19, Subcommittee on the District of Columbia, hearing on Implementation of Public Law 104–8, District of Columbia Financial Responsibility and Management Assistance Act of 1995, 8:30 a.m., 2154 Rayburn. March 22, Subcommittee on Government Management, Information, and Technology, hearing on H.R. 2521, Statistical Consolidation Act of 1995, 10 a.m., 2154 Rayburn. Committee on International Relations, March 19, Subcommittee on Asia and the Pacific, hearing on United States-North Korean Relations: From the Agreed Framework to Food Aid, 1:30 p.m., 2200 Rayburn. March 20, Subcommittee on International Economic Policy and Trade, to mark up H.R. 361, Omnibus Export Administration Act of 1995, 2 p.m., 2172 Rayburn. March 21, Full Committee, to mark up the Iran Oil Sanctions Act of 1996, 10 a.m., 2172 Rayburn. March 21, Subcommittee on the Western Hemisphere, hearing to review current issues in Nicaragua, 2 p.m., 2172 Rayburn. Committee on the Judiciary, March 21, Subcommittee on the Constitution, oversight hearing on Fetal Death or Dangerous Deception? The Effects of Anesthesia During a Partial-Birth Abortion, 9 a.m., 2141 Rayburn. March 21, Subcommittee on Crime, to mark up the following: H.R. 2092, Private Security Officer Quality Assurance Act of 1995; H.R. 2137, Megan’s Law; H.R. 2453, Fugitive Detention Act of 1995; H.R. 2641, United States Marshals Service Improvement Act of 1995; H.R. 2803, Anti-Car Theft Improvements Act of 1995; H.R. 2974, Crimes Against Children and Elderly Persons Punishment and Prevention Act of 1995; H.R. 2980, Interstate Stalking Punishment and Prevention Act of 1996; H.R. 2996, Law Enforcement and Industrial Security Cooperation Act of 1996; and a measure to amend title 18 with respect to threats against jurors, court officers or magistrates; and victim/witness tampering or retaliation, 9:30 a.m., 2237 Rayburn. March 22, Subcommittee on the Constitution, oversight hearing on ethics in government and lobbying reform proposals, 10 a.m., 2237 Rayburn. Committee on National Security, March 19 and 21, Subcommittee on Military Installations and Facilities, hearing on national defense authorization, with emphasis on the military construction budget request, 1:30 p.m. on March 19 and 2 p.m. on March 21, 2122 Rayburn. March 19 and 22, Subcommittee on Military Procurement and the Subcommittee on Military Research and Development, to continue joint hearings on national defense authorization, 10 a.m., 2118 Rayburn. March 19, Subcommittee on Military Readiness, hearing on national defense authorization, with emphasis on force readiness, 2:30 p.m., 2118 Rayburn. March 20, full committee, hearing on security challenges posed by China, 9:30 a.m., 2118 Rayburn. March 21, Subcommittee on Military Personnel, hearing on H.R. 1646, Reserve Forces Revitalization Act of 1995, 10 a.m., 2212 Rayburn. March 21, Subcommittee on Military Procurement and Subcommittee on Military Readiness, joint hearing on national defense authorization, with emphasis on Department of Defense and Department of Energy environmental programs, 2 p.m., 2118 Rayburn. March 21 Subcommittee on Military Research and Development, to continue hearings on national defense authorization, with emphasis on Air Force modernization, 10 a.m., 2118 Rayburn. Committee on Resources, March 19, hearing on the following: H.R. 2505, to amend the Alaska Native Claims Settlement Act to make certain clarifications to the land bank protection provisions; and H.R. 1786, to regulate fishing in certain waters of Alaska, 11 a.m., 1324 Longworth. March 19, Subcommittee on Water and Power Resources, oversight hearing on Western Area Power Administration Construction and Maintenance Activities and Bureau of Reclamation Power Facilities Management, 10 a.m., 1334 Longworth. March 20, full committee, oversight hearing on Endangered Species Act of 1973, 11 a.m., 1324 Longworth. March 20, Subcommittee on National Parks, Forests and Lands, oversight hearing on Historic Preservation and hearing on the following: H.R. 563, to amend the National Historic Preservation Act to prohibit the inclusion of certain sites on the National Register of Historic Places; H.R. 1179, Historically Black Colleges and University Historic Building Restoration and Preservation Act; and H.R. 3031, to amend the act of October 15, 1966 (80 Stat. 915), as amended, establishing a program for the preservation of additional historic property throughout the Nation, 9 a.m., 1334 Longworth."
80,CREC-1997-09-19-pt1-PgD978-4,1,"Committee on Environment and Public Works: September 23, to hold hearings on S. 1180, to authorize funds for programs of the Endangered Species Act, 9:30 a.m.,"
81,CREC-2025-10-03-pt1-PgD997-2,1,"Frm 00005 Fmt 0627 where confidentiality has been compromised, with an amendment (H. Rept. 119–329); H.R. 5284, to require the Social Security Administration to make changes to the social security terminology used in the rules, regulation, guidance, or other materials of the Administration, with an amendment (H. Rept. 119–330); H.R. 3302, to amend the Public Health Service Act to reauthorize the Healthy Start Initiative (H. Rept. 119–331); H.R. 845, to require the Secretary of the Interior to reissue regulations removing the gray wolf from the list of endangered and threatened wildlife under the Endangered Species Act of 1973, with an amendment (H. Rept. 119–332); H.R. 842, to amend title XVIII of the Social Security Act to provide for Medicare coverage of multi-cancer early detection screening tests, with an amendment (H. Rept. 119–333, Part 1); H.R. 2462, to authorize livestock producers and their employees to take black vultures in order to prevent death, injury, or destruction to livestock, and for other purposes, with an amendment (H. Rept. 119–334); H.R. 5349, to amend the Internal Revenue Code of 1986 to improve services provided to taxpayers by the Internal Revenue Service by providing greater judicial review, with an amendment (H. Rept. 119–335); H.R. 2267, to require the Attorney General to submit to the Congress a report that includes the demographic data of persons determined to be ineligible to purchase a firearm based on a background check performed by the National Instant Criminal Background Check System, with an amendment (H. Rept. 119–336); H.R. 38, to amend title 18, United States Code, to provide a means by which nonresidents of a State whose residents may carry concealed firearms may also do so in the State, with an amendment (H. Rept. 119–337); and H.R. 2184, to enforce the requirement that the National Instant Criminal Background Check System make a final disposition of requests to correct its records within 60 days, and for other purposes, with an amendment (H. Rept. 119–338). Pages H4515–16 Speaker: Read a letter from the Speaker wherein he appointed Representative Haridopolos to act as Speaker pro tempore for today. Page H4513 Work Period Designation: Read a letter from the Speaker wherein he designated the period from Tuesday, October 7, 2025, through Monday, October 13, 2025, as a ‘‘district work period’’ under clause 13 of rule 1. Page H4513 Sfmt 0627"
82,CREC-2005-09-29-pt1-PgD991,1,"human rights violations, by a yea-and-nay vote of 393 yeas to 31 nays, Roll No. 503; Pages H8529–30 Expressing the sense of Congress that the United States Supreme Court should speedily find the use of the Pledge of Allegiance in schools to be consistent with the Constitution of the United States: H. Con. Res. 245, to express the sense of Congress that the United States Supreme Court should speedily find the use of the Pledge of Allegiance in schools to be consistent with the Constitution of the United States, by a yea-and-nay vote of 383 yeas to 31 nays with 8 voting ‘‘present’’, Roll No. 504; and Pages H8530–31 Recognizing the need to pursue research into the causes, a treatment, and an eventual cure for idiopathic pulmonary fibrosis, supporting the goals and ideals of National Idiopathic Pulmonary Fibrosis Awareness Week: H. Con. Res. 178, as amended, to recognize the need to pursue research into the causes, a treatment, and an eventual cure for idiopathic pulmonary fibrosis, supporting the goals and ideals of National Idiopathic Pulmonary Fibrosis Awareness Week, by a yea-and-nay vote of 401 yeas with none voting ‘‘nay’’, Roll No. 508. Pages H8584–85 Continuing Appropriations for the Fiscal Year 2006: The House agreed to H.J. Res. 68, making continuing appropriations for the fiscal year 2006, by a yea-and-nay vote of 348 yeas to 65 nays, Roll No. 507. Pages H8531–35, H8584 Point of Order sustained against: Obey motion that sought to recommit the bill to the Committee on Appropriations with instructions to report the resolution back to the House forthwith with amendments. Pages H8534–35 H. Res. 469, the rule providing for consideration of the resolution, was agreed to by voice vote. Pages H8525–28 Threatened and Endangered Species Recovery Act of 2005: The House passed H.R. 3824, to amend and reauthorize the Endangered Species Act"
83,CREC-2003-07-16-pt1-PgD832,1,"House Committee on Energy and Commerce, Subcommittee on Health, hearing on the Health Insurance Certificate Act of 2003, 1 p.m., 2123 Rayburn. Subcommittee on Oversight and Investigations, hearing entitled ‘‘A Review of DOE’s Radioactive High-Level Waste Cleanup Program, 9:30 a.m., 2123 Rayburn. Committee on Government Reform, to consider the following measures: H.R. 2548, Federal Property Asset Management Reform Act of 2003; and H. Res. 306, congratulating the New York Yankees on the occasion of their 100th anniversary, 10 a.m., 2154 Rayburn. Subcommittee on Human Rights and Wellness, hearing on ‘‘A New Medicare Prescription Drug Benefit: Is it Good for Seniors?’’ 1 p.m., 2154 Rayburn. Committee on the Judiciary, Subcommittee on Courts, the Internet, and Intellectual Property, hearing on H.R. 2517, Piracy Deterrence and Education Act of 2003, 1 p.m., 2141 Rayburn. Subcommittee on Crime, Terrorism and Homeland Security, oversight hearing on ‘‘Advancing Justice Through Forensic DNA Technology,’’ 1 p.m., 2141 Rayburn. Committee on Resources, Subcommittee on Energy and Mineral Resources, oversight hearing on ‘‘The Role of Strategic and Critical Minerals in Our National and Economic Security,’’ 10 a.m., 1334 Longworth. Subcommittee on Fisheries Conservation, Wildlife and Oceans, to mark up the following bills: H.R. 958, Hydrographic Services Amendments of 2003; H.R. 1204, to amend the National Wildlife Refuge System Administration Act of 1966 to establish requirements for the award of concessions in the National Wildlife Refuge System, to provide for maintenance and repair of properties located in the System by concessionaires authorized to use such properties; H.R. 2048, International Fisheries Reauthorization Act of 2003; and H.R. 2408, National Wildlife Refuge Volunteer Act of 2003, 2 p.m., 1324 Longworth. Subcommittee on Water and Power, to mark up the following bills: H.R. 1598, Irvine Basin Surface and Groundwater Improvement Act of 2003; and H.R. 1732, Williamson County Water Recycling Act of 2003, 10 a.m., 1324 Longworth. Committee on Science, Subcommittee on Research, hearing and markup of H.R. 2692, United States Fire Administration Authorization Act of 2003, 9:30 a.m., 2318 Rayburn. Committee on Small Business, Subcommittee on Rural Enterprises, Agriculture and Technology, hearing on Endangered Farmers and Ranchers: the Unintended Consequences of the Endangered Species Act, 1 p.m., 2360 Rayburn. Committee on Transportation and Infrastructure, Subcommittee on Water Resources and Environment, to mark up the following bills: H.R. 1560, Water Quality Financing Act of 2003; and H.R. 2557, Water Resources Development Act of 2003, 10 a.m., 2167 Rayburn. Committee on Ways and Means, hearing on Waste, Fraud and Abuse, 10 a.m., and to mark up the following bills: H.R. 2739, United States-Singapore Free Trade Agreement Implementation Act; and H.R. 2738, United States-Chile Free Trade Agreement Implementation Act, 2 p.m., 1100 Longworth. Select Committee on Homeland Security, hearing entitled ‘‘First Responders: How States, Localities and the Federal Government Can Strengthen Their Partnership to Make America Safer,’’ 1 p.m., 2318 Rayburn."
84,CREC-2011-12-01-pt1-PgD1301,1,"Recreation Area, and Lake Chelan National Recreation Area (H. Rept. 112–305); H.R. 1556, to amend the Omnibus Indian Advancement Act to allow certain land to be used to generate income to provide funding for academic programs, and for other purposes (H. Rept. 112–306); H.R. 1461, to authorize the Mescalero Apache Tribe to lease adjudicated water rights (H. Rept. 112–307); H.R. 991, to amend the Marine Mammal Protection Act of 1972 to allow importation of polar bear trophies taken in sport hunts in Canada before the date the polar bear was determined to be a threatened species under the Endangered Species Act of 1973, with an amendment (H. Rept. 112–308); H.R. 850, to facilitate a proposed project in the Lower St. Croix Wild and Scenic River, and for other purposes, with an amendment (H. Rept. 112–309); H.R. 306, to direct the Secretary of the Interior to enter into an agreement to provide for management of the free-roaming wild horses in and around the Currituck National Wildlife Refuge, with an amendment (H. Rept. 112–310); and H. Res. 479, providing for consideration of the bill (H.R. 10) to amend chapter 8 of title 5, United States Code, to provide that major rules of the executive branch shall have no force or effect unless a joint resolution of approval is enacted into law, and for other purposes (H. Rept. 112–311). Page H8074 Speaker: Read a letter from the Speaker wherein he appointed Representative West to act as Speaker pro tempore for today. Page H8001 Recess: The House recessed at 11:28 a.m. and reconvened at 12 noon. Page H8011 Chaplain: The prayer was offered by the guest chaplain, Reverend Dr. Cathy Jones, Parkwood Institutional CME Church, Charlotte, North Carolina. Page H8011 Terminating taxpayer financing of presidential election campaigns and party conventions and terminating the Election Assistance Commission: The House passed H.R. 3463, to reduce Federal spending and the deficit by terminating taxpayer financing of presidential election campaigns and party conventions and by terminating the Election Assistance Commission, by a recorded vote of 235 ayes to 190 noes, Roll No. 873. Pages H8016–32, H8032–34 Rejected the Bishop (GA) motion to recommit the bill to the Committee on House Administration with instructions to report the same back to the"
85,CREC-1997-05-06-pt1-PgD433,1,"Bills Introduced: 10 public bills, H.R. 1532–1541; and 3 resolutions, H. Con. Res. 73–74, and H. Res. 144, were introduced. Pages H2253–54 Reports Filed: Reports were filed as follows: H. Res. 142, providing for consideration of H.R. 478, to amend the Endangered Species Act of 1973 to improve the ability of individuals and local, State, and Federal agencies to comply with that Act in building, operating, maintaining, or repairing flood control projects, facilities, or structures (H. Rept. 105–88); and H. Res. 143, providing for consideration of H.R. 3, to combat violent youth crime and increase accountability for juvenile criminal offenses (H. Rept. 105–89). Page H2253 Recess: The House recessed at 1:32 p.m. and reconvened at 2:00 p.m. Page H2178 Presidential Message—Re Export Administration Act: Read a letter from the President wherein he transmits his report on the national emergency declared with respect to the lapse of the Export Adon proposed authorizations for the immunization grant program (section 317(j)(1)) of the Public Health Service Act, focusing on grants to States for purchase of vaccine and support of the vaccine delivery infrastructure, after receiving testimony from Senator Bumpers; Walter A. Orenstein, Director, National Immunization Program, Centers for Disease Control and Prevention, Department of Health and Human Services; Christopher G. Atchison, Iowa Department of Public Health, Des Moines, on behalf of the Association of State and Territorial Health Officials; Thomas F. Tonniges, Elk Grove Village, Illinois, on behalf of the American Academy of Pediatrics; and Peter Paradiso, Wyeth-Lederle Vaccines and Pediatrics, Rochester, New York."
86,CREC-1997-03-21-pt1-PgD290-3,1,"Bills Introduced: 13 public bills, H.R. 1212–1224; and 4 resolutions, H. Con. Res. 54–56, and H. Res. 106 were introduced. Page H1288 Reports Filed: Reports were filed as follows: H.R. 752, to amend the Endangered Species Act of 1973 to ensure that persons that suffer or are threatened with injury resulting from a violation of the Act or a failure of the Secretary to act in accordance with the Act have standing to commence a civil suit on their own behalf, amended (H. Rept. 105–42) Pages H1287–88 Speaker Pro Tempore: Read a letter from the Speaker wherein he designated Representative LaTourette to act as Speaker pro tempore for today. Page H1263"
87,CREC-2015-09-25-pt1-PgD1012-3,1,"Frm 00002 Fmt 0627 or license within 90–120 days (by a recorded vote of 173 ayes to 237 noes, Roll No. 511); Pages H6238–40, H6249–50 Dingell amendment (No. 6 printed in H. Rept. 114–261) that sought to prevent a project from being approved under the timeline set forth in the bill if the project would limit access to or opportunities for hunting or fishing, or impact an endangered or threatened species under the Endangered Species Act (by a recorded vote of 187 ayes to 223 noes, Roll No. 512); Pages H6240–41, H6250–51 Peters amendment (No. 7 printed in H. Rept. 114–261) that sought to strike section k that prohibits agencies from using the social cost of carbon in an environmental review or environmental decision making process (by a recorded vote of 179 ayes to 229 noes, Roll No. 513); Pages H6241–42, H6251 Jackson Lee amendment (No. 9 printed in H. Rept. 114–261) that sought to preserve the current law relating to the permitting projects that could be a potential target for a terrorist attack or that involves chemical facilities and other critical infrastructure (by a recorded vote of 176 ayes to 232 noes, Roll 515); and Pages H6243–44, H6252–53 Johnson (GA) amendment (No. 10 printed in H. Rept. 114–261) that sought to add rule of construction clarifying that nothing in the bill would have the effect of changing or limiting any law or regulation requiring agencies to allow public comment or public participation in their decision-making process (by a recorded vote of 176 ayes to 232 noes, Roll No. 516). Pages H6246–47, H6253–54 H. Res. 420, amended, the rule providing for consideration of the bills (H.R. 348) and (H.R. 758) was agreed to on September 17th. Committee Resignation: Read a letter from Representative Newhouse wherein he resigned from the Committee on Science, Space, and Technology. Page H6256 Committee Election: The House agreed to H. Res. 442, electing Members to certain standing committees of the House of Representatives. Page H6256 Meeting Hour: Agreed by unanimous consent that when the House adjourns today, it adjourn to meet at 12 noon on Monday, September 28th for Morning Hour debate. Page H6256 Senate Message: Message received from the Senate today appears on page H6247. Quorum Calls—Votes: Eleven recorded votes developed during the proceedings of today and appear on pages"
88,CREC-2018-11-16-pt1-PgD1186-3,1,"mapping of such units, by a 2⁄3 yea-and-nay vote of 375 yeas to 1 nay, Roll No. 419. Page H9550 Manage our Wolves Act: The House passed H.R. 6784, to provide for removal of the gray wolf in the contiguous 48 States from the List of Endangered and Threatened Wildlife published under the Endangered Species Act of 1973, by a recorded vote of 196 ayes to 180 noes, Roll No. 420. Pages H9543–50, H9550–51 H. Res. 1142, the rule providing for consideration of the bill (H.R. 6784) was agreed to Wednesday, November 14th. Extending the effective date for the sunset for collateral requirements for Small Business Administration disaster loans: The House agreed to take from the Speaker’s table and pass S. 3554, to extend the effective date for the sunset for collateral requirements for Small Business Administration disaster loans. Page H9551 Meeting Hour: Agreed by unanimous consent that when the House adjourns today, it adjourn to meet at 10:30 a.m. on Tuesday, November 20th. Page H9551 Senate Message: Message received from the Senate today appears on page H9550."
89,CREC-2000-06-16-pt1-PgD612-4,1,"Frm 00004 House of Representatives that there should be established a National Ocean Day to recognize the significant role the ocean plays in the lives of the Nation’s people and the important role the Nation’s people must play in the continued life of the ocean; S. 986, Griffith Project Prepayment and Conveyance Act; H.R. 1113, Colusa Basin Watershed Integrate Resources Management Act; H.R. 1142, Landowners Equal Treatment Act of 1999; S. 1275, Hoover Dam Miscellaneous Sales Act; H.R. 1787, Deschutes Resources Conservancy Reauthorization Act of 1999; H.R. 2348, to authorize the Bureau of Reclamation to provide cost sharing for the endangered fish recovery implementation programs for the Upper Colorado and San Juan River Basins; H.R. 2919, National Underground Railroad Freedom Center Act; H.R. 2984, to direct the Secretary of the Interior, through the Bureau of Reclamation, to convey to the Loup Basin Reclamation District, the Sargent River Irrigation District, and the Farwell Irrigation District, Nebraska, property comprising the assets of the Middle Loup Division of the Missouri River Basin Project, Nebraska; H.R. 3160, Common Sense Protections for Endangered Species Act; H.R. 3241, to direct the Secretary of the Interior to recalculate the franchise fee owed by Fort Sumter Tours, Inc., a concessioner providing service to Fort Sumter National Monument in South Carolina; H.R. 3595, to increase the authorization of appropriations for the Reclamation Safety of Dams Act of 1978; H.R. 3661, General Aviation Access Act; H.R. 3676, Santa Rosa and San Jacinto Mountains National Monument Act of 2000; H.R. 3919, Coral Reef Conservation and Restoration Partnership Act of 2000; H.R. 4063, Rosie the RiveterWorld War II Home Front National Historical Park Establishment of 2000; H.R. 4148, Tribal Contract Support Cost Technical Amendments of 2000; and H.R. 4389, to direct the Secretary of the Interior to convey certain water distribution facilities to the Northern Colorado Water Conservancy District, 11 a.m., 1324 Longworth. June 20, Subcommittee on Fisheries Conservation, Wildlife and Oceans, to mark up the following measures: H. Res. 415, expressing the sense of the House of Representatives that there should be established a National Ocean Day to recognize the significant role the ocean plays in the lives of the Nation’s people and the important role the Nation’s people must play in the continued life of the ocean; H.R. 4286, to provide for the establishment of the Cahaba River National Wildlife Refuge in Bibb County, Alabama; and H.R. 4442, National Wildlife Refuge System Centennial Act; followed by a hearing on H.R. 3407, Keystone Species Conservation Act and H.R. 4320, Great Ape Conservation Act of 2000, 9 a.m., 1334 Longworth. June 22, Subcommittee on Forests and Forest Health, oversight hearing on an update on Forest Service Rulemakings and Regional Plans, 10 a.m., 1334 Longworth. June 22, Subcommittee on National Parks and Public Lands, to consider pending business, 10 a.m., 1324 Longworth."
90,CREC-1995-05-25-pt1-PgD670,1,"Committee on Resources: Endangered Species Act Task Force concluded oversight hearings on the Endangered Species Act. Testimony was heard from Speaker Gingrich; George T. Frampton, Jr., Assistant Secretary, Fish, Wildlife and Parks, Department of the Interior; Rolland Schmitten, Director, National Marine Fisheries Service, Department of Commerce; David G. Unger, Associate Chief, Forest Service, USDA; Thomas A. Kourlis, Commissioner of Agriculture, State of Colorado; and public witnesses."
91,CREC-2007-05-04-pt1-PgD622-6,1,"Antitrust Modernization Commission, as established by the Antitrust Modernization Commission Act of 2002, 2 p.m., 2141 Rayburn. May 8, Subcommittee on Immigration, Citizenship, Refugees, Border Security, and International Law, hearing on the Role of Family-Based Immigration in the U.S. Immigration System, 9:30 a.m., 2141 Rayburn. May 10, full Committee, oversight hearing on the U.S. Department of Justice, 9:30 a.m., 2141 Rayburn. May 11, Subcommittee on Immigration, Citizenship, Refugees, Border security, and International Law, hearing on Impact of Immigration on States and Localities, 9 a.m., 2141 Rayburn. Committee on Natural Resources, May 9, oversight hearing on Endangered Species Act Implementation: Science or Politics? 10 a.m., 1324 Longworth. May 10, Subcommittee on National Parks, Forests and Public Lands, hearing on the following bills: H.R. 523, Douglas County, Washington, PUD Conveyance Act; and H.R. 1011, Virginia Ridge and Valley Act of 2007, 10 a.m., 1334 Longworth. Committee on Oversight and Government Reform, May 8, hearing entitled ‘‘Use of RNC Accounts by White House Officials,’’ 10 a.m., 2154 Rayburn. May 9, Subcommittee on Government Management, Organization, and Procurement, to consider pending business, 1 p.m., 2203 Rayburn. May 9, Subcommittee on National Security and Foreign Affairs, hearing entitled ‘‘Making the Grade on the 9/11 Commission Report Card: American Support of Pakistani Education Reform,’’ 10 a.m., 2154 Rayburn. May 10, Subcommittee on Domestic Policy, hearing entitled ‘‘Lethal Loopholes: Deficiencies in State and Federal Gun Purchase Laws,’’ 2 p.m., 2154 Rayburn. May 10, Subcommittee on Federal Workforce, Postal Service, and the District of Columbia, hearing entitled ‘‘The Lack of Diversity in the Top Levels of the Federal Government,’’ 2 p.m., 2247 Rayburn. Committee on Rules, May 7, to consider the following: H.R. 1873, Small Business Fairness in Contracting Act; and H.R. 1294, Thomasina E. Jordan Indian Tribes of Virginia Federal Recognition Act of 2006, 5 p.m., H–313 Capitol. May 8, to consider H.R. 1684, Department of Homeland Security Authorization Act for Fiscal Year 2008, 3 p.m., H–313 Capitol. Committee on Science and Technology, May 10, Subcommittee on Energy and Environment, to mark up H.R. 632, H-Prize Act of 2007, 10 a.m., 2318 Rayburn. May 10, Subcommittee on Technology and Innovation, hearing on Green Transportation Infrastructure: Challenges to Access and Implementation, 2 p.m., 2318 Rayburn. Committee on Small Business, May 9, Subcommittee on Rural and Urban Entrepreneurship, hearing entitled"
92,CREC-2013-09-10-pt1-PgD846,1,"of the Interior to conduct an expeditious program of competitive leasing of oil and gas in the National Petroleum Reserve in Alaska, including at least one lease sale in the Reserve each year in the period 2013 through 2023, and for other purposes (H. Rept. 113–197); H.R. 1684, to convey certain property to the State of Wyoming to consolidate the historic Ranch A, and for other purposes (H. Rept. 113–198); H.R. 1394, to direct the Secretary of the Interior to establish goals for an all-of-the-above energy production plan strategy on a 4-year basis on all onshore Federal lands managed by the Department of the Interior and the Forest Service (H. Rept. 113–199); H.R. 255, to amend certain definitions contained in the Provo River Project Transfer Act for purposes of clarifying certain property descriptions, and for other purposes (H. Rept. 113–200); H.R. 555, to amend the Mineral Leasing Act to authorize the Secretary of the Interior to conduct onshore oil and gas lease sales through Internet-based live lease sales, and for other purposes (H. Rept. 113–201); H.R. 1818, to amend the Marine Mammal Protection Act of 1972 to allow importation of polar bear trophies taken in sport hunts in Canada before the date the polar bear was determined to be a threatened species under the Endangered Species Act of 1973 (H. Rept. 113–202); H.R. 740, to provide for the settlement of certain claims under the Alaska Native Claims Settlement Act, and for other purposes, with an amendment (H. Rept. 113–203); H.R. 553, to designate the exclusive economic zone of the United States as the ‘‘Ronald Wilson"
93,CREC-2001-05-08-pt1-PgD409,1,"H. Res. 135, providing for consideration of H.R. 581. to authorize the Secretary of the Interior and the Secretary of Agriculture to use funds appropriated for wildland fire management in the Department of the Interior and Related Agencies Appropriations Act, 2001, to reimburse the United States Fish and Wildlife Service and the National Marine Fisheries Service to facilitate the interagency cooperation required under the Endangered Species Act of 1973 in connection with wildland fire management (H. Rept. 107–59); Conference report on H. Con. Res. 83, establishing the congressional budget for the United States Government for fiscal year 2002, revising the congressional budget for the United States Government for fiscal year 2001, and setting forth appropriate budgetary levels for each of fiscal years 2003 through 2011 (H. Rept. 107–60); and H. Res. 136, waiving points of order against the conference report to accompany H. Con. Res. 83, establishing the congressional budget for the United States Government for fiscal year 2002, revising the congressional budget for the United States Government for fiscal year 2001, and setting forth appropriate budgetary levels for each of fiscal years 2003 through 2011 (H. Rept. 107–61). Pages H1957–H2004, H2021 Speaker Pro Tempore: Read a letter from the Speaker wherein he appointed Representative Issa to act as Speaker pro tempore for today. Page H1931 Guest Chaplain: The prayer was offered by the guest Chaplain, the Rev. Thomas A. Kuhn, Church of the Incarnation, Dayton, Ohio. Page H1936 Recess: The House recessed at 1:04 p.m. and reconvened at 2 p.m. Page H1936 Suspensions: The House agreed to suspend the rules and pass the following measures: 50th Anniversary of the National Science Foundation: H. Con. Res. 108, honoring the National Science Foundation for 50 years of service to the Nation; and Pages H1938–43, H1950 20th Annual National Peace Officers’ Memorial Service: H. Con. Res. 74, authorizing the use of the Capitol Grounds for the 20th annual National Peace Officers’ Memorial Service. Pages H1943–44 Recess: The House recessed at 2:55 p.m. and reconvened at 5 p.m. Page H1944 Mexico-United States Interparliamentary Group: The Chair announced the Speaker’s appointment of the following members to the Mexico-United States Interparliamentary Group: Representatives Ballenger, Dreier, Stenholm, Barton of Texas, Filner, Lewis of Kentucky, Manzullo, Granger, Reyes and Thompson of California. Chairman Kolbe was previously appointed on March 28, 2001. Page H1944 Committee on Vital and Health Statistics: The Chair announced the Speaker’s appointment of Mr. Jeffery S. Blair of Albuquerque, New Mexico to the National Committee on Vital and Health Statistics for a four year term. Pages H1944–45 Recommittal of Budget Conference Report: The House agreed to H. Res. 134, providing for recommittal of the conference report to accompany H. Con. Res. 83, establishing the congressional budget for the United States Government for fiscal year 2002, revising the congressional budget for the United States Government for fiscal year 2001, and setting forth appropriate budgetary levels for each of fiscal years 2003 through 2011 by a yea-and-nay vote of 409 yeas to 1 nay, Roll No. 101. Pages H1951–56 Earlier, the House agreed to H. Res. 131,the rule that waived a requirement of clause 6(a) of rule XIII with respect to consideration of certain resolutions reported from the Committee on Rules by a yea-andnay vote of 214 yeas to 200 nays, Roll No. 100. Pages H1945–51 Quorum Calls Votes: Two yea-and-nay votes developed during the proceedings of the House today and appears on pages H1950–51 and H1956. There were no quorum calls. Adjournment: The House met at 12:30 p.m. and adjourned at 9:50 p.m."
94,CREC-2005-05-03-pt1-PgD434,1,"Frm 00003 Fmt 0627 Committee on Energy and Commerce, to mark up the following measures: H.R. 869, To amend the Controlled Substances Act to lift the patient limitation on prescribing drug addiction treatments by medical practitioners in group practices; H.R. 184, Controlled Substances Export Reform Act of 2005; H. Res. 169, Recognizing the importance of sun safety; H.R. 1812, Patient Navigator Outreach and Chronic Disease Prevention Act of 2005; and H. Res. 250, Supporting the goals and ideals of National Hepatitis B Awareness Week, 10 a.m., 2123 Rayburn. Subcommittee on Oversight and Investigations, hearing on the State of Readiness for the 2005–2006 Flu Season, 2 p.m., 2123 Rayburn. Committee on Financial Services, hearing entitled ‘‘Assessing Data Security: Preventing Breaches and Protecting Sensitive Information,’’ 10 a.m., 2128 Rayburn. Subcommittee on Oversight and Investigations and the Subcommittee on International Terrorism and Nonproliferation of the Committee on International Relations, joint hearing entitled ‘‘Starving Terrorists of Money: The Role of Middle Eastern Financial Institutions,’’ 2 p.m., 2128 Rayburn. Committee on Government Reform, Subcommittee on Government Management, Finance, and Accountability, hearing entitled ‘‘Financial Management Challenges at the Department of Justice,’’ 2 p.m., 2247 Rayburn. Committee on International Relations, Subcommittee on the Middle East and Central Asia, hearing on 9/11 Recommendations Implementation Act Oversight, Part 1Oppressors vs. Reformers in the Middle East and Central Asia, 3 p.m., 2172 Rayburn. Committee on the Judiciary, Subcommittee on Immigration, Border Security, and Claims, oversight hearing New Jobs in Recession and Recovery: Who are Getting Them and Who are Not? 10 a.m., 2141 Rayburn. Committee on Resources, Subcommittee on National Parks, oversight hearing on Personal Watercraft use in the National Park System, 10 a.m., 1334 Longworth. Subcommittee on Water and Power, oversight hearing entitled ‘‘Stabilizing Rural Electricity Service Through Common Sense Application of the Endangered Species Act,’’ 2 p.m., 1324 Longworth. Committee on Science, to mark up the following bills: H.R. 921, Minority Serving Institution Digital and Wireless Technology Opportunity Act of 2005; H.R. 50, National Oceanic and Atmosphere Administration Act; H.R. 250, Manufacturing Technology Competitiveness Act of 2005; and H.R. 1674, United States tsunami Warning and Education Act, 10 a.m., 2318 Rayburn. Committee on Small Business, hearing entitled ‘‘Anticompetitive Threats from Public Utilities: Are Small Businesses Losing Out?’’ 2 p.m., 311 Cannon. Committee on Transportation and Infrastructure, Subcommittee on Aviation, oversight hearing entitled ‘‘Financial Condition of the Aviation Trust Fund: Are Reforms Needed?’’ 10 a.m., 2167 Rayburn. Committee on Veterans’ Affairs, Subcommittee on Economic Opportunity, hearing on the following: H.R. 419, Hire Veterans Act of 2004; the HVRP Reauthorization Act of 2005; the Servicemembers Health Insurance Protection Act of 2005; and the Servicemembers Taxation Protection Act of 2005, 2 p.m., 334 Cannon."
95,CREC-1997-05-07-pt1-PgD443,1,"monthly rent, determined by the public housing agency, that does not exceed 30 percent of the monthly adjusted income of the family or 10 percent of the monthly income of the family (rejected by a recorded vote of 172 ayes to 252 noes, Roll No. 106); and Pages H2265–66 The Vela´zquez en block amendment that sought to reduce the minimum rental amount from not less than $25 nor more than $50 to not more than $25 per month; and reduces the minimum monthly rental contribution from not less than $25 nor more than $50 to not more than $25. Pages H2267–71 Withdrawn: The Jackson-Lee amendment was offered but subsequently withdrawn that sought to establish, for not less than 50 percent of available housing units, occupancy preferences for families who live in substandard housing, pay more than 50 percent of income for rent, or are involuntarily displaced; and Pages H2266–67 The Moran of Virginia amendment was offered but subsequently withdrawn that sought to allow housing agencies with a waiting list of 1 year or longer to establish a 5-year limitation on residence in public housing and exempts from this limitation families with a working member, the elderly, or the disabled. Pages H2271–75 On April 30, the House agreed to H. Res. 133, the rule that is providing for consideration of the bill. Pages H2035–38 Flood Control and Family Protection Act: The House completed all debate and began considering amendments to H.R. 478, to amend the Endangered Species Act of 1973 to improve the ability of individuals and local, State, and Federal agencies to comply with that Act in building, operating, maintaining, or repairing flood control projects, facilities, or structures. Pages H2283–H2313 H. Res. 142, the rule that is providing for consideration of the bill was approved earlier by a yea-andnay vote of 415 yeas to 8 nays, Roll No. 107. Pages H2281–83 Agreed To: The Pombo amendment, as modified, that exempts from the Endangered Species Act consultation and conferencing provisions, the maintenance, rehabilitation, repair, or replacement of a flood control project, facility, or structure where necessary to protect human life or prevent the substantial risk of serious property damage; Pages H2293–96 The Dicks amendment, to the agreed to Boehlert amendment in the nature of a substitute, that clarifies that exemptions apply to projects to repair a"
96,CREC-1997-05-07-pt1-PgD443,2,"flood control facility in response to a substantial threat to human lives and property; Pages H2301–02 The Gilchrest amendment, to the agreed to Boehlert amendment in the nature of a substitute, that directs that GAO conduct a study of the costs and nature of mitigation required by the U.S. Fish and Wildlife Service and the National Marine Fisheries Service pursuant to consultation under the Endangered Species Act for flood control levee maintenance projects; and Page H2308 The Boehlert amendment in the nature of a substitute, as amended, that exempts from the Endangered Species Act consultation and conferencing provisions, a project to replace a flood control facility that is declared a Federal disaster area in 1997 to the extent as would be required by California projects subject to the U.S. Fish and Wildlife Service Policy on Emergency Flood Response and Short Term Repair of Flood Control Facilities issued on February 19, 1997; provides that exemptions shall not apply after the date that the Assistant Secretary of the Army for Civil Works determines that repairs have been completed or December 31, 1998, whichever is earlier; and clarifies that the exemptions apply to any project to repair a flood control facility in response to an imminent threat to human lives and property (agreed to by a recorded vote of 227 ayes to 196 noes, Roll No. 108). Pages H2296–H2313 Juvenile Crime Control Act: The House completed debate on H.R. 3, to combat violent youth crime and increase accountability for juvenile criminal offenses. Consideration of amendments will begin on Thursday, May 8. Pages H2323–33 H. Res. 143, the rule that is providing for consideration of the bill was agreed to earlier by a yea-andnay vote of 252 yeas to 159 nays, Roll No. 109. Pages H2313–23 Bipartisan Task Force on Reform of the Ethics Process: Agreed by unanimous consent that the order of the House of April 23, 1997 be extended through June 12, 1997. The order of the House of February 12 concerning the Ethics process was modified on April 23. In furtherance of the understanding concerning the establishment of the ethics task force: Made in order during the period beginning immediately and ending on June 12, 1997: (1) the Committee on Standards of Official Conduct may not receive, renew, initiate, or investigate a complaint against the official conduct of a member, officer, or employee of the House; (2) the Committee on Standard of Official Conduct may issue advisory opinions and perform other non-investigative functions; and (3) a resolution addressing the official conduct of a member, officer, or employee of the House that is proposed to be offered from the floor by a member other than the Majority Leader or the Minority Leader, or a Member designated from the floor by the Majority Leader or the Minority Leader at the time of notice pursuant to clause 2(A)(1) of Rule IX, as a question of the privileges of the House shall once noticed pursuant to clause 2(a)(1) of Rule IX, have precedence over all other questions except motions to adjourn only at a time or place designated by the Chair in the legislative schedule within two legislative days after June 12, 1997. Page H2333 Advisory Committee On The Records Of Congress: Read a letter from the Minority Leader wherein he appointed Dr. Joseph Cooper of Baltimore, Maryland to the Advisory Committee on the Records of Congress. Page H2333 Advisory Commission On Intergovernmental Relations: The Chair announced the Speaker’s appointment of Representatives Shays and Snowbarger to the Advisory Commission on Intergovernmental Relations. Page H2333 Congressional Award Board: The Chair announced the Speaker’s appointment of Representative Cubin to the Congressional Award Board. Page H2333 Amendments: Amendments ordered printed pursuant to the rule appear on page H2352. Quorum Calls—Votes: Three yea-and-nay votes and two recorded votes developed during the proceedings of the House today and appear on pages"
97,CREC-2004-12-07-pt1-PgD1122-2,1,"Frm 00005 Fmt 0627 today, it adjourn to meet at 2 p.m. on Friday, Demessage from the Senate transmitting its concurrence in H. Con. Res. 531, in which case the House shall stand adjourned sine die pursuant to that concurrent resolution. Page H11030 American Bald Eagle Recovery and National Emblem Commemorative Coin Act: The House agreed to H.R. 4116, to require the Secretary of the Treasury to mint coins celebrating the recovery and restoration of the American bald eagle, the national symbol of the United States, to America’s lands, waterways, and skies and the great importance of the designation of the American bald eagle as an ‘‘endangered’’ species under the Endangered Species Act of 1973. Page H11039 Agreed to the LaTourette amendment in the nature of a substitute. Pages H11040–41 Authorizing technical corrections to the Coast Guard and Maritime Transportation Act of 2004: The House agreed to H.R. 5426, to make technical corrections relating to the Coast Guard and Maritime Transportation Act of 2004. Pages H11041–42 Commending the Aero Squad After School Program at Tomorrow’s Aeronautical Museum in Compton, California: The House agreed to H. Con. Res. 532, commending the Aero Squad After School Program at Tomorrow’s Aeronautical Museum in Compton, California, as well as other youth aviation programs that expose young minorities to the field of civil aviation. Pages H11042–43 Senate Message: Message received from the Senate today appears on pages H11048–49. Senate Referrals: S. Con. Res. 78 was held at the desk. Page H11049 Quorum Calls—Votes: One recorded vote developed during the proceedings of today and appears on pages H11028–29. There were no quorum calls. Adjournment: The House met at 9 a.m. and at 8:38 p.m. pursuant to the previous order of the House of today, the House stands adjourned until 2 p.m. on Friday, December 10, 2004, unless it sooner has received a message from the Senate transmitting its concurrence in H. Con. Res. 531, in which case the House shall stand adjourned for the second session of the One Hundred Eighth Congress sine die pursuant to that concurrent resolution."
98,CREC-1995-08-03-pt2-PgD982,1,"Committee on Environment and Public Works: Subcommittee on Drinking Water, Fisheries, and Wildlife resumed hearings on proposed legislation authorizing funds for programs of the Endangered Species Act, receiving testimony from Carl B. Loop, Jr., Florida Farm Bureau Federation, Jacksonville, on behalf of the American Farm Bureau Federation; R.J. Smith, Competitive Enterprise Institute, James M. Sweeney, Champion International Corporation, Michael J. Bean, Environmental Defense Fund, and Steven P. Quarles, on behalf of the Endangered Species Coordinating Council and the American Forest and Paper Association, all of Washington, D.C.; Michael White, Hecla Mining Company, Coeur d’Alene, Idaho; Sherl L. Chapman, Idaho Water Users Association, Inc., Boise; George E. Meyer, Wisconsin Department of Natural Resources, Madison; Murray Lloyd, Black Bear Conservation Committee, Shreveport, Louisiana; Brian Loew, Riverside County Habitat Conservation Agency, Riverside, California; Charles E. Gilliland, Texas A&M University, College Station; Randy Scott, San Bernardino County Planning Department, San Bernardino, California; Elliot Parks, San Diego Association of Governments, San Diego, California; and Lindell L. Marsh, Siemon, Larsen & Marsh, Irvine, California. Hearings were recessed subject to call."
99,CREC-2000-06-19-pt1-PgD620,1,"Frm 00004 1924, Federal Agency Compliance Act, 10:30 a.m., 2237 Rayburn. Subcommittee on Crime, hearing on H.R. 4167, Innocence Protection Act of 2000, 1:30 p.m., 2141 Rayburn. Committee on Resources, to mark up the following measures: H. Res. 415, expressing the sense of the House of Representatives that there should be established a National Ocean Day to recognize the significant role the ocean plays in the lives of the Nation’s people and the important role the Nation’s people must play in the continued life of the ocean; S. 986, Griffith Project Prepayment and Conveyance Act; H.R. 1113, Colusa Basin Watershed Integrated Resources Management Act; H.R. 1142, Landowners Equal Treatment Act of 1999; S. 1275, Hoover Dam Miscellaneous Sales Act; H.R. 1787, Deschutes Resources Conservancy Reauthorization Act of 1999; H.R. 2348, to authorize the Bureau of Reclamation to provide cost sharing for the endangered fish recovery implementation programs for the Upper Colorado and San Juan River Basins; H.R. 2919, National Underground Railroad Freedom Center Act; H.R. 2984, to direct the Secretary of the Interior, through the Bureau of Reclamation, to convey to the Loup Basin Reclamation District, the Sargent River Irrigation District, and the Farwell Irrigation District, Nebraska, property comprising the assets of the Middle Loup Division of the Missouri River Basin Project, Nebraska; H.R. 3160, Common Sense Protections for Endangered Species Act; H.R. 3241, to direct the Secretary of the Interior to recalculate the franchise fee owed by Fort Sumter Tours, Inc., a concessioner providing service to Fort Sumter National Monument in South Carolina; H.R. 3595, to increase the authorization of appropriations for the Reclamation Safety of Dams Act of 1978; H.R. 3661, General Aviation Access Act; H.R. 3676, Santa Rosa and San Jacinto Mountains National Monument Act of 2000; H.R. 3919, Coral Reef Conservation and Restoration Partnership Act of 2000; H.R. 4063, Rosie the RiveterWorld War II Home Front National Historical Park Establishment of 2000; H.R. 4148, Tribal Contract Support Cost Technical Amendments of 2000; and H.R. 4389, to direct the Secretary of the Interior to convey certain water distribution facilities to the Northern Colorado Water Conservancy District, 11 a.m., 1324 Longworth. Subcommittee on Fisheries Conservation, Wildlife and Oceans, to mark up the following measures: H. Res. 415, expressing the sense of the House of Representatives that there should be established a National Ocean Day to recognize the significant role the ocean plays in the lives of the Nation’s people and the important role the Nation’s people must play in the continued life of the ocean; H.R. 4286, to provide for the establishment of the Cahaba River National Wildlife Refuge in Bibb County, Alabama; and H.R. 4442, National Wildlife Refuge System Centennial Act; followed by a hearing on H.R. 3407, Keystone Species Conservation Act and H.R. 4320, Great Ape Conservation Act of 2000, 9 a.m., 1334 Longworth. Committee on Rules, to consider the following: a measure making appropriations for the Departments of Commerce, Justice, and State, the Judiciary, and related agencies for the fiscal year ending September 30, 2001; and H.R."
100,CREC-2015-07-07-pt1-PgD779,1,"Jackson Lee amendment that prohibits the use of funds by the National Park Service in contravention of section 320101 of title 54, United States Code; Pages H4839–41 Weber (TX) amendment (No. 7 printed in the Congressional Record of June 24, 2015) that prohibits the use of funds in contravention of Section 321(a) of the Clean Air Act; Page H4841 Noem amendment that prohibits the use of funds to close or move the D.C. Booth Historic National Fish Hatchery and Archives; Page H4842 Hudson amendment that prohibits the use of funds by the Environmental Protection Agency to issue, implement, administer, or enforce any regulation of particulate matter emissions from residential barbecues; Page H4844 Thompson (PA) amendment that prohibits the use of funds to treat the northern long-eared bat as an endangered species under the Endangered Species Act of 1973; Pages H4845–46 Lamborn amendment that prohibits the use of funds to implement or enforce the threatened species listing of the Preble’s meadow jumping mouse under the Endangered Species Act of 1973; Pages H4846–47 Lamborn amendment that prohibits the use of funds to implement or enforce the threatened species or endangered species listing of any plant or wildlife that has not undergone a review as required by the Endangered Species Act of 1973; Pages H4847–48 Black amendment that prohibits the use of funds by the EPA to finalize, implement, administer, or enforce a revision of the Code of Federal Regulations or any rule with respect to glider kits and glider vehicles; Pages H4850–51 Mica amendment that prohibits the use of funds to implement Alternative A, Alternative C, or Alternative D, described in the Final General Management Plan and Environmental Impact Statement for Castillo de San Marcos National Monument in St. Augustine, Florida educational center; Page H4851 Burgess amendment that prohibits the use of funds by EPA to hire or pay the salary of any officer or employee of EPA under the Public Health Service Act who is not already receiving pay under that Act on the date of enactment of this Act; Pages H4851–52 Rokita amendment that prohibits the use of funds by the U.S. Fish and Wildlife Service to enforce the Endangered Species Act with respect to the Clubshell, Fanshell, Rabbitsfoot, Rayed Bean, Sheepnose or Snuffbox mussels; Pages H4853–54 DSKD7QTVN1PROD with CONG-REC-ONLINE Graves (LA) amendment that prohibits the use of funds in contravention of 33 United States Code 1319 with respect to a permit issued or required to be issued to the U.S. Army Corps of Engineers purVerDate Sep 11 2014 11:39 Mar 04, 2016 Jkt 049060"
101,CREC-2015-07-07-pt1-PgD779,2,"Frm 00006 Fmt 0627 Grijalva amendment that seeks to prohibit the use of funds to implement or enforce section 120, with respect to ivory; Pages H4709–10 Beyer amendment that seeks to prohibit the use of funds in contravention of Executive Orders regarding climate change; Pages H4712–13 Blackburn amendment (No. 6 printed in the Congressional Record of June 24, 2015) that seeks to reduce funds by 1 percent across-the-board; Pages H4813–14 Pearce amendment that seeks to prohibit the use of funds to increase the rate of any royalty required to be paid to the United States for oil and gas produced on Federal land, or to prepare or publish a proposed rule relating to such an increase; Pages H4816–18 Hardy amendment that seeks to prohibit the use of funds to make a Presidential declaration by public proclamation of a national monument under chapter 3203 of title 54, United States Code in the counties of Mohave and Cococino in the State of Arizona, in the counties of Modoc and Siskiyou in the State of California, in the counties of Chaffee, Moffat, and Park in the State of Colorado, in the counties of Lincoln, Clark, and Nye in the State of Nevada, in the county of Otero in the State of New Mexico, in the counties of Jackson, Josephine and Malheur in the State of Oregon, or in the counties of Wayne, Garfield, and Kane in the State of Utah; Pages H4821–22 Zinke amendment (No. 39 printed in the Congressional Record of June 25, 2015) that seeks to prohibit the use of funds to implement, finalize, or enforce subparts F and J of part 1206 of the proposed rule by the Department of the Interior called ‘‘Consolidated Federal Oil & Gas and Federal & Indian Coal Valuation Reform’’ dated January 6, 2015; Pages H4824–25 Garamendi amendment that seeks to prohibit the use of funds in contravention of Executive Order 13693; Pages H4826–27 Newhouse amendment that seeks to prohibit the use of funds by the Department of Interior or the United States Fish and Wildlife Service to treat any gray wolf in Washington, Oregon, or Utah as an endangered species or threatened species under the Endangered Species Act of 1973; Pages H4833–34 Rouzer amendment that seeks to prohibit use of funds to implement, administer, or enforce the rule entitled ‘‘Standards of Performance for New Residential Wood Heaters, New Residential Hydronic Heaters and Forced-Air Furnaces’’ published in the Federal Register by the EPA; Pages H4842–43 Hudson amendment that seeks to prohibit the use of funds to remove oil and gas lease sale 260 from the Draft Proposed OCS Oil and Gas Leasing Program; Pages H4843–44 Sfmt 0627"
102,CREC-2015-07-07-pt1-PgD779,3,"Goodlatte amendment that seeks to prohibit the use of funds by the EPA to take any actions described as a ‘‘backstop’’ in the Dec. 29, 2009 letter from EPA’s Regional Administrator to the States in the Watershed and the District of Columbia in response to the development or implementation of a State’s watershed implementation and referred to in enclosure B of such letter; Pages H4848–50 Westmoreland amendment that seeks to prohibit the use of funds to pay legal fees pursuant to a settlement in any case, in which the Federal Government is a party, that arises under the Clean Air Act, the Federal Water Pollution Control Act or the Endangered Species Act; and Pages H4852–53 LaMalfa amendment that seeks to prohibit the use of funds to pay attorney fees in a civil suit under the Endangered Species Act of 1973 pursuant to a court order that states such fees were calculated at an hourly rate in excess of $125 per hour. Pages H4854–55 H. Res. 333, the rule providing for consideration of the bills (H.R. 2822) and (H.R. 2042) was agreed to on June 24th National Defense Authorization Act for Fiscal Year 2016: The House agreed to the Thornberry motion to close portions of the conference on the bill (H.R. 1735) to authorize appropriations for fiscal year 2016 for military activities of the Department of Defense, for military construction, and for defense activities of the Department of Energy, to prescribe military personnel strengths for such fiscal year, at such times as classified national security information may be broached, by a yea-and-nay vote of 402 yeas to 12 nays, Roll No. 390. Pages H4814–15 Quorum Calls—Votes: Two yea-and-nay votes developed during the proceedings of today and appear on pages H4814–19 and H4815–16. There were no quorum calls. Adjournment: The House met at 2 p.m. and adjourned at 1:02 a.m. on Wednesday, July 8, 2015."
103,CREC-2000-05-22-pt1-PgD506-2,1,"(For last listing of Public Laws, see DAILY DIGEST, p. D444) H.R. 434, to authorize a new trade and investment policy for sub-Sahara Africa, expand trade benefits to the countries in the Caribbean Basin, renew the generalized system of preferences, and reauthorize the trade adjustment assistance programs. Signed May 18, 2000. (P.L. 106–200) S. 1744, to amend the Endangered Species Act of 1973 to provide that certain species conservation reports shall continue to be required to be submitted. Signed May 18, 2000. (P.L. 106–201) S. 2323, to amend the Fair Labor Standards Act of 1938 to clarify the treatment of stock options under the Act. Signed May 18, 2000. (P.L. 106–202)"
104,CREC-1996-06-25-pt2-PgD667,1,"Committee on Resources: Held an oversight hearing on lifting the moratorium on listings of species under the Endangered Species Act. Testimony was heard from John Rogers, Acting Director, U.S. Fish and Wildlife Service, Department of the Interior; Rolland Schmitten, Assistant Administrator, Fisheries, NOAA, Department of Commerce; Teel Bivins, Senator, State of Texas; and public witnesses."
105,CREC-1997-09-23-pt1-PgD992,1,"(Committee meetings are open unless otherwise indicated) Senate Committee on Banking, Housing, and Urban Affairs, Subcommittee on Financial Institutions and Regulatory Relief, to oversight hearings on the operation of the Federal Housing Finance Board, 10 a.m., SD–538. Committee on Commerce, Science, and Transportation, Subcommittee on Manufacturing and Competitiveness, to hold hearings to examine the impact of new Environmental Protection Agency air quality standards on manufacturers, 9:30 a.m., SR–253. Committee on Energy and Natural Resources, business meeting, to consider pending calendar business, 9:30 a.m., SD–366. Committee on Environment and Public Works, to continue hearings on S. 1180, to authorize funds for programs of the Endangered Species Act, 9:30 a.m., SD–406. Full Committee, business meeting, to mark up H.R. 2443, to designate the Federal Building located at 601 Fourth Street, N.W., in the District of Columbia, as the ‘‘Federal Bureau of Investigation, Washington Field Office Memorial Building’’, in honor of William H. Christian, Jr., Martha Dixon Martinez, Michael J. Miller, Anthony Palmisano, and Edwin R. Woodriffe, time to be announced, S–216, Capitol. Committee on Finance, to continue hearings to examine the practices and procedures of the Internal Revenue Service, 9 a.m., SD–106. Committee on Foreign Relations, to hold hearings on the nominations of Thomas S. Foley, of Washington, to be Ambassador to Japan, and Alphonse F. La Porta, of New York, to be Ambassador to Mongolia, 10 a.m., SD–419. Full Committee, business meeting, to consider pending calendar business, 2:15 p.m., S–116, Capitol. Committee on Governmental Affairs, to continue hearings to examine certain matters with regard to the committee’s special investigation on campaign financing, 10 a.m., SH–216. Committee on Labor and Human Resources, business meeting, to mark up the proposed Workforce Investment Partnership Act, and to consider pending nominations, 9:30 a.m., SD–430."
106,CREC-2003-07-17-pt2-PgD841,1,"Shadegg amendment that increases funding for Wildland Fire Management hazardous fuels reduction activities by $19 million with offsets from the Department of Agriculture Land Acquisition program (rejected by recorded vote of 128 ayes to 298 noes, Roll No. 381); Pages H7048–49, H7057–58 Gallegly amendment that sought to prohibit any funding to administer any action related to the baiting of bears except to prevent or prohibit such activity (rejected by recorded vote of 163 ayes to 255 noes, Roll No. 382); Pages H7049–51, H7076 Rahall amendment No. 4 printed in the Congressional Record of July 14 that sought to prohibit any funds to kill, or assist others in killing, any Bison in the Yellowstone National Park herd (rejected by recorded vote of 199 ayes to 220 noes, Roll No. 383); Pages H7051–54, H7076–77 Udall of New Mexico amendment No. 9 printed in the Congressional Record of July 15 that sought to prohibit any funding to finalize or implement the proposed revisions to subpart A of part 219 of title 36. Code of Federal Regulations, relating to National Forest System Planning for Land and Resource management Plans, as described in the proposed rule published in the Federal Register on December 6, 2002 (rejected by recorded vote of 198 ayes to 222 noes, Roll No. 384); Pages H7062–68, H7077–78 Holt amendment No. 2 printed in the Congressional Record of July 14 that sought to prohibit any funding to manage recreational snowmobile use in Yellowstone and Grand Teton National Parks and the John D. Rockefeller, Jr. Memorial Parkway; except in accordance with national Park Service Oneyear Delay Rule published November 18, 2002 (rejected by recorded vote of 210 ayes to 210 noes, Roll No. 385); Pages H7069–75, H7078 Inslee amendment that sought to prohibit any funds to be used to propose, finalize, or implement any change to subpart B of part 294 of title 36, Code of Federal Regulations, entitled Protection of Inventoried Roadless Areas (rejected by recorded vote of 185 ayes to 234 noes, Roll No. 386); Pages H7082–83, H7087–7092, H7101–02 Point of order sustained against: King of Iowa amendment No. 16 printed in the Congressional Record of July 16 that sought to prohibit any funds to be used to subject management of the Missouri River to the imposition of any regulatory action under the Endangered Species Act; and Pages H7079–81 Matheson substitute amendment to the Udall of Colorado amendment No. 1 printed in the Congressional Record of July 10 that sought to apply the provisions to any lands in National Parks, Wilderness Areas, Wilderness Study Areas, National Wildlife, Refuges, National Monuments, military bases,"
107,CREC-2002-07-10-pt1-PgD732,1,"Frm 00006 Fmt 0627 sign, planning, and construction of a project to reclaim and reuse wastewater within and outside of the service area of the City of Austin Water and Wastewater Utility, Texas; H.R. 4822, Upper Missouri River Breaks Boundary Clarification Act; H.R. 4840, amended, Sound Science for Endangered Species Act Planning Act of 2002; S. 238, Burnt, Malheur, Owyhee, and Powder River Basin Water Optimization Feasibility Study Act of 2001; S. 356, Louisiana Purchase Bicentennial Commission Act; and S. 1057, Pu’uhonua O Honaunau National Historical Park Addition Act of 2001."
108,CREC-2011-10-12-pt1-PgD1088,1,"Frm 00008 Fmt 0627 Committee on Oversight and Government Reform, Full Committee, markup of H.R. 2309 Postal Reform Act of 2011, 10:30 a.m., 2154 RHOB. Committee on Science, Space, and Technology, Subcommittee on Investigations and Oversight, hearing entitled ‘‘The Endangered Species Act: Reviewing the Nexus of Science and Policy.’’ 10 a.m., 2318 Rayburn. Subcommittee on Energy and Environment, hearing entitled ‘‘Advancing Coal Research and Development for a Secure Energy Future.’’ 2 p.m., 2318 Rayburn. Committee on Transportation and Infrastructure, Subcommittee on Economic Development, Public Buildings, and Emergency Management, hearing entitled ‘‘Streamlining Emergency Management: Improving Preparedness, Response, and Cutting Costs.’’ 8:30 a.m., 2167 Rayburn. Full Committee, mark up the following bills: H.R. 2668, ‘‘Brian A. Terry Memorial Act’’; H.R. 2919, ‘‘Community Shelter Protection Act of 2011’’; H.R. 1734, ‘‘Civilian Property Realignment Act’’; and H.R. 2840, ‘‘Commercial Vessel Discharges Reform Act of 2011’’. 11:15 a.m., 2167 Rayburn. Committee on Ways and Means, Full Committee, markup of the following bills: H.R. 674, to amend the Internal Revenue Code of 1986 to repeal the imposition of 3 percent withholding on certain payments made to vendors by government entities, H.R. 2576, to amend the Internal Revenue Code of 1986 to modify the calculation of modified adjusted gross income for purposes of determining eligibility for certain healthcare-related programs. 10 a.m., 1100 Longworth."
109,CREC-2003-07-11-pt1-PgD798-3,1,"Authorization Act, Fiscal Years 2004 and 2005, 3 p.m., H–313 Capitol. July 15, to consider the following: H.R. 2210, School Readiness Act of 2003; and H.R. 2122, Project Bioshield Act of 2003, 2 p.m., H–313 Capitol. July 16, Subcommittee on Technology and the House, oversight hearing on the 1996 Unfunded Mandates Reform Act—‘‘An Overview of Effectiveness and Opportunities for Enhancement,’’ 10:30 a.m., H–313 Capitol. Committee on Science, July 15, Subcommittee on Environment, Technology and Standards, hearing on NOAA Satellites: Will Weather Forecasting Be Put at Risk? 2 p.m., 2318 Rayburn. July 16, full Committee, hearing on Supercomputing: Is the U.S. on the Right Path? 10 a.m., 2318 Rayburn. July 17, Subcommittee on Research, hearing and markup of H.R. 2692 , United States Fire Administration Authorization Act of 2003, 9:30 a.m., 2318 Rayburn. Committee on Small Business, July 15, Subcommittee on Regulatory Reform and Oversight, hearing on Contract Bundling and Small Business Procurement, 2 p.m., 2360 Rayburn. July 17, Subcommittee on Rural Enterprises, Agriculture and Technology, hearing on Endangered Farmers and Ranchers: the Unintended Consequences of the Endangered Species Act, 2 p.m., 2360 Rayburn. Committee on Transportation and Infrastructure, July 15, hearing and mark up of H. Res. 288, directing the Secretary of Transportation to transmit to the House of Representatives not later than 14 days after the date of the adoption of this resolution all physical and electronic records and documents in his possession related to any use of Federal agency resources in any task or action involving or relating to Members of the Texas Legislature in the period beginning May 11, 2003, and ending May 16, 2003, except information the disclosure of which would harm the national security interests of the United States, 3 p.m., 2128 Rayburn. July 16, Subcommittee on Economic Development, Public Buildings and Emergency Management, to mark up the following: General Services Administration’s Fiscal Year 2004 Capital Investment and Leasing Program resolutions; and other pending business, 10 a.m., 2253 Rayburn."
110,CREC-2009-02-27-pt1-PgD187,1,"Endangered Species Act of 1973 (ESA), 10 a.m., 1324 Longworth. March 5, Subcommittee on Energy and Mineral Resources, oversight hearing entitled ‘‘Energy Outlooks, and the Role of Federal Onshore and Offshore Resources in Meeting Future Energy Demand,’’ 2 p.m., 1324 Longworth. Committee on Oversight and Government Reform, March 4, Subcommittee on National Security and Foreign Affairs, hearing on Afghanistan and Pakistan: Understanding a Complex Threat Environment, 10 a.m., 2154 Rayburn. March 5, Subcommittee on Information Policy, Census, and National Archives, hearing on Status of 2010 Census Operations, 10 a.m., 2154 Rayburn. Committee on Rules, March 3, to consider H.R. 157, District of Columbia House Voting Rights Act of 2009, 3 p.m., H–313 Capitol. Committee on Science and Technology, March 4, hearing on 21st Century Water Planning: the Importance of a Coordinated Federal Approach, 10 a.m., 2318 Rayburn. March 5, Subcommittee on Space and Aeronautics, hearing on Cost Management Issues in NASA’s Acquisitions and Programs, 10 a.m., 2318 Rayburn. Committee on Small Business, March 4, hearing entitled ‘‘The State of the Renewable Fuels Industry in the Current Economy,’’ 1 p.m., 2360 Rayburn. Committee on Veterans’ Affairs, March 3, Subcommittee on Health, hearing on the following legislation: H.R. 784, To amend title 38, United States Code, to direct the Secretary of Veterans Affairs to submit to Congress quarterly reports on vacancies in mental health professional positions in Department of Veterans Affairs medical facilities; H.R. 785, To direct the Secretary of Veterans Affairs to carry out a pilot program to provide outreach and training to certain college and university mental health centers relating to the mental health of veterans of Operation Iraqi Freedom and Operation Enduring Freedom; and other draft legislation. 10 a.m., 334 Cannon. March 3, Subcommittee on Disability Assistance and Memorial Affairs and the Subcommittee on Oversight and Investigation, joint hearing on Document Tampering and Mishandling at the Veterans Benefits Administration, 1:30 a.m., 334 Cannon."
111,CREC-2025-02-24-pt1-PgD177,1,"Victims of Human Trafficking and Online Exploitation’’, 9 a.m., 2141 Rayburn. Committee on Natural Resources, February 26, Subcommittee on Water, Wildlife and Fisheries, hearing entitled ‘‘Evaluating the Implementation of the Marine Mammal Protection Act and the Endangered Species Act’’, 10 a.m., 1324 Longworth. Committee on Oversight and Government Reform, February 26, Subcommittee on Economic Growth, Energy Policy, and Regulatory Affairs, hearing entitled ‘‘Leading the Charge: Opportunities to Strengthen America’s Energy Reliability’’, 9:30 a.m., 2247 Rayburn. February 26, Subcommittee on Delivering on Government Efficiency, hearing entitled ‘‘America Last: How Foreign Aid Undermined U.S. Interests Around the World’’, 11 a.m., 210 Capitol. Committee on Science, Space, and Technology, February 26, Subcommittee on Space and Aeronautics, hearing entitled ‘‘Step by Step: The Artemis Program and NASA’s Path To Human Exploration of the Moon, Mars, and Beyond’’, 10 a.m., 2318 Rayburn. Committee on Small Business, February 26, Full Committee, hearing entitled ‘‘Fostering American Innovation: Insights into SBIR and STTR Programs’’, 10 a.m., 2360 Rayburn. Committee on Transportation and Infrastructure, February 26, Full Committee, markup on the Committee’s Authorization and Oversight Plan; H.R. 1182, the ‘‘Compressed Gas Cylinder Safety and Oversight Improvements Act of 2025’’; H. Con. Res. 9, authorizing the use of the Capitol Grounds for the National Peace Officers Memorial Service and the National Honor Guard and Pipe Band Exhibition; H.R. 501, the ‘‘Promoting Resilient Buildings Act of 2025’’; H.R. 744, the ‘‘Disaster Management"
112,CREC-2025-02-26-pt1-PgD192-2,1,"Committee on Natural Resources: Subcommittee on Water, Wildlife and Fisheries held a hearing entitled ‘‘Evaluating the Implementation of the Marine Mammal Protection Act and the Endangered Species Act’’. Testimony was heard from public witnesses."
113,CREC-2005-09-09-pt1-PgD895-5,1,"Frm 00004 Fmt 0627 and More Incentives in the Endangered Species Act,’’ 9:30 a.m., 2360 Rayburn. Committee on Veterans’ Affairs, September 14, oversight hearing regarding the Department of Veterans Affairs information technology infrastructure reorganization, and proposed legislation to enhance the role of the Chief Information Officer, 10 a.m., 334 Cannon."
114,CREC-1995-06-16-pt1-PgD746-2,1,"Committee on Environment and Public Works: June 22, Drinking Water, Fisheries, and Wildlife, to hold oversight hearings on the National Marine Fisheries Service policy on spills at Columbia River hydropower dams, gas bubble trauma in endangered salmon, and the scientific method used under the Endangered Species Act which gave rise to that policy, 10 a.m., SD–406. Committee on Finance: June 19, Subcommittee on Taxation and IRS Oversight, to hold hearings on tax proposals for S corporations and for the home office deduction, 2 p.m., SD–215. June 20, Subcommittee on Social Security and Family Policy, to resume hearings to examine the financial and business practices of the American Association of Retired Persons (AARP), 10 a.m., SD–215. Committee on Foreign Relations: June 20, business meeting, to consider S. Res. 97, expressing the sense of the Senate with respect to peace and stability in the South China Sea, and pending nominations, 11 a.m., SD–419."
115,CREC-2016-03-14-pt1-PgD246,1,"Frm 00005 Fmt 0627 Subcommittee on Europe, Eurasia, and Emerging Threats, hearing entitled ‘‘U.S. Policy Toward National Self-Determination Movements’’, 2:30 p.m., 2200 Rayburn. Committee on Homeland Security, Subcommittee on Emergency Preparedness, Response, and Communications, hearing entitled ‘‘State of Emergency: The Disaster of Cutting Preparedness Grants’’, 10 a.m., 311 Cannon. Committee on the Judiciary, Task Force on Executive Overreach, hearing entitled ‘‘Executive Overreach in Domestic Affairs Part I—Health Care and Immigration’’, 10 a.m., 2141 Rayburn. Subcommittee on Regulatory Reform, Commercial and Antitrust Law, hearing entitled ‘‘The Chevron Doctrine: Constitutional and Statutory Questions in Judicial Deference to Agencies’’, 1:30 p.m., 2141 Rayburn. Committee on Natural Resources, Full Committee, markup on H.R. 87, the ‘‘Shiloh National Military Park Boundary Adjustment and Parker’s Crossroads Battlefield Designation Act’’; H.R. 295, to reauthorize the Historically Black Colleges and Universities Historic Preservation program; H.R. 329, the ‘‘Indian Employment, Training and Related Services Consolidation Act of 2015’’; H.R. 496, the ‘‘Alabama Hills National Scenic Area Establishment Act’’; H.R. 1621, to modify the boundary of Petersburg National Battlefield in the Commonwealth of Virginia, and for other purposes; H.R. 1838, the ‘‘Clear Creek National Recreation Area and Conservation Act’’; H.R. 2009, the ‘‘Pascua Yaqui Tribe Land Conveyance Act of 2015’’; H.R. 2733, the ‘‘Nevada Native Nations Land Act’’; H.R. 3070, the ‘‘EEZ Clarification Act’’; H.R. 3211, to provide for the addition of certain real property to the reservation of the Siletz Tribe in the State of Oregon; H.R. 3826, the ‘‘Mount Hood Cooper Spur Land Exchange Clarification Act’’; H.R. 4245, to exempt importation and exportation of sea urchins and sea cucumbers from licensing requirements under the Endangered Species Act of 1973; H.R. 4579, the ‘‘Utah Test and Training Range Encroachment Prevention and Temporary Closure Act’’; and H.R. 4680, to prepare the National Park Service for its Centennial in 2016 and for a second century of promoting and protecting the natural, historic, and cultural resources of our National Parks for the enjoyment of present and future generations, and for other purposes, 4 p.m., 1324 Longworth. Committee on Oversight and Government Reform, Full Committee, hearing entitled ‘‘Examining Federal Administration of the Safe Drinking Water Act in Flint, Michigan—Part II’’, 10 a.m., 2154 Rayburn. Subcommittee on Government Operations, hearing entitled ‘‘Accountability and Transparency Reform at the Office of Information and Regulatory Affairs’’, 2 p.m., 2154 Rayburn. Committee on Science, Space, and Technology, Subcommittee on Oversight, hearing entitled ‘‘Racing to Regulate: EPA’s Latest Overreach on Amateur Drivers’’, 10 a.m., 2318 Rayburn. Committee on Transportation and Infrastructure, Subcommittee on Coast Guard and Maritime Transportation, Sfmt 0627"
116,CREC-2015-09-28-pt1-PgD1022-2,1,"Committee on Commerce, Science, and Transportation: Subcommittee on Surface Transportation and Merchant Marine Infrastructure, Safety and Security, to hold hearings to examine pipeline safety, focusing on oversight of our nation’s pipeline network, 2:30 p.m., SR–253. Committee on Environment and Public Works: to hold hearings to examine economy-wide implications of President Obama’s air agenda, 10 a.m., SD–406. Subcommittee on Fisheries, Water, and Wildlife, to receive a briefing on the Endangered Species Act, focusing on perspectives from the Fish and Wildlife Service and State governors, 2 p.m., SD–406. Committee on Finance: to hold hearings to examine financial and economic challenges in Puerto Rico, 10 a.m.,"
117,CREC-2005-09-14-pt1-PgD916,1,"Frm 00008 Fmt 0627 Res. 38, Expressing support for the accession of Israel to the Organization for Economic Co-operation and Development (OECD); H. Res. 388, Expressing the sense of the House of Representatives regarding the July, 2005, measures of extreme repression on the part of the Cuban Government against members of Cuba’s prodemocracy movement, calling for the immediate release of all political prisoners, the legalization of political parties and free elections in Cuba, urging the European Union to reexamine its policy toward Cuba, and calling on the representative of the United States to the 62d session of the United Nations Commission on Human Rights to ensure a resolution calling upon the Cuban regime to end its human rights violations; H. Res. 409, Condemning the Government of Zimbabwe’s ‘‘Operation Murambatsvina’’ under which homes, businesses, religious structures, and other buildings and facilities were demolished in an effort characterized by the Government of Zimbabwe as an operation to ‘‘restore order’’ to the country; H. Con. Res. 237, Expressing the sense of Congress welcoming President Chen Shui-bian of Taiwan to the United States on September 20, 2005; and H. Con. Res. 238, Honoring the victims of the Cambodian genocide that took place from April 1975 to January 1979, 10:30 a.m., 2172 Rayburn. Committee on the Judiciary, Subcommittee on Courts, the Internet, and Intellectual Property, hearing entitled ‘‘An Amendment in the Nature of a Substitute to H.R. 2795, ‘The Patent Act of 2005’ ’’ 10 a.m., 2141 Rayburn. Subcommittee on Immigration, Border Security, and Claims, oversight hearing entitled ‘‘Sources and Methods of Foreign Nationals Engaged in Economic and Military Espionage,’’ following an executive session on this subject, 1 p.m., 2141 Rayburn. Committee on Science, hearing on Cybersecurity: How Can the Government Help Address Vulnerabilities in Critical Industries? 10 a.m., 2318 Rayburn. Committee on Small Business, Subcommittee on Rural Enterprise, Agriculture and Technology, hearing entitled ‘‘The Need for Improvements and More Incentives in the Endangered Species Act,’’ 9:30 a.m., 2261 Rayburn. Permanent Select Committee on Intelligence, executive, Briefing on Inspector General’s 9/11 Accountability Report, 9:30 a.m., and executive, to consider H. Res. 418, Requesting the President to transmit to the House of Representatives not later than 14 days after the date of the adoption of this resolution documents in the possession of the President relating to the disclosure of the identity and employment of Ms. Valerie Plame, 1 p.m., H–405 Capitol."
118,CREC-2011-10-05-pt1-PgD1050,1,"Committee on Natural Resources: Full Committee held a markup of the following: H.R. 306, the ‘‘Corolla Wild Horses Protection Act’’; H.R. 443, to provide for the conveyance of certain property from the United States to the Maniilaq Association located in Kotzebue, Alaska; H.R. 588, to redesignate the Noxubee National Wildlife Refuge as the Sam D. Hamilton Noxubee National Wildlife Refuge; H.R. 850, to facilitate a proposed project in the Lower St. Croix Wild and Scenic River, and for other purposes; H.R. 991, to amend the Marine Mammal Protection Act of 1972 to allow importation of polar bear trophies taken in sport hunts in Canada before the date the polar bear was determined to be a threatened species under the Endangered Species Act of 1973; H.R. 1162, to provide the Quileute Indian Tribe Tsunami and Flood Protection, and for other purposes; H.R. 1461, the ‘‘Mescalero Apache Tribe Leasing Authorization Act’’; H.R. 1466, to resolve the status of certain persons legally residing in the Commonwealth of the Northern Mariana Islands under the immigration laws of the United States; H.R. 1505, the ‘‘National Security and Federal Lands Protection Act’’; H.R. 1556, to amend the Omnibus Indian Advancement Act to allow certain land to be used to generate income to provide funding for academic programs, and for other purposes; H.R. 1740, to amend the Wild and Scenic Rivers Act to designate a segment of Illabot Creek in Skagit County, Washington, as a component of the National Wild and Scenic Rivers System; H.R. 2060, the ‘‘Central Oregon Jobs and Water Security Act’’; H.R. 2351, the ‘‘North Cascades National Park Service Complex Fish Stocking Act’’; H.R. 2352, to authorize the Secretary of the Interior to tjames on DSK6SPTVN1PROD with DIGEST adjust the boundary of the Stephen Mather Wilderness and the North Cascades National Park in order to allow the rebuilding of a road outside of the VerDate Mar 15 2010 04:55 Oct 06, 2011 Jkt 019060"
119,CREC-2018-06-12-pt1-PgD659,1,"for children under the Children’s Health Insurance Program, and for other purposes, with an amendment (H. Rept. 115–734); H.R. 224, to amend the Marine Mammal Protection Act of 1972 to allow importation of polar bear trophies taken in sport hunts in Canada before the date the polar bear was determined to be a threatened species under the Endangered Species Act of 1973, and for other purposes (H. Rept. 115–735); H.R. 221, to reauthorize the Hydrographic Services Improvement Act of 1998, and for other purposes, with an amendment (H. Rept. 115–736); H.R. 5715, to amend title XVIII of the Social Security Act to provide for certain program integrity transparency measures under Medicare parts C and D, with an amendment (H. Rept. 115–737, Part 1); H.R. 1925, to amend title XIX of the Social Security Act to protect at-risk youth against termination of Medicaid eligibility while an inmate of a public institution, with an amendment (H. Rept. 115–738); H.R. 5798, to amend title XVIII of the Social Security Act to require a review of current opioid prescriptions for chronic pain and screening for opioid use disorder to be included in the Welcome to Medicare initial preventive physical examination (H. Rept. 115–739, Part 1); H.R. 5716, to amend title XVIII of the Social Security Act to require the Secretary of Health and Human Services to provide notifications under the Medicare program to outlier prescribers of opioids (H. Rept. 115–740, Part 1); H.R. 5686, to amend title XVIII of the Social Security Act to require prescription drug plans under Medicare part D to include information on the adverse effects of opioid overutilization and of coverage of nonpharmacological therapies and nonopioid medications or devices used to treat pain (H. Rept. 115–741, Part 1); H.R. 5684, to amend title XVIII of the Social Security Act to expand eligibility for medication therapy management programs established under part D of the Medicare program to include certain individuals who are at risk for prescription drug abuse (H. Rept. 115–742, Part 1); H.R. 5675, to amend title XVIII of the Social Security Act to require prescription drug plan sponsors under the Medicare program to establish drug management programs for at-risk beneficiaries, with an amendment (H. Rept. 115–743, Part 1); H.R. 5605, to amend title XVIII of the Social Security Act to provide for an opioid use disorder SSpencer on DSKBBXCHB2PROD with DIGEST treatment demonstration program, with an amendment (H. Rept. 115–744, Part 1); H.R. 5603, To amend title XVIII of the Social Security Act to provide the Secretary of Health and VerDate Sep 11 2014 07:23 Jun 13, 2018 Jkt 079060"
120,CREC-2011-10-03-pt1-PgD1033-2,1,"Frm 00007 Fmt 0627 October 5, Subcommittee on Crime, Terrorism, and Homeland Security, hearing entitled ‘‘The Implementation of Certain International Nuclear and Maritime Terrorism Agreements.’’ 10 a.m., 2141 Rayburn. October 5, Subcommittee on Immigration Policy and Enforcement, markup to request a Department of Homeland Security Departmental Report on the Beneficiary of H.R. 1857, for the relief of Bartosz Kumor; followed by a hearing entitled ‘‘STEM the Tide: Should America Try to Prevent an Exodus of Foreign Graduates of U.S. Universities with Advanced Science Degrees?’’ 1:30 p.m., 2141 Rayburn. October 6, full Committee, markup of the following: H.R. 313, the ‘‘Drug Trafficking Safe Harbor Elimination Act of 2011’’; H.R. 1254, the ‘‘Synthetic Drug Control Act of 2011’’; H.R. 2471, to amend section 2710 of title 18, United States Code, to clarify that a video tape service provider may obtain a consumer’s informed, written consent on an ongoing basis and that consent may be obtained through the Internet; and H.R. 2870, the ‘‘Adam Walsh Reauthorization Act of 2011’’. 10:30 a.m., 2141 Rayburn. Committee on Natural Resources, October 4, full Committee, hearing entitled ‘‘The President’s New National Ocean Policy—A Plan for Further Restrictions on Ocean, Coastal and Inland Activities.’’ 10 a.m., 1324 Longworth. October 4, Subcommittee on Indian and Alaska Affairs, hearing on H.R. 2938, the ‘‘Gila Bend Indian Reservation Lands Replacement Clarification Act.’’ 2 p.m., 1324 Longworth. October 4, Subcommittee on National Parks, Forests and Public Lands, hearing on the following legislation: H.R. 2563, to authorize a Wall of Remembrance as part of the Korean War Veterans Memorial and to allow certain private contributions to fund that Wall of Remembrance; H.R. 1335, to revise the boundaries of the Gettysburg National Military Park to include the Gettysburg Train Station, and for other purposes; and H.R. 854, to authorize the Peace Corps Commemorative Foundation to establish a commemorative work in the District of Columbia and its environs, and for other purposes. 2 p.m., 1334 Longworth. October 5, full Committee, markup of the following: H.R. 306, the ‘‘Corolla Wild Horses Protection Act’’; H.R. 443, to provide for the conveyance of certain property from the United States to the Maniilaq Association located in Kotzebue, Alaska; H.R. 588, to redesignate the Noxubee National Wildlife Refuge as the Sam D. Hamilton Noxubee National Wildlife Refuge; H.R. 850, to facilitate a proposed project in the Lower St. Croix Wild and Scenic River, and for other purposes; H.R. 991, to amend the Marine Mammal Protection Act of 1972 to allow importation of polar bear trophies taken in sport hunts in Canada before the date the polar bear was determined to be a threatened species under the Endangered Species Act of 1973; H.R. 1162, to provide the Quileute Indian Tribe Tsunami and Flood Protection, and for other purposes; H.R. 1461, the ‘‘Mescalero Apache Tribe Leasing Authorization Act’’; H.R. 1466, to resolve the status of certain persons legally residing in the Commonwealth of the Northern Mariana Islands under the immigration Sfmt 0627"
121,CREC-2005-05-19-pt1-PgD515,1,"Committee on Environment and Public Works: Subcommittee on Fisheries, Wildlife, and Water concluded an oversight hearing to examine the implementation of the Endangered Species Act (Public Law 93–205), focusing on successes and shortcomings of the Act, and possible improvements to ensure species protection in the future, after receiving testimony from Senator Crapo; Craig Manson, Assistant Secretary of the Interior for Fish and Wildlife and Parks; James H. Lecky, Senior Advisor for Intergovernmental Programs, National Marine Fisheries Service, National Oceanic and Atmospheric AdVerDate Aug 04 2004 06:46 May 20, 2005 Jkt 039060"
122,CREC-2005-05-19-pt1-PgD515,2,"Frm 00002 Fmt 0627 ministration, Department of Commerce; Robin M. Nazzaro, Director, Natural Resources and Environment, Government Accountability Office; John F. Kostyack, National Wildlife Federation, Jamie Rappaport Clark, Defenders of Wildlife, and Monita Fontaine, National Endangered Species Act Reform Coalition, all of Washington, D.C.; and Reed Hopper, Pacific Legal Foundation, Sacramento, California."
123,CREC-2017-09-07-pt1-PgD936,1,"Frm 00007 Fmt 0627 tional Preserves in Alaska (by a recorded vote of 215 ayes to 196 noes, Roll No. 478); Pages H7155–56, H7168–69 Goodlatte amendment (No. 50 printed in H. Rept. 115–297) that prohibits the Environmental Protection Agency from using any funds to take retaliatory, or EPA described ‘‘backstop’’ actions, against any of the six states in the Chesapeake Bay Watershed in the event that a state does not meet the goals mandated by the EPA’s Chesapeake Bay Total Maximum Daily Load (by a recorded vote of 214 ayes to 197 noes, Roll No. 479); Pages H7157–58, H7169–70 Perry amendment (No. 59 printed in H. Rept. 115–297) that prohibits funds from being used to give formal notification under, or prepare, propose, implement, administer, or enforce any rule or recommendation pursuant to, section 115 of the Clean Air Act; Page H7173 Pearce amendment (No. 62 printed in H. Rept. 115–297) that prevents funds being used to implement the Bureau of Land Management’s ‘‘Onshore Oil and Gas Operations; Federal and Indian Oil and Gas Leases; Site Security’’ rule; Pages H7174–75 Lamborn amendment (No. 67 printed in H. Rept. 115–297) that prohibits funds for being used to implement or enforce the threatened species or endangered species listing of any plant or wildlife that has not undergone a review as required by section 4(c)(2) of the Endangered Species Act; and Pages H7178–79 Lamborn amendment (No. 68 printed in H. Rept. 115–297) that prohibits funds for being used to implement or enforce the threatened species listing of the Preble’s meadow jumping mouse under the Endangered Species Act. Pages H7179–80 Rejected: Castro (TX) amendment (No. 71 printed in part B of H. Rept. 115–295) that was debated on September 6th that sought to increase funding for the CBP Camera Technology Initiative (by a recorded vote of 205 ayes to 207 noes, Roll No. 459); Page H7115 Roybal-Allard amendment (No. 74 printed in part B of H. Rept. 115–295) that was debated on September 6th that sought to reduce funding for ICEOperations and Support (Enforcement and Removal Operations) by $849,500,000 and increases funding for Coast Guard—Acquisition, Construction, and Improvements (Polar Icebreaker) by the same amount (by a recorded vote of 170 ayes to 241 noes, Roll No. 460); Pages H7115–16 Castro (TX) amendment (No. 75 printed in part B of H. Rept. 115–295) that was debated on September 6th that sought to increase funding for ICE Sfmt 0627"
124,CREC-2001-03-22-pt1-PgD255,1,"Committee on Resources: Subcommittee on National Parks, Recreation and Public Lands approved for full Committee action the following bills: H.R. 107, amended, to require that the Secretary of the Interior conduct a study to identify sites and resources, to recommend alternatives for commemorating and interpreting the Cold War; H.R. 146, Great Falls Historic District Study Act of 2001; H.R. 182, amended, Eight Mile River Wild and Scenic River Study Act of 2001; H.R. 581, to authorize the Secretary of the Interior and the Secretary of Agriculture to use funds appropriated for wildland fire management in the Department of the Interior and Related Agencies Appropriations Act, 2001, to reimburse the United States Fish and Wildlife Service and the National Marine Fisheries Service to facilitate the interagency cooperation required under the Endangered Species Act of 1973 in connection with wildland fire management; and H.R. 601, amended, to ensure the continued access of hunters to those Federal lands included within the boundaries of the Craters of the Moon National Monument in the State of Idaho pursuant to Presidential Proclamation 7373 of November 9, 2000, and to continue the applicability of the Taylor Grazing Act to the disposition of grazing fees arising from the use of such lands."
125,CREC-2002-06-25-pt1-PgD678,1,"Frm 00007 Fmt 0627 House Committee on Agriculture, hearing to Review the Administration’s proposed legislation on creating a Department of Homeland Security, 10 a.m., 1300 Longworth. Committee on Appropriations, Subcommittee on Agriculture, Rural Development, Food and Drug Administration and Related Agencies, to mark up appropriations for fiscal year 2003, 1 p.m., 2362 Rayburn. Subcommittee on Treasury, Postal Service and General Government, to mark up appropriations for fiscal year 2003, 10 a.m., 2358 Rayburn. Committee on Armed Services, hearing on the Administration’s proposal to create a new Department of Homeland Security, and its impact on the Department of Defense and defense-related aspects of the Department of Energy, 10:30 a.m., 2118 Rayburn. Subcommittee on Military Readiness, hearing on Outsourcing: Review of the Commercial Activities Panel Report, 2 p.m., 2212 Rayburn. Committee on Energy and Commerce, Subcommittee on Commerce, Trade and Consumer Protection, hearing on the Financial Accounting Standards Board Act, 10 a.m., 2123 Rayburn. Subcommittee on Telecommunications and the Internet, hearing on Area Code Exhaustion: What are the Solutions? 10 a.m., 2322 Rayburn. Committee on Financial Services, to continue consideration of H.R. 3995, Housing Affordability for America Act of 2002; and to begin consideration of H.R. 1701, Consumer Rental Agreement Act, 10 a.m., 2128 Rayburn. Committee on Government Reform, Subcommittee on Civil Service, Census and Agency Organization, hearing on ‘‘Homeland Security: Should Consular Affairs be Transferred to the new Department of Homeland Security?’’ 1 p.m., 2203 Rayburn. Subcommittee on the District of Columbia, hearing on Spring Valley Revisited—The Status of the Cleanup of Contaminated Sites in Spring Valley, 10 a.m., 2154 Rayburn. Subcommittee on Government Efficiency, Financial Management, and Intergovernmental Relations, ‘‘The Single Audit Act: Is it Working?’’ 10 a.m., 2247 Rayburn. Committee on International Relations, hearing on H.R. 5005, Homeland Security Act of 2002, 10:15 a.m., 2172 Rayburn. Committee on the Judiciary, hearing on ‘‘The Proposal to Create a Department of Homeland Security,’’ 2 p.m., 2141 Rayburn. Committee on Resources, to mark up the following measures: H.R. 4840, Sound Science for Endangered Species Act Planning Act of 2002; H. Con. Res. 408, honoring the American Zoo and Aquarium Associate and its accredited member institutions for their continued service to animal welfare, conservation education, conservation research, and wildlife conservation programs; a resolution calling for the full appropriation of the State and tribal shares of the Abandoned Mine Reclamation Fund; H.R. 297, Abandoned Mine Lands Reclamation Reform Act of 2001; H.R. 2534, Lower Los Angeles River and San Gabriel River Watersheds Study Act of 2001; H.R. 2990, Lower Rio Grande Valley Water Resources Conservation Sfmt 0627"
126,CREC-1995-07-13-pt1-PgD850,1,"Committee on Environment and Public Works: Subcommittee on Drinking Water, Fisheries, and Wildlife held hearings on proposed legislation authorizing funds for programs of the Endangered Species Act, receiving testimony from Bruce Babbitt, Secretary of the Interior; Douglas K. Hall, Assistant Secretary of Commerce for Oceans and Atmosphere; Montana State Representative Emily Swanson, Bozeman; Montana State Representative Dick Knox, Winifred; Michael T. Clegg, University of California, Riverside, on behalf of the National Research Council’s Committee on Scientific Issues in the Endangered Species Act; Jane Lubchenco, Oregon State University, Corvallis; Stuart L. Pimm, University of Tennessee, Knoxville; Mark L. Plummer, Discovery Institute, Seattle, Washington; Wm. Robert Irvin, Center for Marine Conservation, Washington, D.C.; David F. Mazour, Central Nebraska Public Power and Irrigation District, Holdrege, on behalf of the National Endangered Species Act Reform Coalition; Judy DeHose, White Mountain Apache Tribe, Whiteriver, Arizona; John A. Harja, Salt Lake City, Utah, on behalf of the Western Governors’ Association; David R. Schmidt, Linn County, Oregon, on behalf of the National Association of Counties; and Gregg Easterbrook, Arlington, Virginia. Hearings continue on Thursday, July 20."
127,CREC-2000-06-21-pt2-PgD639,1,"Act; H.R. 1787, Deschutes Resources Conservancy Reauthorization Act of 1999; H.R. 2984, amended, to direct the Secretary of the Interior, through the Bureau of Reclamation, to convey to the Loup Basin Reclamation District, the Sargent River Irrigation District, and the Farwell Irrigation District, Nebraska, property comprising the assets of the Middle Loup Division of the Missouri River Basin Project, Nebraska; H.R. 3160, Common Sense Protections for Endangered Species Act; H.R. 3595, amended, to increase the authorization of appropriations for the Reclamation Safety of Dams Act of 1978; and H.R. 4389, amended, to direct the Secretary of the Interior to convey certain water distribution facilities to the Northern Colorado Water Conservancy District."
128,CREC-2001-05-23-pt1-PgD501,1,"Committee on Environment and Public Works: Committee ordered favorably reported the following business items: H.R. 581, to authorize the Secretary of the Interior and the Secretary of Agriculture to use funds appropriated for wildland fire management in the Department of the Interior and Related Agencies Appropriations Act, 2001, to reimburse the United States Fish and Wildlife Service and the National Marine Fisheries Service to facilitate the interagency cooperation required under the Endangered Species Act of 1973 in connection with wildland fire management; S. 468, to designate the Federal building located at 6230 Van Nuys Boulevard in Van Nuys, California, as the ‘‘James C. Corman Federal Building’’; S. 774, to designate the Federal building and United States courthouse located at 121 West Spring Street in New Albany, Indiana, as the ‘‘Lee H. Hamilton Federal Building and United States Courthouse’’; S. 757, to designate the Federal building and United States courthouse located at 504 West Hamilton Street in Allentown, Pennsylvania, as the ‘‘Edward N. Cahn Federal Building and United States Courthouse’’; S. 378, to redesignate the Federal building located at 3348 South Kedzie Avenue, in Chicago, Illinois, as the ‘‘Paul Simon Chicago Job Corps Center’’; and The nominations of Linda J. Fisher, of the District of Columbia, to be Deputy Administrator, and Stephen L. Johnson, of Maryland, to be Assistant Administrator for Toxic Substances, both of the Environmental Protection Agency, and James Laurence Connaughton, of the District of Columbia, to be a Member of the Council on Environmental Quality."
129,CREC-2005-09-21-pt1-PgD944,1,"Committee on Environment and Public Works: Subcommittee on Fisheries, Wildlife, and Water concluded a hearing to examine the Endangered Species Act and the role of States, Tribes and local governments, focusing on areas where the law may be strengthened or new programs created to encourage species recovery at all levels of government, after receiving testimony from Colorado State Representative Cory Gardner, Denver; Billy Frank, Jr., Northwest Indian Fisheries Commission, Olympia, Washington; Michael A. Pasteris, Forest Preserve District of Will County, Joliet, Illinois, on behalf of the National Association of Counties; John Baughman, International Association of Fish and Wildlife Agencies, Washington, D.C.; Bill Burnham, The Peregrine Fund, Boise, Idaho; Robert P. Davison, Wildlife Management Institute, Corvallis, Oregon; and Dwayne Shaw, Downeast Salmon Federation/ Downeast Rivers Land Trust, Columbia Falls, Maine."
130,CREC-1998-07-10-pt1-PgD742-4,1,"House Committees Committee on Appropriations, July 14, to mark up the Labor, Health and Human Services, and Education appropriations for fiscal year 1999, 1 p.m., 2358 Rayburn. July 15, to mark up the Commerce, Justice, State, and Judiciary appropriations for fiscal year 1999, 9:30 a.m., 2359 Rayburn. Committee on Banking and Financial Services, July 15, to continue markup of H.R. 219, Homeowners’ Insurance Availability Act of 1997, 10 a.m., 2128 Rayburn. July 16, Subcommittee on Financial Institutions and Consumer Credit, hearing on streamlining bank regulatory oversight, 9:30 a.m., 2128 Rayburn. July 17, full Committee, hearing on H.R. 4062, Financial Derivatives Supervisory Improvement Act of 1998, 10 a.m., 2128 Rayburn. Committee on Commerce, July 15, Subcommittee on Energy and Power, hearing on Electronic Commerce: The Energy Industry in the Electronic Age, 11 a.m., 2123 Rayburn. Committee on Education and the Workforce, July 14, Subcommittee on Oversight and Investigations, hearing on ‘‘The Administration’s Proposed Contracting Regulations: ‘Good Government’ or ‘Blacklisting’?’’ 1 p.m., 2175 Rayburn. July 15, Subcommittee on Employer-Employee Relations, hearing on Pension Fairness for NBA Pioneers, 1:30 p.m., 2175 Rayburn. July 16, Subcommittee on Workforce Protections, hearing on H.R. 2710, Rewarding Performance in Compensation Act, 10:30 a.m., 2175 Rayburn. July 17, Subcommittee on Oversight and Investigations, to mark up a report on ‘‘Education at a Crossroads: What Works and What’s Wasted in Education Today’’, 9:30 a.m., 2175 Rayburn. Committee on Government Reform and Oversight, July 14, Subcommittee on Government Management, Information, and Technology, hearing on H.R. 4007 and S. 1379, Nazi War Crimes Disclosure Act, 10 a.m., and to hold an oversight hearing on the Federal Advisory Committee Act, 2 p.m., 2154 Rayburn. July 15, Subcommittee on the District of Columbia, hearing on Washington Convention Center Authority, 9 a.m., 2247 Rayburn. July 15, Subcommittee on National Economic Growth, Natural Resources, and Regulatory Affairs, to continue hearings on ‘‘The Kyoto-Protocol: Is the Clinton-Gore Administration Selling Out Americans?’’ (Part V), 10 a.m., 2154 Rayburn. July 16, Subcommittee on Civil Service, to mark up pending business, 9 a.m., 2247 Rayburn. July 16, Subcommittee on Human Resources, oversight hearing on Early Childhood Interventions: Public-Private Partnerships, 9:30 a.m., 2154 Rayburn. Committee on International Relations, July 15, Subcommittee on Africa, hearing on Combating International Crime in Africa, 1 p.m., 2255 Rayburn. July 16, full Committee, hearing on U.S.-Russian Relations, 10 a.m., 2172 Rayburn. July 16, Subcommittee on Asia, to mark up H.Res. 459, commemorating 50 years of relations between the United States and the Republic of Korea, 9:30 a.m., 2172 Rayburn. Committee on the Judiciary, July 14, Subcommittee on the Constitution, hearing on H.R. 4019, Religious Liberty Protection Act of 1998, 9:30 a.m., and to hold a hearing on H.R. 4006, Lethal Drug Abuse Prevention Act of 1998, 2 p.m., 2237 Rayburn. July 16, full Committee, to mark up pending business, 10 a.m., 2141 Rayburn. July 17, Subcommittee on the Constitution, oversight hearing on the Civil Rights Division of the Department of Justice, 9:30 a.m., 2237 Rayburn. July 17, Subcommittee on Crime, oversight hearing addressing the civil application of the Racketeering Influenced Corrupt Organization Act (RICO) to nonviolent advocacy groups, 9:30 a.m., 2226 Rayburn. Committee on National Security, July 16, hearing on the findings and conclusions of the Commission to Assess the Ballistic Missile Threat to the United States, 9:30 a.m., 2118 Rayburn. Committee on Resources, July 15, oversight hearing on Endangered Species Act, 2 p.m., 1324 Longworth. July 16, Subcommittee on Fisheries Conservation, Wildlife and Oceans, to mark up H.R. 1481, Great Lakes Fish and Wildlife Restoration Act of 1997 and to hold an oversight hearing on Pilot Program to Control NonIndigenous Species Nutria at the Blackwater National Wildlife Refuge in Maryland, 2 p.m., 1334 Longworth. July 16, Subcommittee on Forests and Forest Health, oversight hearing on Regional Haze, 10 a.m., 1334 Longworth. July 16, Subcommittee on National Parks and Public Lands, hearing on the following bills: H.R. 3981, to modify the boundaries of the George Washington Birthplace National Monument; H.R. 4109, to authorize the Gateway Visitor Center at Independence National Historical Park; H.R. 4141, to amend the Act authorizing the establishment of the Chattahoochee River National Recreation Area to modify the boundaries of the Area, and to provide for the protection of lands, waters, and natural, cultural, and scenic resources within the national recreation area; and H.R. 4158, National Park Enhancement and Protection Act, 10 a.m., 1324 Longworth. Committee on Rules, July 14, to consider the following: H.R. 3682, Child Custody Protection Act; and H.R. 3267, Sonny Bono Memorial Salton Sea Reclamation Act, 2 p.m., H–313 Capitol. Committee on Science, July 15, Subcommittee on Energy and Environment, oversight hearing on the Science of Risk Assessment: Implications for Federal Regulation, 10 a.m., 2318 Rayburn. Committee on Small Business, July 15, hearing on the Impact of the Year 2000(Y2K) Computer Problem on Small Businesses, 11 a.m., 2360 Rayburn. July 16, Subcommittee on Empowerment, hearing on the social and economic costs of teenage pregnancy, 10 a.m., 2360 Rayburn. July 16, Subcommittee on Government Programs and Oversight, hearing with respect to the SBA’s Proposed New Automated Loan Monitoring System, 2 p.m., 2360 Rayburn."
131,CREC-2017-09-08-pt1-PgD946-3,1,"H. Res. 509, the rule providing for consideration of the Senate amendment to the House amendment to the Senate amendment to the bill (H.R. 601) was agreed to by voice vote, after the previous question was ordered without objection. Pages H7187–91 Department of the Interior, Environment, and Related Agencies Appropriations Act, 2018: The House considered H.R. 3354, making appropriations for the Department of the Interior, environment, and related agencies for the fiscal year ending September 30, 2018. Further proceedings were postponed. Pages H7197–H7200, H7201–08 Agreed to: Pearce amendment (No. 63 printed in H. Rept. 115–297) that was debated on September 7th that prevents funds from being used to implement the Bureau of Land Management’s ‘‘Waste Prevention, Production Subject to Royalties, and Resource Conservation’’ rule (by a recorded vote of 216 ayes to 186 noes, Roll No. 484); and Pages H7199–H7200 Smith (MO) amendment (No. 72 printed in H. Rept. 115–297) that restricts federal agencies from using funds to pay legal fees under any lawsuit settlement regarding a case that arises under the Clean Air Act, the Clean Water Act, and the Endangered Species Act. Pages H7202–03 Rejected: Blackburn amendment (No. 55 printed in H. Rept. 115–297) that was debated on September 7th that sought to call for 1% across the board cuts (by a recorded vote of 156 ayes to 248 noes, Roll No. 481); Pages H7197–98 Palmer amendment (No. 56 printed in H. Rept. 115–297) that was debated on September 7th that"
132,CREC-2005-07-18-pt1-PgD770-2,1,"2005, and S. 147, Native Hawaiian Government Reorganization Act of 2005, 2 p.m., 2141 Rayburn. Subcommittee on the Constitution, hearing on H. Res. 97, Expressing the sense of the House of Representatives that judicial determinations regarding the meaning of the Constitution of the United States should not be based on judgments, laws, or pronouncements of foreign institutions unless such foreign judgments, laws, or pronouncements inform an understanding of the original meaning of the Constitution of the United States, and the Appropriate Role of Foreign Judgements in the Interpretation of American Law, 4 p.m., 2141 Rayburn. Committee on Resources, oversight hearing entitled ‘‘The Status of the Eastern Oyster (Crassostrea virginica) and the Petition to List the Eastern Oyster as Endangered or Threatened under the Endangered Species Act,’’ 2 p.m., 1324 Longworth. Subcommittee on Water and Power, oversight hearing entitled ‘‘Maintaining and Upgrading the Bureau of Reclamation’s Facilities to Improve Power Generation, Enhance Water Supply and Keep our Homeland Secure,’’ 11 a.m., 1324 Longworth. Committee on Rules, to consider H.R. 3070, National Aeronautics and Space Administration Authorization Act of 2005, 4 p.m., H–313 Capitol."
133,CREC-2014-02-27-pt1-PgD191,1,"Committee on Oversight and Government Reform: Subcommittee on Energy Policy, Health Care, and Entitlements held a hearing entitled ‘‘Examining the Endangered Species Act’’. Testimony was heard from Michael Bean, Counselor, Fish and Wildlife and Parks, Department of Interior; and Samuel Rauch, Deputy Assistant Administrator, Regulatory Programs, National Oceanic and Atmospheric Administration, Fisheries Services, Department of Commerce."
134,CREC-1997-04-10-pt1-PgD319,1,"Committee on Resources: Held a hearing on H.R. 478, to amend the Endangered Species Act of 1973 to improve the ability of individuals and local, State, and Federal agencies to comply with that act in building, operating, maintaining, or repairing flood control projects, facilities, or structures. Testimony was heard from Michael L. Davis, Deputy Assistant Secretary, Army (Civil Works) Policy and Legislation, Department of Defense; John R. Garamendi, Deputy Secretary, Department of the Interior; and public witnesses."
135,CREC-2011-07-26-pt1-PgD845,1,"Rejected: Lamborn amendment that sought to eliminate funding for several land acquisition accounts and apply $50,721,000 to the spending reduction account and Pages H5548–49 Jackson Lee (TX) amendment that sought to increase funding, by offset, for Environmental Programs and Management by $5 million. Pages H5573–75 Withdrawn: Norton amendment that was offered and subsequently withdrawn that would have redirected $300,000 in funding with respect to National Recreation and Preservation and Pages H5564–65 Mica amendment that was offered and subsequently withdrawn that would have increased funding, by offset, for National Park Service, Construction by $2 million. Pages H5566–69 Proceedings Postponed: Clarke (MI) amendment that seeks to increase funding, by offset, for Environmental Programs and Management by $10 million; Pages H5544–46 Dicks amendment that seeks to strike the proviso relating to funding limitations for carrying out certain subsections of the Endangered Species Act; Pages H5550–61 Tonko amendment that seeks to increase funding, by offset, for National Recreation and Preservation by $8,408,000; Pages H5562–63 Amash amendment (No. 5 printed in the Congressional Record of July 25, 2011) that seeks to striking funding for the National Capital Performing Arts/Capital Concerts and apply the savings to the spending reduction account; Pages H5563–64 Dold amendment that seeks to increase funding, by offset, for Environmental Programs and Management by $24,700,000; Pages H5570–71 Reed amendment (No. 44 printed in the Congressional Record of July 25, 2011) that seeks to increase funding, by offset, for State and Private Forestry by $8,291,000; and Pages H5571–72 Scalise amendment, as modified, that seeks to reduce funding for the Office of the Secretary, Departmental Operations by $420,000. Pages H5572–73 H. Res. 363, the rule providing for consideration of the bill, was agreed to yesterday, July 25th. Amendments: Amendments ordered printed pursuant to the rule appear on pages H5581–82. Quorum Calls—Votes: Three yea-and-nay votes and 11 recorded votes developed during the proceedings of today and appear on pages H5507,"
136,CREC-2003-05-21-pt2-PgD566,1,"Frm 00006 Fmt 0627 (agreed to by yea-and-nay vote of 426 yeas with none voting ‘‘nay,’’ Roll No. 204); Pages H4398–99 Supplemental Report: The Committee on Armed Services received permission to file a supplemental report on H.R. 1588, National Defense Authorization for Fiscal Year 2004. Page H4402 National Defense Authorization for Fiscal Year 2004: The House completed general debate and began considering amendments to H.R. 1588, to authorize appropriations for fiscal year 2004 for military activities of the Department of Defense and to prescribe military personnel strengths for fiscal year 2004. Proceedings will resume on Thursday, May 22. Pages H4402–H4511 Pursuant to the rule, the amendment in the nature of a substitute recommended by the Committee on Armed Services and printed in the bill (H. Rept. 108–106) was considered as an original bill for the purpose of amendment. Pages H4419–92 Agreed To: Hunter amendment No. 1 printed in H. Rept. 108–120 that makes technical, clarifying changes; strikes Section 317(a) concerning the Endangered Species Act and maintains ‘‘prudent and determinable designation’’; and replaces Section 318(a) concerning Marine Mammal Protection Act to define harassment in the case of military readiness activities only (agreed to by recorded vote of 252 ayes to 175 noes, Roll No. 205); Pages H4492–93, H4497–98 Goode amendment No. 2 printed in H. Rept. 108–120 that authorizes the Secretary of Defense to assign members of the Army, Navy, Air Force, and Marine Corps to assist the Bureau of Border Security and the Customs Service at the request of the Secretary of Homeland Security (agreed to by recorded vote of 250 ayes to 179 noes, Roll No. 206); Pages H4494–97, H4498 Hoeffel amendment No. 5 printed in H. Rept. 108–120 that requires an annual report from the President on the strategic nuclear warheads dismantled pursuant to the treaty between the United States and the Russian Federation on Strategic Reductions; Pages H4506–07 Goss amendment No. 7 printed in H. Rept. 108–120 that requires the Secretary of Defense to assess the costs to the United States associated with the location of the headquarters of the North Atlantic Treaty Organization (NATO) in Brussels, Belgium and the costs and benefits of relocating that headquarters to a suitable location in another NATO member country; and Pages H4508–09 Hunter amendment No. 9 printed in H. Rept. 108–120 that expresses the sense of Congress that the expansion of the NATO alliance and the evolution of its military mission requires a fundamental Sfmt 0627"
137,CREC-2003-04-03-pt2-PgD352,1,"April 10, Full Committee, business meeting to consider comprehensive energy legislation, 10 a.m., SD–366. Committee on Environment and Public Works: April 8, Subcommittee on Clean Air, Climate Change, and Nuclear Safety, to hold hearings to examine S. 485, to amend the Clean Air Act to reduce air pollution through expansion of cap and trade programs, to provide an alternative regulatory classification for units subject to the cap and trade program, 2 p.m., SD–406. April 10, Subcommittee on Fisheries, Wildlife, and Water, to hold oversight hearings to examine the designation of critical habitat under the Endangered Species Act, 9:30 a.m., SD–406. Committee on Finance: April 8, to hold hearings to examine Enron, focusing on the Joint Committee on Taxation Report on compensation-related issues, 10 a.m., SD–215. April 9, Full Committee, to hold hearings to examine the annual report for 2003 of the Board of Trustees of the Federal Old Age and Survivors Insurance and Disability Insurance Trust Funds, 10 a.m., SD–215. Committee on Foreign Relations: April 8, to resume hearings to examine NATO enlargement, 9:30 a.m., SH–216. April 8, Subcommittee on International Economic Policy, Export and Trade Promotion, to hold hearings to examine global energy security issues, 2:30 p.m., SD–419. April 9, Full Committee, business meeting to consider proposed legislation entitled ‘‘Foreign Relations Authorization Act’’, to authorize appropriations for the Department of State, and United States international broadcasting activities, 9:30 a.m., SD–419. April 9, Full Committee, to hold hearings to examine the nominations of Joseph LeBaron, of Oregon, to be Ambassador to the Islamic Republic of Mauritania, Gregory W. Engle, of Colorado, to be Ambassador to the Togolese Republic, Wayne E. Neill, of Nevada, to be Ambassador to the Republic of Benin, and Helen R. Meagher La Lime, of Florida, to be Ambassador to the Republic of Mozambique, 3 p.m., SD–419. April 9, Full Committee, to hold hearings to examine the nominations of Heather M. Hodges, of Ohio, to be Ambassador to the Republic of Moldova, Eric S. Edelman, of Virginia, to be Ambassador to the Republic of Turkey, Ralph Frank, of Washington, to be Ambassador to the Republic of Croatia, Reno L. Harnish, of California, to be Ambassador to the Republic of Azerbaijan, and Stephen D. Mull, of Virginia, to be Ambassador to the Republic of Lithuania, 4:30 p.m., SD–419. Committee on Governmental Affairs: April 8, Subcommittee on Oversight of Government Management, the Federal Workforce, and the District of Columbia, to hold joint hearings with the House Subcommittee on Civil Service and Agency Organization to examine the federal government’s strategic human capital management and consider pending legislation on the federal workforce, 9:30 a.m., SD–342. April 9, Full Committee, to hold hearings to examine Homeland Security, 9:30 a.m., SD–342. April 10, Full Committee, to hold hearings to examine the nomination of Peter Eide, of Maryland, to be General Counsel of the Federal Labor Relations Authority, 9:30 a.m., SD–342. April 10, Full Committee, to hold hearings to examine prosecuting Iraqi war crimes, 12 noon, SD–342."
138,CREC-2011-10-07-pt1-PgD1068-6,1,"Frm 00004 Fmt 0627 Reuse and Management Act’’; and H.R. 358 the ‘‘Protect Life Act.’’ 3 p.m., H–313 Capitol. Committee on Science, Space, and Technology: October 12, Subcommittee on Research and Science Education, hearing entitled ‘‘What Makes for Successful K–12 STEM Education: A Closer Look at Effective STEM Education Approaches.’’ 10 a.m., 2318 Rayburn. October 12, Subcommittee on Space and Aeronautics, hearing entitled ‘‘The International Space Station: Lessons from the Soyuz Rocket Failure and Return to Flight.’’ 2 p.m., 2318 Rayburn. October 13, Subcommittee on Investigations and Oversight, hearing entitled ‘‘The Endangered Species Act: Reviewing the Nexus of Science and Policy.’’ 10 a.m., 2318 Rayburn. October 13, Subcommittee Energy and Environment, hearing entitled ‘‘Advancing Coal Research and Development for a Secure Energy Future.’’ 2 p.m., 2318 Rayburn. Committee on Small Business: October 12, full Committee, hearing entitled ‘‘LightSquared: The Impact to Small Business GPS Users.’’ 1 p.m., 2360 Rayburn. Committee on Transportation and Infrastructure: October 12, Subcommittee on Highways and Transit, hearing entitled ‘‘National Infrastructure Bank: More Bureaucracy and More Red Tape.’’ 10 a.m., 2167 Rayburn. October 13, Subcommittee on Economic Development, Public Buildings, and Emergency Management, hearing entitled ‘‘Streamlining Emergency Management: Improving Preparedness, Response, and Cutting Costs.’’ 8:30 a.m., 2167 Rayburn. Committee on Veterans’ Affairs: October 12, full Committee, hearing entitled ‘‘Failures at Miami VAMC: Window to a National Problem.’’ 10 a.m., 334 Cannon. House Permanent Select Committee on Intelligence: October 11, full Committee, hearing on ongoing intelligence activities, 4 p.m., HVC–304."
139,CREC-2005-09-28-pt1-PgD979,1,"Public Bills and Resolutions Introduced: 10 public bills, H.R. 3928–3937; and 2 resolutions, H. Con. Res. 255; and H. Res. 471 were introduced. Pages H8512–13 Additional Cosponsors: Pages H8513–14 Reports Filed: Reports were filed today as follows: H. Res. 468, waiving a requirement of clause 6(a) of rule XIII with respect to consideration of certain resolutions reported from the Committee on Rules (Rept. 109–238); H. Res. 469, providing for consideration of the joint resolution (H.J. Res. 68) making continuing appropriations for the fiscal year 2006, and for other purposes; for consideration of motions to suspend the rules; and addressing a motion to proceed under section 2908 of the Defense Base Closure and Realignment Act of 1990 (Rept. 109–239); and H. Res. 470, providing for consideration of the bill (H.R. 3824) to amend and reauthorize the Endangered Species Act of 1973 to provide greater results conserving and recovering listed species, and for other purposes (Rept. 109–240). Page H8512 Speaker: Read a letter from the Speaker wherein he appointed Representative Shaw to act as Speaker pro tempore for today. Page H8391 Chaplain: The prayer was offered today by Rev. Thomas Johns, Pastor, St. John Vianney Parish, Mentor, Ohio. Page H8391 Department of Homeland Security Appropriations Act, 2006—Motion to go to Conference: The House disagreed to the Senate amendment and agreed to a conference on H.R. 2360, to make appropriations for the Department of Homeland Security for the fiscal year ending September 30, 2006. Pages H8395–H8405 Rejected the Sabo motion to instruct conferees by a yea-and-nay vote of 196 yeas to 227 nays, Roll No. 497. Pages H8395–H8401, H8405 Appointed as conferees: Representatives Messrs. Rogers of Kentucky, Wamp, Latham, Mrs. Emerson, Messrs. Sweeney, Kolbe, Istook, LaHood, Crenshaw, Carter, Lewis of California, Sabo, Price of North Carolina, Serrano, Ms. Roybal-Allard, Messrs. Bishop of Georgia, Berry, Edwards, and Obey. Page H8406 SUSPENSIONS: The House agreed to suspend the rules and pass the following measures: Assistance for Individuals with Disabilities Affected by Hurricanes Katrina and Rita Act of 2005: H.R. 3864, amended, to provide vocational"
140,CREC-2011-05-11-pt1-PgD487,1,"Subcommittee on Transportation Security, markup of the following: H.R. 1690, MODERN Security Credentials Act; H.R. 1801, Risk-Based Security Screening for Members of The Armed Forces Act; and H.R. 1165, Transportation Security Administration Ombudsman Act of 2011. 11 a.m., 311 Cannon. Committee on Natural Resources, Subcommittee on Water and Power, hearing on the following: H.R. 470, to further allocate and expand the availability of hydroelectric power generated at Hoover Dam, and for other purposes; H.R. 489, to clarify the jurisdiction of the Secretary of the Interior with respect to the C.C. Cragin Dam and Reservoir, and for other purposes; and H.R. 818, to direct the Secretary of the Interior to allow for prepayment of repayment contracts between the United States and the Uintah Water Conservancy District. 10 a.m., 1334 Longworth. Subcommittee on Fisheries, Wildlife, Oceans, and Insular Affairs, hearing on the following: H.R. 295, to amend the Hydrographic Services Improvement Act of 1998 to authorize funds to acquire hydrographic data and provide hydrographic services specific to the Arctic for safe navigation, delineating the United States extended continental shelf, and the monitoring and description of coastal changes; H.R. 670, to convey certain submerged lands to the Commonwealth of the Northern Mariana Islands in order to give that territory the same benefits in its submerged lands as Guam, the Virgin Islands, and American Samoa have in their submerged lands; H.R. 991, to amend the Marine Mammal Protection Act of 1972 to allow importation of polar bear trophies taken in sport hunts in Canada before the date the polar bear was determined to be a threatened species under the Endangered Species Act of 1973; H.R. 1160, McKinney Lake National Fish Hatchery Conveyance Act; H.R. 1670, Sikes Act Amendments Act. 11 a.m., 1324 Longworth. Committee on Oversight and Government Reform, Subcommittee on Health Care, DC, Census and the National Archives, hearing entitled ‘‘The District of Columbia’s"
141,CREC-2014-07-17-pt1-PgD809,1,"transferred to the town of Tremont, Maine, and for other purposes (H. Rept. 113–535); H.R. 4562, to authorize early repayment of obligations to the Bureau of Reclamation within the Northport Irrigation District in the State of Nebraska (H. Rept. 113–536); H.R. 4315, to amend the Endangered Species Act of 1973 to require publication on the Internet of the basis for determinations that species are endangered species or threatened species, and for other purposes, with an amendment (H. Rept. 113–537); H.R. 4316, to amend the Endangered Species Act of 1973 to improve the disclosure of certain expenditures under that Act, and for other purposes, with an amendment (H. Rept. 113–538); H.R. 4317, to amend the Endangered Species Act of 1973 to require disclosure to States of the basis of determinations under such Act, to ensure use of information provided by State, tribal, and county governments in decisionmaking under such Act, and for other purposes (H. Rept. 113–539); and H.R. 4318, to amend the Endangered Species Act of 1973 to conform citizen suits under that Act with other existing law, and for other purposes (H. Rept. 113–540, Pt. 1). Page H6397 Motion to Instruct Conferees: The House rejected the Gallego motion to instruct conferees on H.R. 3230 by a yea-and-nay vote of 201 yeas to 213 nays, Roll No. 430. The motion was debated yesterday, July 16th. Pages H6363–64 Fighting Hunger Incentive Act of 2014: The House passed H.R. 4719, to amend the Internal Revenue Code of 1986 to permanently extend and expand the charitable deduction for contributions of food inventory, by a yea-and-nay vote of 277 yeas to 130 nays, Roll No. 432. Pages H6357–78 Rejected the Van Hollen motion to recommit the bill to the Committee on Ways and Means with instructions to report the same back to the House forthwith with an amendment, by a yea-and-nay vote of 185 yeas to 227 nays, Roll No. 431. Pages H6375–78 Pursuant to the rule, an amendment in the nature of a substitute consisting of the text of Rules Committee Print 113–51 shall be considered as adopted, in lieu of the amendment in the nature of a substitute recommended by the Committee on Ways and Means now printed in the bill. Page H6364 H. Res. 670, the rule providing for consideration of the bill, was agreed to by a recorded vote of 230 DSKD7QTVN1PROD with CONG-REC-ONLINE ayes to 183 noes, Roll No. 429, after the previous question was ordered by a yea-and-nay vote of 226 yeas to 186 nays, Roll No. 428. Pages H6362–63 VerDate Sep 11 2014 13:31 Oct 05, 2015 Jkt 000000"
142,CREC-2018-11-27-pt1-PgD1206,1,"115–1043); H.R. 3121, to require the purchase of domestically made flags of the United States of America for use by the Federal Government, with an amendment (H. Rept. 115–1044); H.R. 3154, to amend the Inspector General Act of 1978 relative to the powers of the Department of Justice Inspector General (H. Rept. 115–1045); H.R. 6777, to amend chapter 3 of title 5, United States Code, to require the publication of settlement agreements, and for other purposes (H. Rept. 115–1046); H.R. 3588, to amend the Magnuson-Stevens Fishery Conservation and Management Act to provide for management of red snapper in the Gulf of Mexico, and for other purposes (H. Rept. 115–1047); H.R. 3608, to amend the Endangered Species Act of 1973 to require publication on the Internet of the basis for determinations that species are endangered SSpencer on DSKBBXCHB2PROD with DIGEST species or threatened species, and for other purposes (H. Rept. 115–1048); H.R. 4731, to extend the retained use estate for the Caneel Bay resort in St. John, United States VirVerDate Sep 11 2014 06:39 Nov 28, 2018 Jkt 089060"
143,CREC-2018-11-27-pt1-PgD1206,2,"gin Islands, and for other purposes, with an amendment (H. Rept. 115–1049); H.R. 6346, to amend the Endangered Species Act of 1973 to provide for consideration of the totality of conservation measures in determining the impact of proposed Federal agency action (H. Rept. 115–1050); H.R. 6345, to provide for greater county and State consultation with regard to petitions under the Endangered Species Act of 1973, and for other purposes (H. Rept. 115–1051); H.R. 6365, to establish the Treaty of Guadalupe Hidalgo Land Grant-Merced Claims Commission and other Federal policies for the restoration of land for hardships resulting from the incomplete and inequitable implementation of the Treaty of Guadalupe Hidalgo, to affirm Land Grant-Merced property rights protected by the Treaty of Guadalupe Hidalgo, and for other purposes, with an amendment (H. Rept. 115–1052); and H.R. 6678, to direct the Secretary of the Interior to convey certain National Park Service land in Fairfax County, Virginia, to the Friends of the Claude Moore Farm (H. Rept. 115–1053). Pages H9666–67 Speaker: Read a letter from the Speaker wherein he appointed Representative Mitchell to act as Speaker pro tempore for today. Page H9577 Recess: The House recessed at 12:18 p.m. and reconvened at 2 p.m. Page H9579 Journal: The House agreed to the Speaker’s approval of the Journal by voice vote. Pages H9579, H9657 Recess: The House recessed at 2:07 p.m. and reconvened at 4:10 p.m. Page H9580"
144,CREC-2014-07-15-pt1-PgD790,1,"Full Committee, to hold hearings to examine consumer choice, consolidation and the future video marketplace, 2:30 p.m., SH–216. Committee on Environment and Public Works: Subcommittee on Water and Wildlife, to hold hearings to examine S. 571, to amend the Federal Water Pollution Control Act to establish a deadline for restricting sewage dumping into the Great Lakes and to fund programs and activities for improving wastewater discharges into the Great Lakes, S. 1153, to establish an improved regulatory process for injurious wildlife to prevent the introduction and establishment in the United States of nonnative wildlife and wild animal pathogens and parasites that are likely to cause harm, S. 1175, to require the Secretary of the Treasury to establish a program to provide loans and loan guarantees to enable eligible public entities to acquire interests in real property that are in compliance with habitat conservation plans approved by the Secretary of the Interior under the Endangered Species Act of 1973, S. 1202, to establish an integrated Federal program to respond to ongoing and expected impacts of extreme DSKD7QTVN1PROD with CONG-REC-ONLINE weather and climate change by protecting, restoring, and conserving the natural resources of the United States, and to maximize government efficiency and reduce costs, in cooperation with State, local, and tribal governments and VerDate Sep 11 2014 13:28 Oct 05, 2015 Jkt 000000"
145,CREC-1995-03-02-pt1-PgD274-2,1,"Committee on Environment and Public Works: Subcommittee on Drinking Water, Fisheries and Wildlife held oversight hearings on the implementation of Section 7 of the Endangered Species Act by the Forest Service and the National Marine Fisheries"
146,CREC-2020-09-23-pt1-PgD838-2,1,"Committee on Environment and Public Works: Committee concluded a hearing to examine S. 4589, to amend the Endangered Species Act of 1973 to increase transparency, to support regulatory certainty, and to reauthorize that Act, focusing on modernizing the Endangered Species Act, after receiving testimony from Wyoming Governor Mark Gordon, Cheyenne; Liesa Priddy, Florida Cattlemen’s Association, Immokalee, on behalf of the National Cattlemen’s Beef Association; and Jamie Rappaport Clark, Defenders of Wildlife, Leesburg, Virginia."
147,CREC-1998-03-05-pt1-PgD180,1,"Committee on Resources: Held an oversight hearing on Endangered Species Act. Testimony was heard from Jamie Rappaport Clark, Director, Fish and Wildlife Service, Department of the Interior; and Rolland Schmitten, Director, National Marine Fisheries Service, Department of Commerce."
148,CREC-2016-02-03-pt1-PgD96,1,"Committee on Environment and Public Works: Committee concluded a hearing to examine the Stream Protection Rule, focusing on impacts on the environment and implications for Endangered Species Act and Clean Water Act implementation, after receiving testimony from Joseph G. Pizarchik, Director, Office of Surface Mining Reclamation and Enforcement, Department of the Interior; Lanny E. Erdos, Ohio Department of Natural Resourses Chief of the Division of Mineral Resources Management, Columbus; Clay Larkin, Kentucky Coal Association, Lexington; and Matt Wasson, Appalachian Voices, Boone, North Carolina."
149,CREC-2011-10-06-pt1-PgD1062-2,1,"Frm 00009 Fmt 0627 Commission Six Years after U.S. v. Booker.’’ 3 p.m., 2141 Rayburn. Committee on Natural Resources, October 12, full Committee, hearing entitled ‘‘One Year after President Obama’s Gulf of Mexico 6-Month Moratorium Officially Lifted: Examining the Lingering Impacts on Jobs, Energy Production and Local Economies.’’ 10 a.m., 1324 Longworth. October 13, full Committee, hearing entitled ‘‘BOEMRE/U.S. Coast Guard Joint Investigation Team Report.’’ 10 a.m., 1324 Longworth. Committee on Oversight and Government Reform, October 12, Subcommittee on National Security, Homeland Defense and Foreign Operations, hearing entitled ‘‘Status Report on the Transition to a Civilian-Led Mission in Iraq.’’ 10 a.m., 2154 Rayburn. October 12, Subcommittee on Regulatory Affairs, Stimulus Oversight and Government Spending, hearing entitled ‘‘Running on Empty: How the Obama Administration’s Green Energy Gamble Will Impact Small Business and Consumers.’’ 10 a.m., 2247 Rayburn. Committee on Science, Space, and Technology, October 12, Subcommittee on Research and Science Education, hearing entitled ‘‘What Makes for Successful K–12 STEM Education: A Closer Look at Effective STEM Education Approaches.’’ 10 a.m., 2318 Rayburn. October 12, Subcommittee on Space and Aeronautics, hearing entitled ‘‘The International Space Station: Lessons from the Soyuz Rocket Failure and Return to Flight.’’ 2 p.m., 2318 Rayburn. October 13, Subcommittee on Investigations and Oversight, hearing entitled ‘‘The Endangered Species Act: Reviewing the Nexus of Science and Policy.’’ 10 a.m., 2318 Rayburn. October 13, Subcommittee Energy and Environment, hearing entitled ‘‘Advancing Coal Research and Development for a Secure Energy Future.’’ 2 p.m., 2318 Rayburn. Committee on Small Business, October 12, full Committee, hearing entitled ‘‘LightSquared: The Impact to Small Business GPS Users.’’ 1 p.m., 2360 Rayburn. Committee on Transportation and Infrastructure, October 12, Subcommittee on Highways and Transit, hearing entitled ‘‘National Infrastructure Bank: More Bureaucracy and More Red Tape.’’ 10 a.m., 2167 Rayburn. October 13, Subcommittee on Economic Development, Public Buildings, and Emergency Management, hearing entitled ‘‘Streamlining Emergency Management: Improving Preparedness, Response, and Cutting Costs.’’ 8:30 a.m., 2167 Rayburn. Committee on Veterans’ Affairs, October 12, full Committee, hearing entitled ‘‘Failures at Miami VAMC: Window to a National Problem.’’ 10 a.m., 334 Cannon. House Permanent Select Committee on Intelligence, October 11, full Committee, hearing on ongoing intelligence activities, 4 p.m., HVC–304."
150,CREC-2000-06-20-pt1-PgD630,1,"Frm 00008 International Trade and the Environment, 2 p.m., 2255 Rayburn. Committee on the Judiciary, to mark up the following bills: H.R. 3380, Military Extraterritorial Jurisdiction Act of 1999; H.R. 3485, Justice for Victims of Terrorism Act; H.R. 1349, Federal Prisoner Health Care Copayment Act of 1999; H.R. 1248, Violence Against Women Act; H.R. 3918, Immigration Reorganization and Improvement Act of 1999; and H.R. 4194, Small Business Merger Fee Reduction Act of 2000, 10 a.m., 2141 Rayburn. Committee on Resources, to mark up the following bills: S. 986, Griffith Project Prepayment and Conveyance Act; H.R. 1113, Colusa Basin Watershed Integrated Resources Management Act; H.R. 1142, Landowners Equal Treatment Act of 1999; S. 1275, Hoover Dam Miscellaneous Sales Act; H.R. 1787, Deschutes Resources Conservancy Reauthorization Act of 1999; H.R. 2984, to direct the Secretary of the Interior, through the Bureau of Reclamation, to convey to the Loup Basin Reclamation District, the Sargent River Irrigation District, and the Farwell Irrigation District, Nebraska, property comprising the assets of the Middle Loup Division of the Missouri River Basin Project, Nebraska; H.R. 3160, Common Sense Protections for Endangered Species Act; H.R. 3241, to direct the Secretary of the Interior to recalculate the franchise fee owed by Fort Sumter Tours, Inc., a concessioner providing service to Fort Sumter National Monument in South Carolina; H.R. 3595, to increase the authorization of appropriations for the Reclamation Safety of Dams Act of 1978; H.R. 4148, Tribal Contract Support Cost Technical Amendments of 2000; and H.R. 4389, to direct the Secretary of the Interior to convey certain water distribution facilities to the Northern Colorado Water Conservancy District, 11 a.m., 1324 Longworth. Committee on Small Business, hearing on Improving SBA’s Office of Advocacy, 10 a.m., 2360 Rayburn. Committee on Transportation and Infrastructure, to mark up the following: H.R. 4210, Preparedness Against Terrorism Act of 2000; H.R. 1959, to designate the Federal building located at 743 East Durango Boulevard in San Antonio, Texas, as the ‘‘Adrian A. Spears Judicial Training Center’’; H.R. 3323, to designate the Federal building located at 158–15 Liberty Avenue in Jamaica, Queens, New York, as the ‘‘Floyd H. Flake Federal Building’’; H.R. 4519, Baylee’s Law; H.R. 4608, to designate the United States courthouse located at 220 West Depot Street in Greeneville, Tennessee, as the ‘‘James H. Quillen United States Courthouse’’; GSA’s repair and alteration; GSA’s design program; GSA’s non-courthouse construction program; Three out-of-cycle leases; Corps of Engineers Survey Resolutions; and other pending business, 10 a.m., 2167 Rayburn. Committee on Ways and Means, to mark up H.R. 4680, Medicare RX 2000 Act, 2 p.m., 1100 Longworth. Permanent Select Committee on Intelligence, executive, to consider pending business, 12:30 p.m., H–405 Capitol."
151,CREC-2004-07-16-pt1-PgD785-3,1,"Committee on the Judiciary, July 20, hearing on the following bills: H.R. 1787,Good Samaritan Volunteer Firefighter Assistance Act of 2003; H.R. 3369, Nonprofit Athletic Organization Protection Act of 2003; and H.R. 1084, Volunteer Pilot Organization Protection Act, 10 a.m., 2141 Rayburn. July 20, Subcommittee on the Constitution, hearing on H.R. 1755, Child Custody Protection Act, 2 p.m., 2141 Rayburn. July 21, Subcommittee on Commercial and Administrative Law, oversight hearing on the Administration of Large Business Bankruptcy Reorganizations: Has Competition for Big Cases Corrupted the Bankruptcy System? 3 p.m., 2141 Rayburn. Committee on Resources, July 20, Subcommittee on National Parks, Recreation and Public Lands, hearing on the following bills: H.R. 3176, Ojito Wilderness Act; and H.R. 4593, Lincoln County Conservation, Recreation, and Development Act of 2004, 10 a.m., 1334 Longworth. July 21, full Committee, to mark up the following bills: H.R. 1662, Sound Science for Endangered Species Act Planning Act of 2003; and H.R. 2933, Critical Habitat Reform Act of 2003; 10 a.m., followed by an oversight hearing on the Guam War Claims Commission Report, 12 p.m., 1324 Longworth. July 22, Subcommittee on Forests and Forest Health, hearing on the following bills: H.R. 822, Wild Sky Wilderness Act of 2003; H.R. 4806, Pine Springs Land Exchange Act; and H.R. 4838, Health Forest Youth Conservation Corps Act of 2004, 11 a.m., 1334 Longworth. Committee on Rules, July 19, to consider the following: District of Columbia Appropriations Act, 2005; H.R. 4837, making appropriations for military construction, family housing, and base realignment and closure for the Department of Defense for the fiscal year ending September 30, 2005; and H.R. 3574, Stock Option Accounting Reform Act, 5 p.m., H–313, Capitol. Committee on Science, July 21, hearing on Cybersecurity Education—Meeting the Needs of Technology Workers and Employers, 10 a.m., 2318 Rayburn. Committee on Small Business, July 21, Subcommittee on Rural Enterprises, Agriculture and Technology, hearing entitled ‘‘Tax Incentives for Homeland Security Related Expenses,’’ 10 a.m., 2360 Rayburn. July 22, Subcommittee on Regulatory Reform and Oversight, hearing Small Business Liability Reform, 2 p.m., 311 Cannon. Committee on Transportation and Infrastructure, July 20, Subcommittee on Economic Development, Public Buildings and Emergency Management, to mark up the GSA’s Fiscal Year 2005 Capital Investment and Leasing Program, and other pending business, 10 a.m., 2253 Rayburn. July 20, Subcommittee on Water Resources and Environment, oversight hearing on Ensuring Value from EPA Grants, 2 p.m., 2167 Rayburn. July 21, full Committee, to mark up the following: GSA’s Fiscal Year 2005 Capital Investment and Leasing Program Resolutions; U.S. Army Corps of Engineers Survey Resolution; H.R. 784, amended, Water Quality Investment Act of 2003; H.R. 4470, to amend the Federal"
152,CREC-1997-09-26-pt1-PgD1018,1,"Committee on Environment and Public Works: September 30, business meeting, to mark up S. 1180, to authorize funds for programs of the Endangered Species Act, 9:30 a.m., SD–406. Committee on Foreign Relations: October 1, Subcommittee on Near Eastern and South Asian Affairs, to hold hearings to examine recent events in Algeria, 10 a.m.,"
153,CREC-2017-02-10-pt1-PgD143-4,1,"Committee on Commerce, Science, and Transportation: February 15, Subcommittee on Surface Transportation and Merchant Marine Infrastructure, Safety and Security, to hold hearings to examine stakeholder perspectives on our multimodal transportation system, 2:30 p.m., SR–253. February 16, Subcommittee on Aviation Operations, Safety, and Security, to hold hearings to examine stakeholder perspectives on improving the Transportation Security Administration for the security of the traveling public, 10:30 a.m., SR–253. Committee on Environment and Public Works: February 15, to hold an oversight hearing to examine modernization of the Endangered Species Act, 10 a.m., SD–406. Committee on Finance: February 16, to hold hearings to examine the nomination of Seema Verma, of Indiana, to be Administrator of the Centers for Medicare and Medicaid Services, Department of Health and Human Services, 10 a.m., SD–215. Committee on Foreign Relations: February 15, to hold hearings to examine ending modern slavery, focusing on building on success, 10 a.m., SD–419. Committee on Health, Education, Labor, and Pensions: February 16, to hold hearings to examine the nomination of Andrew F. Puzder, of Tennessee, to be Secretary of Labor, 10 a.m., SD–430."
154,CREC-2011-10-04-pt1-PgD1044,1,"Committee on Foreign Affairs, Full Committee, markup of the following: H.R. 2830, to authorize appropriations for fiscal years 2012 and 2013 for the Trafficking Victims Protection Act of 2000, and for other purposes; and H.R. 2059, to prohibit funding to the United Nations Population Fund; and legislation to authorize appropriations for fiscal years 2012 and 2013 for the Trafficking Victims Protection Act of 2000, and for other purposes. 10 a.m., 2172 Rayburn. Committee on Homeland Security, Subcommittee on Counterterrorism and Intelligence, hearing entitled ‘‘Intelligence Sharing and Terrorist Travel: How DHS Addresses the Mission of Providing Security, Facilitating Commerce and Protecting Privacy for Passengers Engaged in International Travel.’’ 10 a.m., 311 Cannon. Committee on the Judiciary, Subcommittee on Crime, Terrorism, and Homeland Security, hearing entitled ‘‘The Implementation of Certain International Nuclear and Maritime Terrorism Agreements.’’ 10 a.m., 2141 Rayburn. Subcommittee on Immigration Policy and Enforcement, markup to request a Department of Homeland Security Departmental Report on the Beneficiary of H.R. 1857, for the relief of Bartosz Kumor; followed by a hearing entitled ‘‘STEM the Tide: Should America Try To Prevent an Exodus of Foreign Graduates of U.S. Universities with Advanced Science Degrees?’’ 1:30 p.m., 2141 Rayburn. Committee on Natural Resources, Full Committee, markup of the following: H.R. 306, the ‘‘Corolla Wild Horses Protection Act’’; H.R. 443, to provide for the conveyance of certain property from the United States to the Maniilaq Association located in Kotzebue, Alaska; H.R. 588, to redesignate the Noxubee National Wildlife Refuge as the Sam D. Hamilton Noxubee National Wildlife Refuge; H.R. 850, to facilitate a proposed project in the Lower St. Croix Wild and Scenic River, and for other purposes; H.R. 991, to amend the Marine Mammal Protection Act of 1972 to allow importation of polar bear trophies taken in sport hunts in Canada before the date the polar bear was determined to be a threatened species under the Endangered Species Act of 1973; H.R. 1162, to provide the Quileute Indian Tribe Tsunami and Flood Protection, and for other purposes; H.R. 1461, the ‘‘Mescalero Apache Tribe Leasing Authorization Act’’; H.R. 1466, to resolve the status of certain persons legally residing in the Commonwealth of the Northern Mariana Islands under the immigration laws of the United States; H.R. 1505, the ‘‘National Security and Federal Lands Protection Act’’; H.R. 1556, to amend the Omnibus Indian Advancement Act to allow certain land to be used"
155,CREC-2005-07-15-pt1-PgD762,1,"Frm 00004 Fmt 0627 Sf July 21, full Committee, hearing entitled ‘‘Controlling Restricted Airspace: An Examination of the Management and Coordination of Our National Air Defense,’’ 10 a.m., 2154 Rayburn. Committee on Homeland Security, July 19, Subcommittee on Economic Security, Infrastructure Protection, and Cybersecurity, to continue hearings entitled ‘‘Leveraging Technology to Improve Aviation Security, Part II,’’ 2 p.m., room to be announced. July 19, Subcommittee on Emergency Preparedness, Science, and Technology and the Subcommittee on Management, Integration, and Oversight, to continue joint hearings entitled ‘‘The National Training Program: Is Anti-Terrorism Training for First Responders Efficient and Effective, Part II,’’ 9:30 a.m., room to be announced. July 20, Subcommittee on Intelligence, Information Sharing, and Terrorism Risk Assessment, hearing entitled ‘‘A Progress Report on Information Sharing for Homeland Security,’’ 10 a.m., room be announced. Committee on International Relations, July 21, Subcommittee on Africa, Global Human Rights and International Operations, hearing on Falun Gong and China’s Continuing War on Human Rights, 2 p.m., 2172 Rayburn. Committee on the Judiciary, July 19, Subcommittee on the Constitution, oversight hearing on Can Congress Create A Race-Based Government?: The Constitutionality of H.R. 309, Native Hawaiian Government Reorganization Act of 2005, and S.147, Native Hawaiian Government Reorganization Act of 2005, 2 p.m., 2141 Rayburn. July 19, Subcommittee on the Constitution, hearing on H. Res. 97, Expressing the sense of the House of Representatives that judicial determinations regarding the meaning of the Constitution of the United States should not be based on judgments, laws, or pronouncements of foreign institutions unless such foreign judgments, laws, or pronouncements inform an understanding of the original meaning of the Constitution of the United States, and the Appropriate Role of Foreign Judgements in the Interpretation of American Law, 4 p.m., 2141 Rayburn. Committee on Resources, July 19, oversight hearing entitled ‘‘The Status of the Eastern Oyster (Crassostrea virginica) and the Petition to List the Eastern Oyster as Endangered or Threatened under the Endangered Species Act,’’ 2 p.m., 1324 Longworth. July 19, Subcommittee on Water and Power, oversight hearing entitled ‘‘Maintaining and Upgrading the Bureau of Reclamation’s Facilities to Improve Power Generation, Enhance Water Supply and Keep our Homeland Secure,’’ 11 a.m., 1324 Longworth. July 21, Subcommittee on Fisheries and Oceans, hearing on the following bills: H.R. 1494, Electronic Duck Stamp Act of 2005; and H.R. 3179, Junior Duck Stamp Reauthorization Amendments Act of 2005, 10 a.m., 1324 Longworth. Committee on Rules, July 18, to consider H.R. 2601, Foreign Relations Authorization Act, Fiscal Years 2006 and 2007, 2:30 p.m., H–313 Capitol. July 19, to consider H.R. 3070, National Aeronautics and Space Administration Authorization Act of 2005, 4 p.m., H–313 Capitol. mt 0627"
156,CREC-2007-05-08-pt1-PgD640,1,"House Committee on Agriculture, hearing to review the impact of imported contaminated food and feed ingredients and of recent food safety emergencies on food safety and animal health systems, 11 a.m., 1300 Longworth. Committee on Appropriations, Subcommittee on Defense, on Guantanamo, Panel I, executive, and Panel II, open, 10 a.m., H–140 Capitol. Committee on Armed Services, to mark up H.R. 1585, National Defense Authorization for Fiscal Year 2008, 9 a.m., 2118 Rayburn. Committee on Energy and Commerce, Subcommittee on Health, hearing entitled ‘‘Assessing the Safety of Our Nation’s Drug Supply,’’ 10 a.m., 2123 Rayburn. Committee on Foreign Affairs, Subcommittee on International Organizations, Human Rights and Oversight, hearing on the Economic and Military Support for the U.S. Efforts in Iraq: The Coalition of the Willing, Then and Now, 2 p.m., 2172 Rayburn. Committee on Homeland Security, Subcommittee on Emergency Communications, Preparedness and Response, hearing entitled ‘‘Assessing the Capabilities and Coordination of Federal Emergency Response Teams,’’ 10 a.m., 1539 Rayburn. Committee on the Judiciary, Subcommittee on Immigration, Citizenship, Refugees, Border Security, and International Law, to continue hearings on the U.S. Economy, U.S. Workers, and Immigration Reform, 10 a.m., 2141 Rayburn. Committee on Natural Resources, oversight hearing on Endangered Species Act Implementation: Science or Politics? 10 a.m., 1324 Longworth. Committee on Oversight and Government Reform, Subcommittee on Government Management, Organization, and Procurement, to consider the following bills: H.R."
157,CREC-2000-02-29-pt1-PgD138,1,"Frm 00008 Committee on Education and the Workforce, Subcommittee on Early Childhood, Youth, and Families, hearing on Building a Nation: The Role of Character Education in America’s Schools, 10:30 a.m., 2175 Rayburn. Subcommittee on Oversight and Investigations, hearing on Financial Management at the Department of Education, 10:30 a.m., 2261 Rayburn. Committee on Government Reform, hearing on ‘‘The Role of Yah Lin ‘Charlie’ Trie in Illegal Political Fundraising,’’ 10 a.m., 2154 Rayburn. Committee on International Relations, hearing on U.S. Policy Toward OPEC, 10 a.m., 2128 Rayburn. Committee on the Judiciary, to continue consideration of the Committee Budget Views and Estimates for Fiscal Year 2001 for submission to the Committee on the Budget and to mark up the following bills: H.R. 1443, Traffic Stops Statistics Study Act of 1999; H.R. 2372, Private Property Rights Implementation Act of 1999; and H.R. 1283, Fairness in Asbestos Compensation Act of 1999, 10 a.m., 2141 Rayburn. Committee on Resources, hearing on H.R. 3160, Common Sense Protections for Endangered Species Act, 11 a.m., 1324 Longworth. Committee on Rules, to consider the following: H.R. 5, Senior Citizens’ Freedom to Work Act of 2000, and a resolution providing for consideration of Motions to Suspend the Rules, 3 p.m., H–313 Capitol. Committee on Science, Subcommittee on Energy and Environment, hearing on Fiscal Year 2001 Budget Authorization Request: Department of Energy, 1 p.m., 2318 Rayburn. Subcommittee on Technology, hearing on FAA Research and Development Fiscal Year 2001 Budget Review, 10:30 a.m., 2318 Rayburn. Committee on Small Business, hearing on Small Business Administration Reauthorization and Fiscal Year 2001 Budget Request, 10 a.m., 2360 Rayburn. Committee on Transportation and Infrastructure, Subcommittee on Aviation, to continue hearings on the FAA’s Budget request and funding needs, 9:30 a.m., 2167 Rayburn. Subcommittee on Water Resources and Environment, hearing on restoration of the Everglades and South Florida Ecosystem, 1 p.m., 2167 Rayburn. Permanent Select Committee on Intelligence, executive, to consider pending business, 1 p.m., and, executive, hearing on the FBI, 1:15 p.m., H–405 Capitol."
158,CREC-2023-09-20-pt1-PgD902,1,"the list of endangered and threatened wildlife under the Endangered Species Act of 1973 (H. Rept. 118–206); and H.R. 5110, to amend the Elementary and Secondary Education Act of 1965 to clarify that the prohibition on the use of Federal education funds for certain weapons does not apply to the use of such weapons for training in archery, hunting, or other shooting sports, with an amendment (H. Rept. 118–207). Page H4436 Speaker: Read a letter from the Speaker wherein he appointed Representative Thompson (PA) to act as Speaker pro tempore for today. Page H4411 Recess: The House recessed at 10:51 a.m. and reconvened at 12 p.m. Page H4417 Committee Election: The House agreed to H. Res. 704, electing a Member to a certain standing committee of the House of Representatives. Page H4419 Recess: The House recessed at 1:15 p.m. and reconvened at 1:50 p.m. Page H4425 National Defense Authorization Act for Fiscal Year 2024: The House failed to agree to the motion to instruct conferees on H.R. 2670, to authorize appropriations for fiscal year 2024 for military activities of the Department of Defense and for military construction, and for defense activities of the Department of Energy, and to prescribe military personnel strengths for such fiscal year, by a yea-and-nay vote of 205 yeas to 214 nays, Roll No. 400. Page H4426 Suspensions—Proceedings Resumed: The House agreed to suspend the rules and pass the following measures. Consideration began Monday, September 18th. Veterans Benefits Improvement Act of 2023: H.R. 1530, amended, to amend title 38, United States Code, to improve the requirement to publish disability benefit questionnaire forms of Department of Veterans Affairs, by a 2⁄3 yea-and-nay vote of 423 yeas with none voting ‘‘nay’’, Roll No. 401; Pages H4426–27 Wounded Knee Massacre Memorial and Sacred Site Act: H.R. 3371, to direct the Secretary of the Interior to complete all actions necessary for certain land to be held in restricted fee status by the Oglala Sioux Tribe and Cheyenne River Sioux Tribe; and Page H4427 Amending the Permanent Electronic Duck Stamp Act of 2013 to allow States to issue elecdmwilson on DSKJM0X7X2PROD with DIGEST tronic stamps under such Act: H.R. 2872, amended, to amend the Permanent Electronic Duck Stamp Act of 2013 to allow States to issue electronic stamps under such Act; Page H4427 VerDate Sep 11 2014 04:32 Sep 21, 2023 Jkt 039060"
159,CREC-2002-06-19-pt1-PgD644,1,"Committee on Resources: Held a hearing on H.R. 4840, Sound Science for Endangered Species Act Planning Act of 2002. Testimony was heard from Craig Manson, Assistant Secretary, Fish, Wildlife, and Parks, Department of the Interior; and William Hogarth, Assistant Administrator, Fisheries, NOAA, Department of Commerce."
160,CREC-2011-12-05-pt1-PgD1315-2,1,"House Committee on Financial Services: Full Committee, hearing on H.R. 1148, the ‘‘Stop Trading on Congressional Knowledge Act.’’ 10 a.m., 2128 Rayburn. Committee on Homeland Security: Subcommittee on Cybersecurity, Infrastructure Protection and Security Technologies, hearing entitled ‘‘Hearing on Draft Legislative Proposal on Cybersecurity.’’ 10 a.m., 311 Cannon. Subcommittee on Counterterrorism and Intelligence, hearing entitled ‘‘Jihadist Use of Social Media—How to Prevent Terrorism and Preserve Innovation.’’ 2 p.m., 311 Cannon. Committee on the Judiciary: Subcommittee on the Constitution, hearing on H.R. 3541, the ‘‘Susan B. Anthony and Frederick Douglass Prenatal Nondiscrimination Act (PRENDA) of 2011.’’ 1 p.m., 2141 Rayburn. Committee on Natural Resources: Full Committee, hearing entitled ‘‘The Endangered Species Act: How Litigation is Costing Jobs and Impeding True Recovery Efforts.’’ 10 a.m., 1324 Longworth. Committee on Rules: Full Committee, hearing on H.R. 1633, the ‘‘Farm Dust Regulation Prevention Act of 2011.’’ 3 p.m., H–313 Capitol. Committee on Science, Space, and Technology: Full Committee, hearing entitled ‘‘The Next Great Observatory: Assessing the James Webb Space Telescope.’’ 10 a.m., 2318 Rayburn. Committee on Transportation and Infrastructure: Full Committee, hearing entitled ‘‘The Federal Railroad Administration’s High Speed and Intercity Passenger Rail Program: Mistakes and Lessons Learned.’’ 11 a.m., 2167 Rayburn."
161,CREC-2005-09-15-pt1-PgD925,1,"Incentives in the Endangered Species Act.’’ Testimony was heard from Representative Pombo; Mike Wells, Chief of Water Resources, Department of Natural Resources, State of Missouri; and public witnesses."
162,CREC-2006-03-15-pt1-PgD250-2,1,"Frm 00011 Fmt 0627 Subcommittee on Africa, Global Human Rights and International Operations, hearing on Monitoring Respect for Human Rights Around the World: A Review of the Country Reports on Human Rights Practices for 2005, 2 p.m., 2172 Rayburn. Committee on the Judiciary, Subcommittee on Crime, Terrorism and Homeland Security, oversight hearing on United States v. Booker: One Year Later—Chaos or Status Quo? 10:30 a.m., 2141 Rayburn. Committee on Resources, hearing on H.R. 4857, To better inform consumers regarding costs associated with compliance for protecting endangered and threatened species under the Endangered Species Act of 1973, 3 p.m., 1324 Longworth. Subcommittee on Energy and Mineral Resources, oversight hearing on the Department of the Interior and United States Forest Service Budgets for Fiscal Year 2007 Energy and Mineral Programs, 10 a.m., 1334 Longworth. Subcommittee on Fisheries and Oceans, oversight hearing on the Impact of Hurricanes Katrina and Rita on the National Wildlife Refuge System, 10 a.m., 1324 Longworth. Subcommittee on National Parks, oversight hearing entitled ‘‘National Park Service business strategies, including the development and implementation of National Park Service business plans,’’ 2 p.m., 1324 Longworth Committee on Science, Subcommittee on Environment, Technology, and Standards, hearing on EPA’s Fiscal Year 2007 Science and Technology Budget Proposal, 10 a.m., 2318 Rayburn. Committee on Small Business, Subcommittee on Regulatory Reform and Oversight, hearing on the State of Small Business Security in a Cyber Economy, 2 p.m., 2360 Rayburn. Committee on Transportation and Infrastructure, Subcommittee on Highways, Transit and Pipelines, oversight hearing on Pipeline Safety, 10 a.m., 2167 Rayburn. Committee on Veterans’ Affairs, Subcommittee on Disability Assistance and Memorial Affairs, oversight hearing on the accuracy of benefits information provided to, and the quality of service received by, individuals calling into the Veterans Benefits Administration, 2 p.m., 334 Cannon. Committee on Ways and Means, Subcommittee on Select Revenue Measures, hearing on the Use of Tax-Preferred Bond Financing, 10:30 a.m., 1100 Longworth. Subcommittee on Social Security, to continue hearings on Social Security Number High-Risk Issues, 10 a.m., B–318 Rayburn. Permanent Select Committee on Intelligence, executive, briefing on Global/Updates, 9 a.m., H–405 Capitol. Select Bipartisan Committee to Investigate the Preparation for and Response to Hurricane Katrina, to consider the Select Committee’s Supplemental Report and Document Annex, 1:15 p.m., 2154 Rayburn."
163,CREC-1996-07-19-pt1-PgD776-5,1,"July 23, Subcommittee on the Constitution, hearing on legislation to further protect religious freedom, 9:30 a.m., 2141 Rayburn. July 23, Subcommittee on Courts and Intellectual Property, to mark up the following: Federal Courts Improvement Act; S. 533, to clarify the rules governing removal of cases to Federal court; and S. 677, to repeal a redundant venue provision, 10 a.m., B352 Rayburn. July 24, Subcommittee on Commercial and Administrative Law, oversight hearing on the U.S. Trustee Program, 10 a.m., 2226 Rayburn. July 24, Subcommittee on the Constitution, oversight hearing on the U.S. Commission on Civil Rights, 10 a.m., 2237 Rayburn. July 24 and 25, Subcommittee on Crime, hearings on the Administration’s efforts against the influence of organized crime in the Laborer’s International Union of North America, 9:30 a.m., 2141 Rayburn. July 25, Subcommittee on Commercial and Administrative Law, oversight hearing to review whether Congress should adopt legislation that would exempt from local taxation wireless service providers who transmit satellitedelivered video programming, 10 a.m., 2226 Rayburn. Committee on Resources, July 23, hearing on H.R. 3061, to resolve certain conveyances under the Alaska Native Claims Settlement Act related to Cape Fox Corporation, 11 a.m., 1324 Rayburn. July 23, Subcommittee on National Parks, Forests and Lands, oversight hearing on the Forest Service’s implementation of the Administration’s Forest Plan, 10 a.m., 1334 Longworth. July 24, full committee, to hold an oversight hearing on implementation of the Endangered Species Act with regard to Section 10(a) permits (Habit Conservation Plan) and other incentives, 2 p.m., 1324 Longworth. July 24, Subcommittee on Native American and Insular Affairs, oversight hearing on territorial technical matters, 2 p.m., 1334 Longworth. July 25, Subcommittee on Energy and Mineral Resources, oversight hearing on Outer Continental Shelf moratoria, 2 p.m., 1324 Longworth. July 25, Subcommittee on Fisheries, Wildlife and Oceans, oversight hearing on National Wildlife Refuge System; and to mark up pending business, 10 a.m., 1334 Longworth. July 25, Subcommittee on National Parks, Forests and Lands, hearing on the following: H.R. 3099, Washita Battlefield National Historic Side Act of 1996; H.R. 3819, to amend the Act establishing the National Park Foundation; H.R. 3486, to dispose of certain Federal properties at Dutch John, Utah, and to assist local government in the interim delivery of basic services to the Dutch John community; H.R. 3769, to provide for the conditional transfer of the Oregon and California Railroad Grant Lands, the Coos Bay Military Wagon Lands, and related public domain lands to the State of Oregon; and H.R. 3497, Snoqualmie National Forest Boundary Adjustment Act of 1996, 10 a.m., 1324 Longworth. July 25, Subcommittee on Water and Power Resources, oversight hearing on deferred maintenance and energy reliability issues at facilities generating power marketed by the Southeastern Power Administration, 2 p.m., 1334 Longworth. Committee on Rules, July 24, Subcommittee on Rules and Organization of the House and the Subcommittee on Legislative and Budget Process, joint hearing on Building on Change: Preparing for the 105th Congress, 9:30 a.m., H–313 Capitol. Committee on Science, July 23 and 24, hearings on the Effects of a Six-Year Balanced Budget on Civilian Research and Development, Parts I and II, 10 a.m., 2318 Rayburn. July 23, Subcommittee on Basic Research, hearing on the Future of Antarctic Research, 1 p.m., 2318 Rayburn. July 24, Subcommittee on Space and Aeronautics, hearing on Space Commercialization Promotion Act of 1996, 2 p.m., 2352 Rayburn. Committee on Small Business, July 24, Subcommittee on Government Programs, hearing on the FDA’s compliance with the Paperwork Reduction Act of 1995, 10 a.m., 2359 Rayburn. Committee on Transportation and Infrastructure, July 25, Subcommittee on Surface Transportation, to continue hearings on ISTEA Reauthorization Maintaining Adequate Infrastructure: The Surface Transportation Program, 9:30 a.m., 2167 Rayburn. Committee on Ways and Means, July 23, Subcommittee on Health, hearing on Issues Related to Medicare Payment Policies for Home Health Agency and Skilled Nursing Facility Services, 2 p.m., 1100 Longworth. July 25, Subcommittee on Social Security, hearing to Review the Performance of the Social Security Administration as an Independent Agency, 10 a.m., B–318 Rayburn. July 25, Subcommittee on Trade, hearing on U.S. Trade Competitiveness and Workforce Education and Training, 11 a.m., 1100 Longworth. Permanent Select Committee on Intelligence, July 23, executive, hearing on Guatemala, 10 a.m., H–405 Capitol."
164,CREC-2025-03-04-pt1-PgD216,1,Committee on Natural Resources: Subcommittee on Oversight and Investigations held a hearing entitled ‘‘Understanding the Consequences of Experimental Populations Under the Endangered Species Act’’. Testimony was heard from public witnesses.
165,CREC-2004-12-08-pt1-PgD1128,1,"American Bald Eagle Recovery and National Emblem Commemorative Coin Act: Senate passed H.R. 4116, to require the Secretary of the Treasury to mint coins celebrating the recovery and restoration of the American bald eagle, the national symbol of the United States, to America’s lands, waterways, and skies and the great importance of the designation of the American bald eagle as an ‘‘endangered’’ species under the Endangered Species Act of 1973, clearing the measure for the President. Pages S12020–21 Ukraine Elections: Senate agreed to S. Res. 487, expressing the sense of the Senate regarding the November 21, 2004, Presidential runoff election in Ukraine. Page S12021 Private Relief: Committee on the Judiciary was discharged from further consideration of H.R. 530, for the relief of Tanya Andrea Goudeau, and the bill was then passed, clearing the measure for the President. Page S12021 Sudden Oak Death Syndrome Control: Senate passed H.R. 4569, to provide for the development of a national plan for the control and management of Sudden Oak Death, a tree disease caused by the fungus-like pathogen Phytophthora ramorum, clearing the measure for the President. Page S12026 Sudden Oak Death Syndrome Control Act: Committee on Agriculture, Nutrition, and Forestry was discharged from further consideration of S. 2575, to direct the Secretary of Agriculture to conduct research, monitoring, management, treatment, and outreach activities relating to sudden oak death syndrome and to convene regular meetings of, or conduct regular consultations with, Federal, State, tribal, and local government officials to provide recommendations on how to carry out those activities, and the bill was then passed. Pages S12026–27 District of Columbia Retirement Protection Improvement Act: Senate passed H.R. 4657, to amend the Balanced Budget Act of 1997 to improve the administration of Federal pension benefit payments for District of Columbia teachers, police officers, and firefighters, clearing the measure for the President. Pages S12027–28 Anticounterfeiting Act: Committee on the Judiciary was discharged from further consideration of S. 2227, to prevent and punish counterfeiting and copyright piracy, and the bill was then passed. Pages S12028–29 Anti-Counterfeiting Amendment Act: Committee on the Judiciary was discharged from further consideration of H.R. 3632, to prevent and punish counterfeiting of copyrighted copies and"
166,CREC-2002-07-09-pt1-PgD724,1,"Frm 00007 Fmt 0627 Subcommittee on Telecommunications and the Internet, hearing on Corporation for Public Broadcasting Oversight and a Look Into Public Broadcasting in the Digital Era, 10 a.m., 2123 Rayburn. Committee on Financial Services, to continue consideration of H.R. 3995, Housing Affordability of America Act of 2002, 10 a.m., 2128 Rayburn. Committee on International Relations, to mark up H.R. 5005, Homeland Security Act of 2002, 9:30 a.m., 2172 Rayburn. Committee on the Judiciary, to mark up the following: H.R. 3838, to amend the charter of the Veterans of Foreign Wars of the United States organization to make members of the armed forces who receive special pay for duty subject to hostile fire or imminent danger eligible for membership in the organization; H.R. 3214, to amend the charter of the AMVETS organization; H.R. 3988, to amend title 36, United States Code, to clarify the requirements for eligibility in the American Legion; H.R. 5005, Homeland Security Act of 2002; and private relief measures, 10 a.m., 2141 Rayburn. Committee on Resources, to continue markup of H.R. 4749, Magnuson-Stevens Act Amendments of 2002; and to mark up the following measures: H. Con. Res. 419, requesting the President to issue a proclamation in observance of the 100th Anniversary of the founding of the International Association of Fish and Wildlife Agencies; H.R. 3148, to amend the Alaska Native Claims Settlement Act to provide equitable treatment of Alaska Native Vietnam Veterans; H.R. 3476, to protect certain lands held in fee by the Pechanga Band of Luiseno Mission Indians from condemnation until a final decision is made by the Secretary of the Interior regarding a pending fee to trust application for that land; H.R. 3917, Flight 93 National Memorial Act; H.R. 4141, Red Rock Canyon National Conservation Area Protection and Enhancement Act of 2002; H.R. 4620, America’s Wilderness Protection Act; H.R. 4739, to amend the Reclamation Wastewater and Groundwater Study and Facilities Act to authorize the Secretary of the Interior to participate in the design, planning, and construction of a project to reclaim and reuse wastewater within and outside of the service area of the City of Austin Water and Wastewater Utility, Texas; H.R. 4822, Upper Missouri River Breaks Boundary Clarification Act; H.R. 4840, Sound Science for Endangered Species Act Planning Act of 2002; S. 238, Burnt, Malheur, Owyhee, and Powder River Basin Water Optimization Feasibility Study Act of 2001; S. 356, Louisiana Purchase Bicentennial Commission Act; and S. 1057, Pu’uhonua O Honaunau National Historical Park Addition Act of 2001, 2 p.m., 1324 Longworth. Committee on Science, to mark up H.R. 5005, Homeland Security Act of 2002, 10 a.m., and to hold a hearing on the Administration’s Climate Change Initiative, 1 p.m., 2318 Rayburn. Committee on Ways and Means, to mark up H.R. 5005, Homeland Security Act of 2002, 10:30 a.m., 1100 Longworth."
167,CREC-1999-07-28-pt1-PgD877,1,"Routine Proceedings, pages S9449–S9650 Measures Introduced: Nine bills and one resolution were introduced, as follows: S. 1447–1455, and S. Res. 168. Page S9529 Measures Reported: Reports were made as follows: S. 655, to establish nationally uniform requirements regarding the titling and registration of salvage, nonrepairable, and rebuilt vehicles. (S. Rept. No. 106–123) S. 711, to allow for the investment of joint Federal and State funds from the civil settlement of damages from the Exxon Valdez oil spill, with an amendment in the nature of a substitute. (S. Rept. No. 106–124) H.R. 149, to make technical corrections to the Omnibus Parks and Public Lands Management Act of 1996, with amendments. (S. Rept. No. 106–125) S. 1100, to amend the Endangered Species Act of 1973 to provide that the designation of critical habitat for endangered and threatened species be required as part of the development of recovery plans for those species, with an amendment in the nature of a substitute. (S. Rept. No. 106–126) S. Res. 166, relating to the recent elections in the Republic of Indonesia, with an amendment. S. Con. Res. 48, relating to the Asia-Pacific Economic Cooperation Forum. Page S9525 Measures Passed: Defense Appropriations: Pursuant to the order of June 8, 1999, Senate passed H.R. 2561, making appropriations for the Department of Defense for the fiscal year ending September 30, 2000, after striking all after the enacting clause and inserting in lieu thereof the text of S. 1122, Senate companion measure, as passed. Senate insisted on its amendment, requested a conference with the House thereon, and the Chair, as authorized, appointed the following conferees on the part of the Senate: Senators Stevens,"
168,CREC-2004-07-21-pt2-PgD817,1,"Committee on Resources: Ordered reported, as amended, the following bills: H.R. 1662, Sound Science for Endangered Species Act Planning Act of 2003; and H.R. 2933, Critical Habitat Reform Act of 2003. The Committee also held an oversight hearing on the Guam War Claims Commission Report. Testimony was heard from David Cohen, Deputy Assistant Secretary, Insular Affairs, Department of the Interior; Mauricio J. Tamargo, Chairman, Guam War Claims Review Commission, Foreign Claims Settlement Commission, Department of Justice; Kaleo Moylan, Lt. Gov., Guam; and former Delegate Ben Garrido Blaz, Guam."
169,CREC-2015-09-29-pt1-PgD1026-2,1,"Committee on Environment and Public Works: Subcommittee on Fisheries, Water, and Wildlife received a briefing on improving the Endangered Species Act from Dan Ashe, Director, Fish and Wildlife Service, Department of the Interior; and Wyoming Governor Matthew H. Mead, and Montana Governor Steve Bullock, both on behalf of the Western Governors’ Association."
170,CREC-1997-04-09-pt1-PgD311,1,"Subcommittee on Health and Environment and the Subcommittee on Oversight and Investigations, joint hearing on Review of EPA’s Proposed Ozone and Particulate Matter NAAQS Revisions, 9:30 a.m., 2123 Rayburn. Committee on Government Reform and Oversight, to consider pending business, 11 a.m., 2154 Rayburn. Committee on International Relations, hearing on U.S. Policy toward Egypt, 10:00 a.m., 2172 Rayburn. Subcommittee on International Operations and Human Rights, to mark up the Fiscal Year 1998–1999 Foreign Relations Authorization, 1 p.m., 2172 Rayburn. Committee on the Judiciary, oversight hearing regarding Product Liability Reform, 10:00 a.m., 2141 Rayburn. Committee on National Security, Morale, Welfare and Recreation Panel, hearing on the morale, welfare and recreation system, 2:00 p.m., 2212 Rayburn. Subcommittee on Military Installations and Facilities, hearing on the long-term planning for military construction requirements, 10:00 a.m., 2212 Rayburn. Subcommittee on Military Procurement, hearing on fiscal year 1998 Department of Energy authorization request and related matters, 2:00 p.m., 2118 Rayburn. Committee on Resources, hearing on H.R. 478, to amend the Endangered Species Act of 1973 to improve the ability of individuals and local, State, and Federal agencies to comply with that act in building, operating, maintaining, or repairing flood control projects, facilities, or structures, 12 p.m., 1334 Longworth. Subcommittee on Fisheries Conservation, Wildlife, and Oceans, to mark up H.R. 408, to amend the Marine Mammal Protection Act of 1972 to support the International Dolphin Conservation Program in the eastern tropical Pacific Ocean, 10 a.m., 1324 Longworth. Subcommittee on National Parks, and Public Lands, to mark up H.R. 449, to provide for the orderly disposal of certain Federal lands in Clark County, NV, and to provide for the acquisition of environmentally sensitive lands in the State of Nevada; to be followed by a hearing on the following bills, H.R. 765, to ensure maintenance of wild horses in Cape Lookout National Seashore; and H.R. 136, to amend the National Parks and Recreation Act of 1978 to designate the Majority Stoneman Douglas Wilderness and to amend the Everglades National Park Protection and Expansion Act of 1989 to designate the Ernest F. Coe Visitor Center, 2 p.m., 1324 Longworth. Committee on Science, Subcommittee on Space and Aeronautics, to continue hearings on fiscal year 1998 NASA Authorization: Science Programs, 10:00 a.m., 2318 Rayburn. Subcommittee on Technology, to continue hearings on funding needs for the National Institute of Standards and Technology Part 2, 10:00 a.m., 2325 Rayburn. Committee on Small Business, hearing to examine the proposed redrafting of Section 15 of the Federal Acquisition Regulations (FAR), 1:00 p.m., 2359 Rayburn. Committee on Standards of Official Conduct, executive, Task Force on Ethics Reform, to continue discussions on Ethics Reform, 10 a.m., H–313 Capitol. Committee on Transportation and Infrastructure, Subcommittee on Water Resources and Environment, hearing"
171,CREC-1995-07-12-pt1-PgD844,1,"Committee on Banking, Housing, and Urban Affairs, to hold hearings to examine the proposed use of a one dollar coin, 10 a.m., SD–538. Committee on Energy and Natural Resources, Subcommittee on Forests and Public Land Management, to hold hearings on S. 884, to designate certain public lands in the State of Utah as wilderness, 9:30 a.m., SD–366. Committee on Environment and Public Works, Subcommittee on Drinking Water, Fisheries, and Wildlife, to hold hearings on proposed legislation authorizing funds for programs of the Endangered Species Act, 9 a.m.,"
172,CREC-2005-05-04-pt1-PgD438,1,Committee on Resources: Subcommittee on Water and Power held an oversight hearing entitled ‘‘Stabilizing Rural Electricity Service Through Common Sense Application of the Endangered Species Act.’’ Testimony was heard from public witnesses.
173,CREC-2015-01-21-pt1-PgD45,1,"Routine Proceedings, pages S301–S366 Measures Introduced: Thirty-one bills and four resolutions were introduced, as follows: S. 200–230, S.J. Res. 4–5, and S. Res. 31–32. Pages S347–48 Measures Reported: H.R. 203, to direct the Secretary of Veterans Affairs to provide for the conduct of annual evaluations of mental health care and suicide prevention programs of the Department of Veterans Affairs, to require a pilot program on loan repayment for psychiatrists who agree to serve in the Veterans Health Administration of the Department of Veterans Affairs. S. Res. 31, authorizing expenditures by the Committee on Environment and Public Works. S. Res. 32, authorizing expenditures by the Committee on Veterans’ Affairs. Page S347 Measures Considered: Keystone XL Pipeline—Agreement: Senate continued consideration of S. 1, to approve the Keystone XL Pipeline, taking action on the following amendments proposed thereto: Pages S311–38 Adopted: By 98 yeas to 1 nay (Vote No. 10), Whitehouse Amendment No. 29 (to Amendment No. 2), to express the sense of the Senate that climate change is real and not a hoax. (A unanimous-consent agreement was reached providing that the amendment, having achieved 60 affirmatives votes, be agreed to.) Pages S311, S330 Rejected: By 54 yeas to 45 nays (Vote No. 7), Murkowski (for Lee) Amendment No. 33 (to Amendment No. 2), to conform citizen suits under the Endangered Species Act of 1973. (A unanimous-consent agreement was reached providing that the amendment, having failed to achieve 60 affirmative votes, the amendment was not agreed to.) Pages S311, S328 By 41 yeas to 58 nays (Vote No. 8), Durbin bjneal on DSK2TWX8P1PROD with CONG-REC-ONLINE Amendment No. 69 (to Amendment No. 2), to ensure that the storage and transportation of petroleum coke is regulated in a manner that ensures the protection of public and ecological health. (A unaniVerDate Sep 11 2014 07:23 Nov 18, 2015 Jkt 049060"
174,CREC-2016-02-02-pt1-PgD89,1,"Committee on Natural Resources: Subcommittee on Water, Power and Oceans held a hearing on H.R. 3070, the ‘‘EEZ Clarification Act’’; and H.R. 4245, to exempt importation and exportation of sea urchins and sea cucumbers from licensing requirements under the Endangered Species Act of 1973. Testimony was heard from Representatives Zeldin; Pingree of Maine; and Poliquin; and Joe Leask, Diver and Chairman, Sea Urchin Zone Council, Maine Department of Marine Resources; William Woody, Chief, Office of Law Enforcement, U.S. Fish and Wildlife Service; Daniel Morris, Deputy Regional Administrator, Greater Atlantic Region, National Marine Fisheries Service; and public witnesses."
175,CREC-2016-02-02-pt1-PgD89,2,"Committee on the Budget: to hold hearings to examine spending on unauthorized programs, 10 a.m., SD–608. Committee on Environment and Public Works: to hold hearings to examine the Stream Protection Rule, focusing on impacts on the environment and implications for Endangered Species Act and Clean Water Act implementation, 9:30 a.m., SD–406. Committee on Foreign Relations: to hold hearings to examine strains on the European Union, focusing on implications for American foreign policy, 10 a.m., SD–419. Committee on Homeland Security and Governmental Affairs: to hold hearings to examine Canada’s fast-track refugee plan, focusing on implications for United States national security, 10 a.m., SD–342. Committee on Indian Affairs: business meeting to consider S. 1125, to authorize and implement the water rights compact among the Blackfeet Tribe of the Blackfeet Indian Reservation, the State of Montana, and the United States, and S. 1983, to authorize the Pechanga Band of Luiseno Mission Indians Water Rights Settlement; to be immediately followed by an oversight hearing to examine the substandard quality of Indian health care in the Great Plains, 2:15 p.m., SH–216. Committee on the Judiciary: to hold hearings to examine the need for transparency in the asbestos trusts, 10 a.m.,"
176,CREC-2005-07-13-pt1-PgD743,1,"Committee on Environment and Public Works: Subcommittee on Fisheries, Wildlife, and Water concluded a hearing to examine the Endangered Species Act and incentives for private landowners, focusing on existing Federal incentives for private landowners to protect threatened and endangered species, as well as new and innovative ways for incentivizing species protection on private lands, after receiving testimony from Marshall P. Jones, Deputy Director, Fish and Wildlife Service, Department of the Interior; Sara Braasch, Regional Assistant Chief, Natural Resources Conservation Service, Department of Agriculture; Michael J. Bean, Environmental Defense, and Laurence D. Wiseman, on behalf of the American Forest Foundation and the American Tree Farm System, both of Washington, D.C.; Paul Campos, Home Builders Association of Northern California, Contra Costa County, on behalf of the National Association of Home Builders; Alan Foutz, Colorado Farm Bureau, Akron, on behalf of the American Farm Bureau Federation; and Robert J. Olszewski, Plum Creek Timber Company, Inc., Atlanta, Georgia."
177,CREC-1996-07-24-pt1-PgD805,1,"Committee on Resources: Held an oversight hearing on implementation of the Endangered Species Act with regard to Section 10(a) permits (Habit Conservation Plan) and other incentives. Testimony was heard from Representative Smith of Texas; George T. Frampton, Assistant Secretary, Fish and Wildlife and Parks, Department of the Interior; and public witnesses."
178,CREC-2015-01-27-pt1-PgD63,1,"Moran/Cruz Amendment No. 73 (to Amendment No. 2), to delist the lesser prairie-chicken as a threatened species under the Endangered Species Act of 1973. Page S497 Daines Amendment No. 132 (to Amendment No. 2), to express the sense of Congress regarding the designation of National Monuments. Page S497 Boxer Amendment No. 130 (to Amendment No. 2), to preserve existing permits and the authority of the agencies issuing the permits to modify the permits if necessary. Pages S512–13 Peters/Stabenow Amendment No. 70 (to Amendment No. 2), to require that the Administrator of the Pipeline and Hazardous Materials Safety Administration make a certification and submit to Congress the results of a study before the pipeline may be constructed, connected, operated, or maintained. Page S513 Collins/Warner Amendment No. 35 (to Amendment No. 2), to coordinate the provision of energy retrofitting assistance to schools. Pages S513–14 Murkowski Amendment No. 166 (to Amendment No. 2), to release certain wilderness study areas from management for preservation as wilderness. Pages S514–18 Sanders Amendment No. 23 (to Amendment No. 2), to increase the quantity of solar photovoltaic electricity by providing rebates for the purchase and installation of an additional 10,000,000 photovoltaic systems by 2025. Pages S518–20 Merkley Amendment No. 174 (to Amendment No. 2), to express the sense of Congress that the United States should prioritize and fund adaptation projects in communities in the United States while also helping to fund climate change adaptation in developing countries. Page S520 Merkley Amendment No. 125 (to Amendment No. 2), to eliminate unnecessary tax subsidies and provide infrastructure funding. Page S520 Cantwell/Boxer Amendment No. 131 (to Amendment No. 2), to ensure that if the Keystone XL Pipeline is built, it will be built safely and in compliance with United States environmental laws. Pages S520–21"
179,CREC-2014-07-14-pt1-PgD777,1,"Control Act to establish a deadline for restricting sewage dumping into the Great Lakes and to fund programs and activities for improving wastewater discharges into the Great Lakes, S. 1153, to establish an improved regulatory process for injurious wildlife to prevent the introduction and establishment in the United States of nonnative wildlife and wild animal pathogens and parasites that are likely to cause harm, S. 1175, to require the Secretary of the Treasury to establish a program to provide loans and loan guarantees to enable eligible public entities to acquire interests in real property that are in compliance with habitat conservation plans approved by the Secretary of the Interior under the Endangered Species Act of 1973, S. 1202, to establish an integrated Federal program to respond to ongoing and expected impacts of extreme weather and climate change by protecting, restoring, and conserving the natural resources of the United States, and to maximize government efficiency and reduce costs, in cooperation with State, local, and tribal governments and other entities, S. 1232, to amend the Federal Water Pollution Control Act to protect and restore the Great Lakes, H.R. 1300, to amend the Fish and Wildlife Act of 1956 to reauthorize the volunteer programs and community partnerships for the benefit of national wildlife refuges, S. 1381, to amend the Lacey Act Amendments of 1981 to clarify provisions enacted by the Captive Wildlife Safety Act, to further the conservation of certain wildlife species, S. 1650, to amend the Migratory Bird Treaty Act to exempt certain Alaska Native articles from prohibitions against sale of items containing nonedible migratory bird parts, S. 2225, to provide for a smart water resource management pilot program, S. 2530, to amend title 18, United States Code, to prohibit the importation or exportation of mussels of certain genus, and S. 2560, to authorize the United States Fish and Wildlife Service to seek compensation for injuries to trust resources and use those funds to restore, replace, or acquire equivalent resources, 3 p.m., SD–406. Committee on Finance: July 15, to hold hearings to examine chronic illness, focusing on addressing patients’ unmet needs, 10 a.m., SD–215. July 16, Full Committee, to hold hearings to examine the nominations of Robert W. Holleyman II, of Louisiana, to be a Deputy United States Trade Representative, with the rank of Ambassador, and Cary Douglas Pugh, of Virginia, to be a Judge of the United States Tax Court, 10 a.m., SD–215. July 17, Full Committee, to hold hearings to examine the role of trade and technology in 21st century manufacturing, 10 a.m., SD–215. Committee on Foreign Relations: July 15, to hold hearings to examine the nominations of John R. Bass, of New York, to be Ambassador to the Republic of Turkey, Jane vlivingston on DSKHW7XVN1PROD with CONG-REC-ONLINE D. Hartley, of New York, to be Ambassador to the French Republic, James D. Pettit, of Virginia, to be Ambassador to the Republic of Moldova, Brent Robert Hartley, of Oregon, to be Ambassador to the Republic of Slovenia, and Kevin F. O’Malley, of Missouri, to be Ambassador to Ireland, all of the Department of State, 10 a.m.,"
180,CREC-1998-07-07-pt1-PgD728,1,"Committee on Environment and Public Works: Committee concluded hearings on S. 263, to prohibit the import, export, sale, purchase, possession, transportation, acquisition, and receipt of bear viscera or products that contain or claim to contain bear viscera, S. 361, to amend the Endangered Species Act of 1973 to prohibit the sale, import, and export of products labeled as containing endangered species, S. 659, to amend the Great Lakes Fish and Wildlife Restoration Act of 1990 to provide for implementation of recommendations of the United States Fish and Wildlife Service contained in the Great Lakes Fishery Restoration Study Report, S. 1970, to require the Secretary of the Interior to establish a program to provide assistance in the conservation of neotropical migratory birds, S. 2094, to amend the Fish and Wildlife Improvement Act of 1978 to enable the Secretary of the Interior to more effectively use the proceeds of sales of certain items, S. 2244, to amend the Fish and Wildlife Act of 1956 to promote volunteer programs and community partnerships for the benefit of national wildlife refuges, H.R. 2807, to amend the Rhinoceros and Tiger Conservation Act of 1994 to prohibit the sale, importation, and exportation of products labeled as containing substances derived from rhinoceros or tiger, and H.R. 3113, to authorize funds through fiscal year 2004 for the Rhinoceros and Tiger Conservation Fund, after receiving testimony from John Rogers, Deputy Director for the U.S. Fish and Wildlife Service, Department of the Interior; Ginette Hemley, World Wildlife Fund, Wayne Pacelle, Humane Society of the United States, and Gary Taylor, International Association of Fish and Wildlife Agencies, all of Washington, D.C.; Kristin L. Vehrs, American Zoo and Aquarium Association, Bethesda, Maryland; Molly Krival, Ding Darling Wildlife Society, Sanibel, Florida; and Thomas Crane, Great Lakes Commission, Ann Arbor, Michigan."
181,CREC-2007-05-09-pt1-PgD652,1,"Committee on the Judiciary, oversight hearing on the U.S. Department of Justice, 9:30 a.m., 2141 Rayburn. Committee on Natural Resources, May 9, oversight hearing on Endangered Species Act Implementation: Science or Politics? 10 a.m., 1324 Longworth. Committee on Oversight and Government Reform, Subcommittee on Domestic Policy, hearing entitled ‘‘Lethal Loopholes: Deficiencies in State and Federal Gun Purchase Laws,’’ 2 p.m., 2154 Rayburn. Subcommittee on Federal Workforce, Postal Service, and the District of Columbia, hearing entitled ‘‘The Lack of Diversity in the Top Levels of the Federal Government,’’ 2 p.m., 2247 Rayburn. Committee on Science and Technology, Subcommittee on Energy and Environment, to mark up the following bills; H.R. 364, To provide for the establishment of the Advanced Research Projects Agency-Energy; H.R. 632, HPrize Act of 2007, 10 a.m., 2318 Rayburn. Subcommittee on Technology and Innovation, hearing on Green Transportation Infrastructure: Challenges to Access and Implementation, 2 p.m., 2318 Rayburn."
182,CREC-2016-12-09-pt1-PgD1119,1,"Post-9/11 Educational Assistance: Committee on Veterans’ Affairs was discharged from further consideration of S. 3021, to amend title 38, United States Code, to authorize the use of Post-9/11 Educational Assistance to pursue independent study programs at certain educational institutions that are not institutions of higher learning, and the bill was then passed, after agreeing to the following amendment proposed thereto: Page S7145 Portman (for Inhofe/Blumenthal) Amendment No. 5182, in the nature of a substitute. Page S7145 Essential Transportation Worker Identification Credential Assessment Act: Senate passed H.R. 710, to require the Secretary of Homeland Security to prepare a comprehensive security assessment of the transportation security card program, after withdrawing the committee amendment in the nature of a substitute, and agreeing to the following amendment proposed thereto: Pages S7145–47 Portman (for Thune) Amendment No. 5183, in the nature of a substitute. Pages S7146–47 TIRES Act: Senate passed S. 1776, to enhance tribal road safety, after withdrawing the committee amendment in the nature of a substitute, and agreeing to the following amendment proposed thereto: Pages S7147–49 Portman (for Barrasso) Amendment No. 5184, in the nature of a substitute. Pages S7148–49 Cross-Border Trade Enhancement Act: Senate passed H.R. 875, to provide for alternative financing arrangements for the provision of certain services and the construction and maintenance of infrastructure at land border ports of entry. Page S7149 Endangered Species Act of 1973: Senate passed H.R. 4245, to exempt exportation of certain echinoderms and mollusks from licensing requirements under the Endangered Species Act of 1973, after agreeing to the following amendment proposed thereto: Page S7149 Portman (for King) Amendment No. 5185, in the nature of a substitute. Page S7149 Authorizing Taking Pictures and Filming: Senate agreed to S. Res. 642, authorizing taking pictures and filming in the Senate Chamber, the Senate Wing of the United States Capitol, and Senate Office Buildings for production of a film and a book on the history of the Senate. Page S7149 American Innovation and Competitiveness Act: Senate passed S. 3084, to invest in innovation through research and development, and to improve SSpencer on DSK4SPTVN1PROD with DIGEST the competitiveness of the United States, after withdrawing the committee amendment in the nature of a substitute, and agreeing to the following amendment proposed thereto: Pages S7149–67 VerDate Sep 11 2014 07:37 Dec 11, 2016 Jkt 069060"
183,CREC-2023-10-25-pt1-PgD1087,1,"Committee on Natural Resources: Subcommittee on Water, Wildlife and Fisheries held a hearing on H.R. 520, to amend the Endangered Species Act of 1973 to provide that artificially propagated animals shall be treated the same under that Act as naturally propagated animals; H.R. 2990, the ‘‘National Oceanic and Atmospheric Administration Sexual Harassment and Assault Prevention Improvements Act of 2023’’; H.R. 5103, the ‘‘FISHES Act’’; H.R. 5504, to require the Director of the United States Fish and Wildlife Service and the Assistant Administrator for Fisheries of the National Oceanic and Atmospheric Administration to withdraw proposed rules relating to the Endangered Species Act of 1973, and for other purposes; H.R. 5509, the ‘‘Electronic Permitting Modernization Act’’; H.R. 5874, the ‘‘TAAP Act’’; and legislation to prohibit the implementation of certain documents until the Assistant Administrator for Fisheries of the National Marine Fisheries Service issues documents relating to the Rice’s whale. Testimony was heard from Representatives McClintock, Bonamici, Newhouse, Porter, and Ciscomani; Gary Frazer, Assistant Director for Ecological Services, U.S. Fish and Wildlife Service, Department of the Interior; and public witnesses."
184,CREC-2001-05-04-pt1-PgD397-5,1,"May 9, Full Committee, to hold hearings on the nomination of Francis S. Blake, of Connecticut, to be Deputy Secretary of Energy; the nomination of Robert Gordon Card, of Colorado, to be Under Secretary of Energy; the nomination of Bruce Marshall Carnes, of Virginia, to be Chief Financial Officer, Department of Energy; and the nomination of David Garman, of Virginia, to be an Assistant Secretary of Energy (Energy Efficiency and Renewable Energy), 9:30 a.m., SD–366. May 10, Full Committee, to hold hearings on the President’s proposed budget request for fiscal year 2002 for the Department of Energy, 9:30 a.m., SD–366. May 10, Subcommittee on National Parks, Historic Preservation, and Recreation, to hold oversight hearings on the Department of the Interior’s proposed budget request for the National Park Service; to be followed by the Subcommittee on Forests and Public Land Management hearing on H.R. 880, to provide for all right, title, and interest in certain property in Washington County, Utah, to be vested in the United States, 2:30 p.m., SD–366. Committee on Environment and Public Works: May 8, Subcommittee on Clean Air, Wetlands, Private Property, and Nuclear Safety, to hold an oversight hearing on the activities of the Nuclear Regulatory Commission, 9:30 a.m., SD–628. May 9, Subcommittee on Fisheries, Wildlife, and Water, to hold hearings to examine the listing and delisting processes of the Endangered Species Act, 9:30 a.m., SD–628. May 10, Subcommittee on Transportation and Infrastructure, to hold hearings on the Department of Transportation and the General Services Administration proposed budget request for fiscal year 2002, 10:15 a.m.,"
185,CREC-2001-05-04-pt1-PgD397-5,2,"and the National Marine Fisheries Service to facilitate the interagency cooperation required under the Endangered Species Act of 1973 in connection with wildland fire management; and H.R. 1646, Foreign Relations Authorization Act, Fiscal Years 2002 and 2003, 3 p.m., H–313 Capitol. Committee on Science, May 9, Subcommittee on Environment, Technology and Standards, hearing on NOAA’s Fiscal Year 2002 Budget: Predicting Weather Climate, 10 a.m., 2318 Rayburn. May 9, Subcommittee on Space and Aeronautics, hearing on the Application of Vertical Takeoff and Landing (VTOL) Technology in the National Airspace System, 2 p.m., 2318 Rayburn. May 10, Subcommittee on Research, hearing on Classrooms as Laboratories: The Science of Learning Meets the Practice of Teaching, 10:30 a.m., 2318 Rayburn. Committee on Small Business, May 9, hearing on Health Care Financing Administration Paperwork Burdens, 10 a.m., 2360 Rayburn. Committee on Transportation and Infrastructure, May 9, Subcommittee on Economic Development, Public Buildings and Emergency Management, hearing on H.R. 525, Preparedness Against Domestic Terrorism Act of 2001, 2 p.m., 2253 Rayburn. May 9, Subcommittee on Highways and Transit, hearing on Driver Distractions: Electronic Devices in the Automobile, 10 a.m., 2167 Rayburn. May 9, Subcommittee on Railroads, to mark up the following bills: H.R. 1140, Railroad Retirement and Survivors’ Improvement Act of 2001; and H.R. 1020, RailVerDate 11-MAY-2000 05:16 May 05, 2001 Jkt 089060"
186,CREC-2016-06-14-pt1-PgD655,1,"H.R. 3650, the ‘‘State National Forest Management Act of 2015’’; H.R. 3734, the ‘‘Mining Schools Enhancement Act’’; H.R. 3839, the ‘‘Black Hills National Cemetery Boundary Expansion Act’’; H.R. 3843, the ‘‘Locatable Minerals Claim Location and Maintenance Fees Act of 2015’’; H.R. 3844, the ‘‘Energy and Minerals Reclamation Foundation Establishment Act of 2015’’; H.R. 3881, the ‘‘Cooperative Management of Mineral Rights Act of 2015’’; H.R. 4202, the ‘‘Fort Ontario Study Act’’; H.R. 4245, to exempt importation and exportation of sea urchins and sea cucumbers from licensing requirements under the Endangered Species Act of 1973; H.R. 4510, the ‘‘Bolts Ditch Access and Use Act’’; H.R. 4582, the ‘‘Save Our Salmon Act’’; H.R. 4685, the ‘‘Tule River Indian Reservation Land Trust, Health, and Economic Development Act’’; H.R. 4789, to authorize the Secretary of the Interior to establish a structure for visitor services on the Arlington Ridge tract, in the area of the U.S. Marine Corps War Memorial, and for other purposes; and H.R. 5244, the ‘‘Saint Francis Dam Disaster National Memorial Act’’."
187,CREC-2001-05-08-pt1-PgD412,1,"Committee on Environment and Public Works: Subcommittee on Fisheries, Wildlife, and Water, to hold hearings to examine the listing and de-listing processes of the Endangered Species Act, 9:30 a.m., SD–628. Committee on Governmental Affairs: to hold oversight hearings to examine federal election practices and procedures, 10 a.m., SD–342. Select Committee on Intelligence: to hold closed hearings on intelligence matters, 2 p.m., SH–219."
188,CREC-1995-09-29-pt1-PgD1167,1,"(21) Gramm (for Coverdell) Amendment No. 2857, to provide that voter registration cards may not be used as proof of citizenship. Pages S14666–86 (22) Gramm (for Dodd) Amendment No. 2858, to provide funding for the Ounce of Prevention Council. Pages S14666–86 (23) Gramm (for Feinstein) Amendment No. 2859, to make localities eligible for reimbursement of criminal alien incarceration costs. Pages S14666–86 (24) Gramm (for Gorton) Amendment No. 2860, to restrict implementing certain provisions of the Endangered Species Act of 1973. Pages S14666–86 (25) Gramm (for Graham) Amendment No. 2861, to provide funds for the Community Relations Service. Pages S14666–86 (26) Gramm (for Graham) Amendment No. 2862, to limit certain activities of the Office of Public Affairs at the Immigration and Naturalization Service. Pages S14666–86 (27) Gramm (for Hatch) Amendment No. 2863, to make available funds for the International Labor Organization. Pages S14666–86 (28) Gramm (for Hatch) Amendment No. 2864, to amend section 1344(b)(6) of title 31, United States Code, regarding funds to transportation of Administrator of the Drug Enforcement Administration. Pages S14666–86 (29) Gramm (for Helms) Amendment No. 2865, to amend the State Department Basic Authorities Act. Pages S14666–86 (30) Gramm (for Hollings) Amendment No. 2866, to make certain changes within the National Oceanic and Atmospheric Administration accounts. Pages S14666–86 (31) Gramm (for Burns) Amendment No. 2867, to provide funds for the continuation of the program to integrate energy efficient building technology with the use of structural materials made from underutilized or waste products. Pages S14666–86 (32) Gramm (for Leahy) Amendment No. 2868, to amend the bill with regard to the transfer of title to the Rutland City Industrial Complex. Pages S14666–86 (33) Gramm (for Mack) Amendment No. 2869, to increase funds for radio construction at the North/ South Center in Florida. Pages S14666–86 (34) Gramm (for McCain) Amendment No. 2870, to restrict the use of funds under this Act for the National Fine Center. Pages S14666–86 (35) Gramm (for McCain) Amendment No. 2871, to express the sense of the Senate regarding compliance of the Russian Federation with the Treaty on Conventional Armed Forces in Europe. Pages S14666–86 (36) Gramm (for Shelby) Amendment No. 2872, to provide for a land transfer in Tuscaloosa, Alabama. Pages S14666–86 (37) Gramm (for Inouye) Amendment No. 2873, to provide funds for maritime security services. Pages S14666–86 (38) Gramm (for Coverdell) Amendment No. 2874, to express the sense of the Congress urging the President to provide for unified command and control of Department of Defense counterdrug activities. Pages S14666–86 (39) Gramm (for Cochran) Amendment No. 2875, to provide for the operation and maintenance of Agricultural Weather Service Centers. Pages S14666–86 (40) Gramm (for Jeffords) Amendment No. 2876, to restore funding for trade adjustment assistance centers. Pages S14666–86 (41) Gramm (for Pryor) Amendment No. 2877, to express the sense of the Congress regarding funding for the Economic Development Administration. Pages S14666–86 (42) Gramm (for Dole) Amendment No. 2878, to establish conditions for the termination of sanctions against Serbia and Montenegro. Pages S14666–86 Rejected: Specter Amendment No. 2841, to strike the prohibition of taxpayer funded abortions for women in federal prison. (By 52 yeas to 44 nays (Vote No. 478), Senate tabled the amendment.) Pages S14631–33, S14640 Withdrawn: Bumpers Amendment No. 2845, to delete funding for the National Endowment for Democracy. Pages S14651–54 Committee amendment beginning on page 143, line 13 through page 145, line 18. Pages S14655–56 Committee amendment beginning on page 151, line 16 through page 156, line 6. Pages S14655–56"
189,CREC-2015-05-14-pt1-PgD540,1,"Rejected: Polis amendment (No. 2 printed in H. Rept. 114–112) that sought to reduce from 11 to 10 the statutory requirement for the number of operational carriers that the U.S. Navy must have (by a recorded vote of 60 ayes to 363 noes, Roll No. 228); and Pages H3177–78 Smith (WA) amendment (No. 16 printed in H. Rept. 114–112) that sought to provide a framework for closure of the detention facility at Guantanamo Bay, Cuba, by December 31, 2017 (by a recorded vote of 174 ayes to 229 noes, Roll No. 231). Pages H3179–80 Proceedings Postponed: Rohrabacher amendment (No. 23 printed in H. Rept. 114–112) that seeks to acknowledge Dr. Afridi’s instrumental role in identifying the hiding place of Osama bin Laden and further state that it is the Sense of Congress that Dr. Shakil Afridi is an international hero and that the Government of Pakistan should release him immediately from prison; Pages H3181–82 Lamborn amendment (No. 27 printed in H. Rept. 114–112) that seeks to limit funding for implementing the New START treaty; Pages H3182–84 Blumenauer amendment (No. 32 printed in H. Rept. 114–112) that seeks to require funding for the Navy’s new Ohio-class replacement submarines to come from their traditional Navy accounts, instead of the Sea-Based Deterrent Fund; transfer funds from the Sea-Based Deterrent Fund back into their historic Navy budget lines; Pages H3184–87 Lucas amendment (No. 38 printed in H. Rept. 114–112) that seeks to reverse and prohibit the further listing of the Lesser Prairie Chicken as a threatened or endangered species until 2021, thereby allowing the states to implement their voluntary Range-Wide Conservation Plan for the Lesser Prairie Chicken’s habitat; delists the American Burying Beetle as a threatened or endangered species under the Endangered Species Act; and Pages H3191–92 Nadler amendment (No. 41 printed in H. Rept. 114–112) that seeks to strike section 3121, which places limits on funding for dismantlement of nuclear weapons. Pages H3192–94 H. Res. 260, the rule providing for further consideration of the bill (H.R. 1735) was agreed to by a yea-and-nay vote of 243 yeas to 181 nays, Roll No. 225. Pages H2989–97 Recess: The House recessed at 9:28 p.m. and reconvened at 9:35 p.m. Page H3206 emcdonald on DSK67QTVN1PROD with DIGEST Senate Messages: Messages received from the Senate by the Clerk and subsequently presented to the House today and messages received from the Senate today appear on pages H2972, H2999, H3181."
190,CREC-2008-01-30-pt1-PgD64-2,1,"Frm 00003 Fmt 0627 status of and legal protections for the polar bear, including the Endangered Species Act, and the status of listing the species under that Act, after receiving testimony from H. Dale Hall, Director, United States Fish and Wildlife Service, Department of the Interior; Margaret Williams, World Wildlife Fund, Anchorage, Alaska; Andrew E. Wetzler, Natural Resources Defense Council, Worthington, Ohio; Brendan P. Kelly, University of Alaska, Juneau; J. Scott Armstrong, University of Pennsylvania Wharton School, Philadelphia; and Richard Glenn, Barrow, Alaska."
191,CREC-2000-02-24-pt1-PgD119-4,1,"Agency Systems Vulnerable to Attack, 10 a.m., 2322 Rayburn. Committee on Education and the Workforce, March 1, Subcommittee on Early Childhood, Youth, and Families, hearing on Building a Nation: The Role of Character Education in America’s Schools, 10:30 a.m., 2175 Rayburn. March 1, Subcommittee on Oversight and Investigations, hearing on Financial Management at the Department of Education, 10:30 a.m., 2261 Rayburn. March 2, Subcommittee on Workforce Protections, hearing on the Treatment of Stock Options and Employee Investment Opportunities under the Fair Labor Standards Act, 10 a.m., 2175 Rayburn. March 3, Subcommittee on Oversight and Investigations, hearing on Charter Schools: Successes and Challenges, 10 a.m., 2175 Rayburn. Committee on Government Reform, February 29, Subcommittee on Criminal Justice, Drug Policy and Human Resources, hearing on U.S./Mexico Counternarcotics Efforts, 10 a.m., 2154 Rayburn. February 29, Subcommittee on Government Management, Information, and Technology, hearing on the Results of the Internal Revenue Service’s Fiscal Year 1999 Financial Statement Audit, 10 a.m., 2247 Rayburn. March 1, 2 and 3, full Committee, hearings on ‘‘The Role of Yah Lin ‘Charlie’ Trie in Illegal Political Fundraising,’’ 10 a.m., 2154 Rayburn. Committee on International Relations, March 1, hearing on U.S. Policy Toward OPEC, 10 a.m., 2128 Rayburn. March 2, to continue hearings on the Administration’s Fiscal Year 2001 Foreign Assistance Budget Request, emphasis on the Agency for International Development, 10 a.m., room to be announced. Committee on the Judiciary, February 29, Subcommittee on Commercial and Administrative Law, hearing on H.R. 3312, Merit Systems Protection Board Administrative Dispute Resolution Act of 1999, 2 p.m., 2226 Rayburn. March 1, full Committee, to consider the Committee Budget Views and Estimates for Fiscal Year 2001 for submission to the Committee on the Budget and to mark up the following bills: H.R. 1443, Traffic Stops Statistics Study Act of 1999; H.R. 2372, Private Property Rights Implementation Act of 1999; and H.R. 1283, Fairness in Asbestos compensation Act of 1999, 10 a.m., 2141 Rayburn. Committee on Resources, hearing on H.R. 3160, Common Sense Protections for Endangered Species Act, 11 a.m., 1324 Longworth. March 2, Subcommittee on Forests and Forest Health, oversight hearing on Forest Service Planning Rule Revision, 10 a.m., 1334 Longworth. March 2, Subcommittee on National Parks and Public Lands, hearing on H.R. 3605, San Rafael Western Legacy District and National Conservation Act, 10 a.m., 1324 Longworth. Committee on Rules, March 2, Subcommittee on Rules and Organization, hearing on the Government Performance and Results and the Legislative Process of House Committees, 9:30 a.m., H–313 Capitol."
192,CREC-1995-03-01-pt1-PgD268,1,"Committee on Banking, Housing, and Urban Affairs, Subcommittee on Securities, to hold hearings to examine proposals to reform the process of securities litigation, 10 a.m., SD–538. Committee on Commerce, Science, and Transportation, business meeting, to consider the nomination of Robert Pitofsky, of Maryland, to be a Federal Trade Commissioner, 9:30 a.m., SR–253. Full Committee, to hold hearings on U.S. telecommunication policy, 9:45 a.m., SR–253. Committee on Energy and Natural Resources, to hold hearings on S. 167, to revise certain provisions of the Nuclear Waste Policy Act of 1982; S. 433, to reaffirm the Federal Government’s commitment to electric consumers and environmental protection by reaffirming the requirement of the Nuclear Waste Policy Act of 1982 that the Secretary of Energy provide for the safe disposal of spent nuclear fuel beginning not later than January 31, 1998; S. 429, to revise the Nuclear Waste Policy Act of 1982 to allow commercial nuclear utilities that have contracts with the Secretary of Energy under section 302 of that Act to receive credits to offset the cost of storing spent fuel that the Secretary is unable to accept for storage on and after January 31, 1998; and S. 473, to establish as the nuclear energy policy of the United States that no new civilian nuclear power reactors shall be built until adequate waste emplacement capacity is available 9:30 a.m., SD–366. Committee on Environment and Public Works, Subcommittee on Clean Water, Fisheries, and Wildlife, to hold oversight hearings on efforts by the United States Forest Service and the National Marine Fisheries Service to comply with recent court decisions requiring consultation on forest plans under Section 7(a)(2) of the Endangered Species Act, 10 a.m., SD–406. Committee on Finance, to hold hearings to examine middle income tax proposals, 10 a.m., SD–215. Committee on Foreign Relations, Subcommittee on Near Eastern and South Asian Affairs, to hold hearings to examine United States policy toward Iran and Iraq, 2 p.m.,"
193,CREC-2016-02-01-pt1-PgD80,1,"Committee on Commerce, Science, and Transportation: February 4, Subcommittee on Communications, Technology, Innovation, and the Internet, to hold hearings to examine ensuring intermodal Universal Service Fund support for rural America, 10:30 a.m., SR–253. Committee on Environment and Public Works: February 3, to hold hearings to examine the Stream Protection Rule, focusing on impacts on the environment and implications for Endangered Species Act and Clean Water Act implementation, 9:30 a.m., SD–406. Committee on Finance: February 4, to hold hearings to examine the nominations of Mary Katherine Wakefield, of North Dakota, to be Deputy Secretary of Health and Human Services, Andrew LaMont Eanes, of Kansas, to be Deputy Commissioner of Social Security for the term expiring January 19, 2019, and Elizabeth Ann Copeland, of Texas, and Vik Edwin Stoll, of Missouri, both to be a Judge of the United States Tax Court for a term of fifteen years, 10 a.m., SD–215. Committee on Foreign Relations: February 2, to receive a closed briefing on Russia, the European Union, and American foreign policy, 5 p.m., SVC–217. February 3, Full Committee, to hold hearings to examine strains on the European Union, focusing on implications for American foreign policy, 10 a.m., SD–419."
194,CREC-1997-09-29-pt1-PgD1028,1,"(Committee meetings are open unless otherwise indicated) Senate Committee on Banking, Housing, and Urban Affairs, to hold hearings on the nominations of Laura S. Unger, of New York, and Paul R. Carey, of New York, each to be a Member of the Securities and Exchange Commission, Dennis Dollar, of Mississippi, to be a Member of the National Credit Union Administration Board, Edward M. Gramlich, of Virginia, and Roger Walton Ferguson, of Massachusetts, each to be a Member of the Board of Governors of the Federal Reserve System, and Ellen Seidman, of the District of Columbia, to be Director of the Office of Thrift Supervision, Department of the Treasury, 9:30 a.m., SD–538. Committee on Commerce, Science, and Transportation, to hold hearings on the nominations of Michael K. Powell, of Virginia, Harold W. Furchtgott-Roth, of the District of Columbia, and Gloria Tristani, of New Mexico, each to be a Member of the Federal Communications Commission, 9:30 a.m., SR–253. Full Committee, to hold hearings to examine the President’s request for fast-track trade negotiation authority, 2:30 p.m., SR–253. Committee on Energy and Natural Resources, to hold oversight hearings on the impacts of a new climate treaty on U.S. labor, electricity supply, manufacturing, and the general economy, 9:30 a.m., SD–366. Committee on Environment and Public Works, business meeting, to mark up S. 1180, to authorize funds for programs of the Endangered Species Act, 9:30 a.m., SD–406. Committee on Governmental Affairs, to resume hearings to examine certain matters with regard to the committee’s special investigation on campaign financing, 10 a.m.,"
195,CREC-2015-05-15-pt1-PgD550-3,1,"Frm 00003 Fmt 0627 the Armed Forces; instead, it should be the patriotism of these organizations to do so of their own free will in support of our brave servicemen and women. (3) Any funds that would be saved from this Sense of Congress should be redirected towards post-traumatic stress disorder research and treatment for servicemembers; Nunes (No. 135) that clarifies that any realignment of forces at Lajes Air Force Base, Azores, shall be based on United States operational requirements; Pages H3226–28 Rohrabacher amendment (No. 23 printed in H. Rept. 114–112) that was debated on May 14 that seeks to acknowledge Dr. Afridi’s instrumental role in identifying the hiding place of Osama bin Laden and further state that it is the Sense of Congress that Dr. Shakil Afridi is an international hero and that the Government of Pakistan should release him immediately from prison (by a recorded vote of 413 ayes to 1 noe with two answering ‘‘present’’, Roll No. 233); Page H3230 Lamborn amendment (No. 27 printed in H. Rept. 114–112) that was debated on May 14 that seeks to limit funding for implementing the New START treaty (by a recorded vote of 235 ayes to 182 noes, Roll No. 234); Pages H3230–31 Lucas amendment (No. 38 printed in H. Rept. 114–112) that was debated on May 14 that seeks to reverse and prohibit the further listing of the Lesser Prairie Chicken as a threatened or endangered species until 2021, thereby allowing the states to implement their voluntary Range-Wide Conservation Plan for the Lesser Prairie Chicken’s habitat; delists the American Burying Beetle as a threatened or endangered species under the Endangered Species Act (by a recorded vote of 229 ayes to 190 noes, Roll No. 236); Page H3232 Rejected: Blumenauer amendment (No. 32 printed in H. Rept. 114–112) that was debated on May 14 that sought to require funding for the Navy’s new Ohioclass replacement submarines to come from their traditional Navy accounts, instead of the Sea-Based Deterrent Fund; transfer funds from the Sea-Based Deterrent Fund back into their historic Navy budget lines (by a recorded vote of 43 ayes to 375 noes, Roll No. 235); and Pages H3231–32 Nadler amendment (No. 41 printed in H. Rept. 114–112) that was debated on May 14 that sought to strike section 3121, which places limits on funding for dismantlement of nuclear weapons (by a recorded vote of 178 ayes to 242 noes, Roll No. 237). Pages H3232–33 Agreed that the Clerk be authorized to make technical and conforming changes to reflect the actions of the House. Page H3236 Sfmt 0627"
196,CREC-2016-07-12-pt1-PgD786,1,"section 451; and McNerney (No. 40) that seeks to strike section 452; Pages H4772–74 Grijalva amendment (No. 41 printed in H. Rept. 114–683) that seeks to strike section 453; Pages H4774–75 Blackburn amendment (No. 43 printed in H. Rept. 114–683) that seeks to impose a 1 percent across-the-board spending cut to the bill; Pages H4776–77 Boustany amendment (No. 45 printed in H. Rept. 114–683) that seeks to ensure that no money is permitted for the implementation of the Well Control Rule; Pages H4778–79 Byrne amendment (No. 50 printed in H. Rept. 114–683) that seeks to prohibit funding from being used to implement, administer, or enforce the Obama administration’s National Ocean Policy; Pages H4794–95 Goodlatte amendment (No. 57 printed in H. Rept. 114–683) that seeks to prohibit the Environmental Protection Agency from using any funds to take retaliatory, or EPA described ‘‘backstop’’ actions, against any of the six states in the Chesapeake Bay Watershed in the event that a state does not meet the goals mandated by the EPA’s Chesapeake Bay Total Maximum Daily Load; Pages H4798–99 Graham amendment (No. 63 printed in H. Rept. 114–683) that seeks to ensure none of the funds made available by the Act may be used to research, investigate, or study offshore drilling in the Eastern Gulf of Mexico Planning Area; Page H4801 King (IA) amendment (No. 64 printed in H. Rept. 114–683) that seeks to ensure that no funds appropriated by this Act can be used to implement, administer, or enforce Davis-Bacon prevailing rate wage requirements; Pages H4801–03 Lamborn amendment (No. 67 printed in H. Rept. 114–683) that seeks to prohibit the use of funds to implement or enforce the threatened species or endangered species listing of any plant or wildlife that has not undergone a periodic 5 year review as required by section 4(c)(2) of the Endangered Species Act of 1973; Pages H4804–05 Lamborn amendment (No. 68 printed in H. Rept. 114–683) that seeks to prohibit the use of funds to implement or enforce the threatened species listing of the Preble’s meadow jumping mouse; Pages H4805–06 Murphy (FL) amendment (No. 72 printed in H. Rept. 114–683) that seeks to provide that none of the funds from this act shall be used to carry out seismic airgun testing or seismic airgun surveys in SSpencer on DSK4SPTVN1PROD with DIGEST the OCS Planning Areas located within the EEZ bordering the State of Florida; and Pages H4808–09 Newhouse amendment (No. 73 printed in H. Rept. 114–683) that seeks to prohibits the use of VerDate Sep 11 2014 08:41 Jul 13, 2016 Jkt 059060"
197,CREC-2016-07-12-pt1-PgD786,2,"funds by the U.S. Fish & Wildlife Service and the Department of Interior to treat any Gray Wolf in the 48 contiguous states as an endangered or threatened species under the Endangered Species Act after June 13, 2017. Pages H4809–10 H. Res. 820, the rule providing for consideration of the bill (H.R. 5538) was agreed to by a yea-andnay vote of 237 yeas to 179 nays, Roll No. 407, after the previous question was ordered by a yea-andnay vote of 236 yeas to 174 nays, Roll No. 406. Pages H4675–76, H4677–78, H4686–87, H4687–88 Senate Messages: Message received from the Senate and message received from the Senate by the Clerk and subsequently presented to the House today appears on page H4750. Senate Referral: S. Con. Res. 44 was referred to the Committee on Armed Services. Page H4812 Quorum Calls—Votes: Eight yea-and-nay votes and twenty-one recorded votes developed during the proceedings of today and appear on pages H4673,"
198,CREC-2024-12-16-pt1-PgD1143-2,1,"H.R. 9533, to amend the Endangered Species Act of 1973 to optimize conservation through resource prioritization, incentivize wildlife conservation on private lands, provide for greater incentives to recover listed species, create greater transparency and accountability in recovering listed species, and limit reasonable and prudent measures, with an amendment (H. Rept. 118–879); H.R. 8665, to amend the Energy Independence and Security Act of 2007 to direct research, development, demonstration, and commercial application activities in support of supercritical geothermal and closed-loop geothermal systems in supercritical various conditions, and for other purposes, with an amendment (H. Rept. 118–880, Part 1); H.R. 4748, to provide for the recognition of certain Alaska Native communities and the settlement of certain claims under the Alaska Native Claims Settlement Act, and for other purposes, with an amendment (H. Rept. 118–881); H.R. 6210, to designate the General George C. Marshall House, in the Commonwealth of Virginia, as an affiliated area of the National Park System, and for other purposes, with an amendment (H. Rept. 118–882); H.R. 6489, to amend the Alaska Native Claims Settlement Act to provide that Village Corporations shall not be required to convey land in trust to the State of Alaska for the establishment of Municipal Corporations, and for other purposes (H. Rept. 118–883); H.R. 1586, to allow the Secretary of the Interior and the Secretary of Agriculture to use a fire retardant, chemical, or water for fire suppression, control,"
199,CREC-2015-06-03-pt1-PgD639,1,"Frm 00004 Fmt 0627 funds from being used with respect to the case State of Texas v. United States of America (No. B–14–254 in the United States District Court for the Southern District of Texas and No. 15–40238 in the United States Court of Appeals for the Fifth Circuit) (by a recorded vote of 222 ayes to 204 noes, Roll No. 293); Pages H3801–02, H3813 King (IA) amendment that prohibits the use of State and Local Law Enforcement Assistance in contravention of the Immigration Reform and Immigrant Responsibility Act of 1996 (by a recorded vote of 227 ayes to 198 noes, Roll No. 294); and Pages H3804–05, H3813–14 Denham amendment that prohibits the use of funds for NOAA to implement in the California Central Valley Recovery Domain any existing recovery plan for salmon and steelhead populations listed under the Endangered Species Act of 1978 as threatened species or endangered species if that recovery plan does not address predation by non-native species (by a recorded vote of 245 ayes to 181 noes, Roll No. 295). Pages H3807–08, H3814–15 Rejected: Pittenger amendment that was debated on June 2nd that sought to increase funding, by offset, for salaries and expenses of the FBI by $25,000,000 (by a recorded vote of 163 ayes to 263 noes, Roll No. 275); Pages H3781–82 Nadler amendment that was debated on June 2nd that sought to strike section 527 of the bill, which prohibits use of funds to transfer, release, or assist in the transfer or release to or within the U.S., its territories, or possessions Khalid Sheikh Mohammed or any other detainee who is not a U.S. citizen or a member of the Armed Forces of the U.S. and is or was held on or after June 24, 2009, at the U.S. Naval Station, Guantanamo Bay, Cuba, by the Department of Defense (by a recorded vote of 170 ayes to 256 noes, Roll No. 276); Page H3782 Farr amendment that was debated on June 2nd that sought to strike section 540 from the bill, which prohibits use of funds to facilitate, permit, license, or promote exports to the Cuban military or intelligence service or to any officer of the Cuban military or intelligence service, or an immediate family member thereof (by a recorded vote of 153 ayes to 273 noes, Roll No. 277); Pages H3782–83 Blackburn amendment (No. 1 printed in the Congressional Record of June 1, 2015) that was debated on June 2nd that sought to reduce amounts made available by 1 percent, except those amounts made available to the Federal Bureau of Investigation and certain accounts of the Department of Justice (by a recorded vote of 168 ayes to 257 noes, Roll No. 278); Pages H3783–84 Sfmt 0627"
200,CREC-2016-03-15-pt1-PgD259,1,"Frm 00008 Fmt 0627 Committee on Financial Services, Full Committee, hearing entitled ‘‘The Semi-Annual Report of the Bureau of Consumer Financial Protection’’, 10 a.m., 2128 Rayburn. Subcommittee on Oversight and Investigations, hearing entitled ‘‘The FDIC’s Targeting of Refund Anticipation Loans’’, 2 p.m., 2128 Rayburn. Committee on Foreign Affairs, Full Committee, markup on H. Res. 343, expressing concern regarding persistent and credible reports of systematic, state-sanctioned organ harvesting from non-consenting prisoners of conscience in the People’s Republic of China, including from large numbers of Falun Gong practitioners and members of other religious and ethnic minority groups; and H.R. 4678, to prohibit modification, abrogation, abandonment, or other related actions with respect to United States jurisdiction and control over United States Naval Station, Guantanamo Bay, Cuba, without congressional action, 10 a.m., 2172 Rayburn. Committee on Homeland Security, Full Committee, hearing entitled ‘‘DHS in Today’s Dangerous World: Examining the Department’s Budget and Readiness to Counter Homeland Threats’’, 10 a.m., 311 Cannon. Committee on House Administration, Full Committee, markup on a resolution to amend the Committee regulations collectively known as the Guide to Outfitting and Maintaining an Office of the U.S. House of Representatives; a resolution to approve regulations pursuant to H. Res. 5 regarding Congressional Member Organizations; a resolution to amend the Committee regulations collectively known as the Members’ Congressional Handbook; and a resolution to amend the Committee regulations collectively known as the Committee Handbook, 10:30 a.m., 1310 Longworth. Committee on the Judiciary, Full Committee, markup on H.R. 4731, the ‘‘Refugee Program Integrity Restoration Act of 2016’’, 10 a.m., 2141 Rayburn. Committee on Natural Resources, Full Committee, markup on H.R. 87, the ‘‘Shiloh National Military Park Boundary Adjustment and Parker’s Crossroads Battlefield Designation Act’’; H.R. 295, to reauthorize the Historically Black Colleges and Universities Historic Preservation program; H.R. 329, the ‘‘Indian Employment, Training and Related Services Consolidation Act of 2015’’; H.R. 496, the ‘‘Alabama Hills National Scenic Area Establishment Act’’; H.R. 1621, to modify the boundary of Petersburg National Battlefield in the Commonwealth of Virginia, and for other purposes; H.R. 1838, the ‘‘Clear Creek National Recreation Area and Conservation Act’’; H.R. 2009, the ‘‘Pascua Yaqui Tribe Land Conveyance Act of 2015’’; H.R. 2733, the ‘‘Nevada Native Nations Land Act’’; H.R. 3070, the ‘‘EEZ Clarification Act’’; H.R. 3211, to provide for the addition of certain real property to the reservation of the Siletz Tribe in the State of Oregon; H.R. 3826, the ‘‘Mount Hood Cooper Spur Land Exchange Clarification Act’’; H.R. 4245, to exempt importation and exportation of sea urchins and sea cucumbers from licensing requirements under the Endangered Species Act of 1973; H.R. 4579, the ‘‘Utah Test and Training Range Encroachment Prevention and Temporary Closure Act’’; and H.R. 4680, to prepare the National Park Service for its Centennial in 2016 and for a second Sfmt 0627"
201,CREC-1995-03-06-pt1-PgD293-2,1,"Committee on Environment and Public Works, Drinking Water, Fisheries, and Wildlife, to hold hearings on S. 191, to revise the Endangered Species Act of 1973 to ensure that constitutionally protected private property rights are not infringed until adequate protection is afforded by reauthorization of the act, and to protect against economic losses from critical habitat designation, and other proposed legislation to institute a moratorium on certain activities under authority of the Endangered Species Act, 9:30 a.m., SD–406. Committee on Finance, to hold hearings to examine the Federal Communication Commission’s tax certificate program, 9 a.m., SD–215. Committee on Foreign Relations, to hold hearings on the Convention on Prohibitions or Restrictions on the Use of Certain Conventional Weapons Which May Be Deemed to be Excessively Injurious or To Have Indiscriminate Effects (The Convention on Conventional Weapons) (Treaty Doc. 103–25), 10 a.m., SD–419. Subcommittee on Near Eastern and South Asian Affairs, to hold hearings to examine United States policy toward South Asia, 2 p.m., SD–419. Committee on Governmental Affairs, business meeting, to mark up S. 219, to ensure economy and efficiency of Federal Government operations by establishing a moratorium on regulatory rulemaking actions, 10 a.m., SD–342. Committee on the Judiciary, to hold hearings to examine the jury process, focusing on the search for truth in trials, 10 a.m., SD–226. Committee on Veterans’ Affairs, to hold joint hearings with the House Committee on Veterans Affairs to review the legislative recommendations of the Veterans of Foreign Wars, 9:30 a.m., 345 Cannon Building. Committee on Indian Affairs, to hold oversight hearings to review Federal programs which address the challenges facing Indian youth, 10 a.m., SR–485."
202,CREC-2017-10-19-pt1-PgD1101,1,"Frm 00002 Fmt 0627 intrastate species under the Endangered Species Act of 1973. Pages S6625–28 By 48 yeas to 52 nays (Vote No. 243), Enzi (for Cantwell) Amendment No. 1301 (to Amendment No. 1116), to strike the reconciliation instructions for the Committee on Energy and Natural Resources of the Senate to prevent oil and gas development within the Arctic National Wildlife Refuge. Pages S6625–26, S6628 During consideration of this measure today, Senate also took the following action: By 47 yeas to 52 nays (Vote No. 227), three-fifths of those Senators duly chosen and sworn not having voted in the affirmative, Senate rejected the motion to waive section 305(b)(2) of the Congressional Budget Act of 1974 with respect to consideration of Cantwell/Van Hollen Amendment No. 1141 (to Amendment No. 1116), to create a point of order against legislation that would raise taxes on middle class families by double-taxing income already taxed at the state or local level. Subsequently, the point of order that the amendment violates section 305(b)(2) of the Congressional Budget Act of 1974 was sustained, and the amendment thus fell. Pages S6603–04 By 47 yeas to 51 nays (Vote No. 231), three-fifths of those Senators duly chosen and sworn not having voted in the affirmative, Senate rejected the motion to waive section 305(b)(2) of the Congressional Budget Act of 1974 with respect to consideration of Enzi (for Heitkamp) Amendment No. 1228 (to Amendment No. 1116), to create a point of order against legislation that would increase taxes on taxpayers whose annual income is below $250,000. Subsequently, the point of order that the amendment violates section 305(b)(2) of the Congressional Budget Act of 1974 was sustained, and the amendment thus fell. Pages S6615–16, S6619–20 By 47 yeas to 52 nays (Vote No. 234), three-fifths of those Senators duly chosen and sworn not having voted in the affirmative, Senate rejected the motion to waive section 305(b)(2) of the Congressional Budget Act of 1974 with respect to consideration of Enzi (for Cardin/Blumenthal) Amendment No. 1375 (to Amendment No. 1116), to create a point of order against legislation that includes deficit-financed tax cuts. Subsequently, the point of order that the amendment violates section 305(b)(2) of the Congressional Budget Act of 1974 was sustained, and the amendment thus fell. Pages S6621–22 National Alcohol and Drug Addiction Recovery Month: Senate agreed to S. Res. 298, supporting the designation of September 2017 as ‘‘National Alcohol and Drug Addiction Recovery Month’’. Page S6700 National Day on Writing: Senate agreed to S. Res. 299, expressing support for the designation of Sfmt 0627"
203,CREC-2014-07-16-pt1-PgD796,1,"Committee on Environment and Public Works: Subcommittee on Water and Wildlife concluded a hearing to examine S. 571, to amend the Federal Water Pollution Control Act to establish a deadline for restricting sewage dumping into the Great Lakes and to fund programs and activities for improving wastewater discharges into the Great Lakes, S. 1153, to establish an improved regulatory process for injurious wildlife to prevent the introduction and establishment in the United States of nonnative wildlife and wild animal pathogens and parasites that are likely to cause harm, S. 1175, to require the Secretary of the Treasury to establish a program to provide loans and loan guarantees to enable eligible public entities to acquire interests in real property that are in compliance with habitat conservation plans approved by the Secretary of the Interior under the Endangered Species Act of 1973, S. 1202, to establish an integrated Federal program to respond to ongoing and expected impacts of extreme weather and climate change by protecting, restoring, and conserving the natural resources of the United States, and to maximize government efficiency and reduce costs, in cooperation with State, local, and tribal governments and other entities, S. 1232, to amend the Federal Water Pollution Control Act to protect and restore the Great Lakes, H.R. 1300, to amend the Fish and Wildlife Act of 1956 to reauthorize the volunteer programs and community partnerships for the benefit of national wildlife refuges, S. 1381, to amend the Lacey Act Amendments of 1981 to clarify provisions enacted by the Captive Wildlife Safety Act, to further the conservation of certain wildlife species, S. 1650, to amend the Migratory Bird Treaty Act to exempt certain Alaska Native articles from prohibitions against sale of items containing nonedible migratory bird parts, S. 2225, to provide for a smart water resource management pilot program,"
204,CREC-2003-07-18-pt1-PgD848-3,1,"September 30, 2004, by a yea-and-nay vote of 377 yeas to 226 nays, Roll No. 395. Pages H7114–47 Rejected the Hoyer motion to recommit the bill to the Committee on Appropriations by a recorded vote of 99 ayes to 310 noes, Roll No. 394. Pages H7146–47 Pursuant to the unanimous consent agreement of July 17, the amendment dealing with the preservation and restoration of the Florida Everglades was considered as adopted. Agreed To: Tom Davis of Virginia amendment that strikes portions of Section 502 dealing with the purchase of American-Made Equipment and Products; Page H7140 Wilson of New Mexico amendment that prohibits any funds to be used to release water from the San Juan Chama Project or Middle Rio Grande Project for the purpose of complying with the Endangered Species Act; Pages H7140–41 Markey amendment that prohibits the transfer of any nuclear materials or nuclear production facilities to the Democratic People’s Republic of North Korea. Pages H7143–44 Rejected: Andrews amendment that sought to reduce funding for the Delaware River Main Channel deepening project by $7.7 million (rejected by recorded vote of 194 ayes to 213 noes, Roll No. 391); Pages H7126–29, H7144 Udall of Colorado amendment that sought to increase funding for renewable energy programs by"
205,CREC-2003-06-24-pt1-PgD726,1,"Subcommittee on Public Lands and Forests, to hold oversight hearings to examine grazing programs of the Bureau of Land Management and the Forest Service, focusing on grazing permit renewal, BLM’s potential changes to grazing regulations, range monitoring, drought, and other grazing issues, 2:30 p.m., SD–366. Committee on Environment and Public Works: Subcommittee on Fisheries, Wildlife, and Water, to hold oversight hearings to examine the consulting process required by Section 7 of the Endangered Species Act, 9:30 a.m., SD–406. Committee on Foreign Relations: to hold hearings to examine the implementation of the African Growth and Opportunity Act (P.L. 106–200), 9:30 a.m., SD–419. Subcommittee on Near Eastern and South Asian Affairs, with the Committee on the Judiciary, Subcommittee on Constitution, Civil Rights and Property Rights, to hold joint hearings to examine constitutionalism, human rights, and the Rule of Law in Iraq, 2 p.m., SD–226. Subcommittee on European Affairs, to hold hearings to examine the progress and challenges to the successor states to Pre-1991 Yugoslavia, 2:30 p.m., SD–419. Committee on Governmental Affairs: to hold hearings to examine the nomination of Joshua B. Bolten, of the District of Columbia, to be Director of the Office of Management and Budget, 9:30 a.m., SD–342. Committee on Health, Education, Labor, and Pensions: business meeting to consider S. 1248, to reauthorize the Individuals with Disabilities Education Act, and the nominations of David Hall, of Massachusetts, to be a Member of the Board of Directors of the Legal Services Corporation, Lillian R. BeVier, of Virginia, to be a Member of the Board of Directors of the Legal Services Corporation, and certain nominations in the Public Health Service, 10 a.m., SD–106. Committee on the Judiciary: to hold oversight hearings to examine the Department of Justice Inspector General’s Report on the 9/11 detainees, 10 a.m., SD–226. Subcommittee on Constitution, Civil Rights and Property Rights, with the Committee on Foreign Relations, Subcommittee on Near Eastern and South Asian Affairs, to hold joint hearings to examine constitutionalism, human rights, and the Rule of Law in Iraq, 2 p.m.,"
206,CREC-1997-09-22-pt1-PgD984-3,1,"(Committee meetings are open unless otherwise indicated) Senate Committee on Commerce, Science, and Transportation, business meeting, to mark up S. 1193, to extend the authorization of the aviation insurance program, and S. 1196, to require the National Transportation Safety Board and individual foreign air carriers to address the needs of families of passengers involved in aircraft accidents involving foreign air carriers, and to consider the nominations of W. Scott Gould, of the District of Columbia, to be Chief Financial Officer and Assistant Secretary, and Robert L. Mallett, of Texas, to be Deputy Secretary, both of the Department of Commerce, 10 a.m., SR253. Committee on Environment and Public Works, to hold hearings on S. 1180, to authorize funds for programs of the Endangered Species Act, 9:30 a.m., SD406. Committee on Finance, to hold hearings to examine the practices and procedures of the Internal Revenue Service, 9 a.m., SD106. Committee on Foreign Relations, to hold hearings on the nominations of Corinne Claiborne Boggs, of Louisiana, to be Ambassador to the Holy See, R. Nicholas Burns, of Virginia, to be Ambassador to Greece, Thomas M. Foglietta, of Pennsylvania, to be Ambassador to Italy, and"
207,CREC-1995-05-12-pt1-PgD597,1,"Immigration Policy Toward Cuba, 10 a.m., 2172 Rayburn. Committee on the Judiciary, May 16, Subcommittee on Commercial and Administrative Law, hearing on the reauthorization of the Legal Services Corporation, 2 p.m., 2226 Rayburn. May 16, Subcommittee on Courts and Intellectual Property, to mark up the following bills: H.R. 587, to amend title 35, United States Code, with respect to patents on biotechnological processes; H.R. 1443, Court Arbitration Authorization Act of 1995; H.R. 1170, to provide that cases challenging the constitutionality of measures passed by State referendum be heard by a threejudge court; H.R. 1445, to amend rule 30 of the Federal Rules of Civil Procedure to restore the stenographic preference for depositions; S. 464, to make the reporting deadlines for studies conducted in Federal court demonstration districts consistent with the deadlines for pilot districts; and S. 532, to clarify the rules governing venue, 2 p.m., B–352 Rayburn. May 17, Subcommittee on the Constitution, hearing on authorization and oversight of the Office of Government Ethics, 10 a.m., 2226 Rayburn. May 17, Subcommittee on Crime, hearing on law enforcement technologies, 9:30 a.m., 2154 Rayburn. May 17, Subcommittee on Immigration and Claims, oversight hearing on legal immigration reform proposals, 9:30 a.m., 2141 Rayburn. May 18, full Committee, to mark up H.R. 1528, Antitrust Consent Decree Reform Act of 1995, 9:30 a.m., 2141 Rayburn. Committee on National Security, May 17, Subcommittee on Military Installations and Facilities, to mark up H.R. 1530, National Defense Authorization for Fiscal Year 1996, 3 p.m., 2212 Rayburn. May 17, Special Oversight Panel on the Merchant Marine, to mark up the following bills: H.R. 1347, Maritime Administration Authorization Act for Fiscal Year 1996; H.R. 1349, Panama Canal Commission Authorization for Fiscal Year 1996; and H.R. 1350, Maritime Security Act of 1995, 10 a.m., 2212 Rayburn. May 17, Special Oversight Panel on Morale, Welfare and Recreation, to mark up H.R. 1530, National Defense Authorization for Fiscal Year 1996, 1 p.m., 2212 Rayburn. May 18, Subcommittee on Military Personnel, to mark up H.R. 1530, National Defense Authorization for Fiscal Year 1996, 1 p.m., 2212 Rayburn. May 18, Subcommittee on Military Readiness, to mark up H.R. 1530, National Defense Authorization for Fiscal Year 1996, 10 a.m., 2212 Rayburn. Committee on Resources, May 16, Subcommittee on Energy and Mineral Resources, hearing on H.R. 699, Royalty Relief Act of 1995, 1 p.m., 1334 Longworth. May 16, Subcommittee on Fisheries, Wildlife and Oceans, hearing on H.R. 1112, to transfer management of the Tishomingo National Wildlife Refuge to the State of Oklahoma, 2 p.m., 1324 Longworth. May 16, Subcommittee on National Parks, Forests and Lands, hearing on H.R. 1296, to provide for the administration of certain Presidio properties at minimal cost to the Federal taxpayer, 10 a.m., 1334 Longworth. May 17, full Committee, to consider pending business, 11 a.m., 1324 Longworth. May 17, Task Force on Private Property, oversight hearing on Private Property Rights, 2 p.m., 1334 Longworth. May 18, Subcommittee on National Parks, Forest and Lands, hearing on the following bills: H.R. 629, the Fall River Visitor Center Act of 1995; H.R. 238, Ozark Wild Horse Protection Act, and prohibit the removal of such horses; H.R. 826, to extend the deadline for the completion of certain land exchanges involving the Big Thicket National Preserve in Texas; and H.R. 1508, to require the transfer of title to the District of Columbia certain real property in Anacostia Park to facilitate the construction of National Children’s Island, a cultural, educational and family-oriented park, 10 a.m., 1324 Longworth. May 18, Task Force on Endangered Species Act, to continue oversight hearings on the endangered Species Act, 2 p.m., 1334 Longworth. May 18, Subcommittee on Water and Power Resources, oversight hearing on the transfer of the Federal Power Marketing Administration, 10 a.m., 1324 Longworth. Committee on Rules, May 16, to consider the Budget Resolution for Fiscal Year 1996, 11 a.m., H–313 Capitol. Committee on Science, May 16, Subcommittee on Technology, hearing on FAA Research and Acquisition Management, 9:30 a.m., 2325 Rayburn. Committee on Small Business, May 16, to mark up H.R. 1570, to amend the Small Business Act to reduce the level of participation by the Small Business Administration in certain loans guaranteed by the administration, 9 a.m., 2359 Rayburn. May 18, Subcommittee on Tax and Finance, hearing on flat tax, 10 a.m., 2359 Rayburn. Committee on Standards of Official Conduct, May 16 and 17, executive, to consider pending business, 4 p.m., HT–2M Capitol. Committee on Ways and Means, May 16, Subcommittee on Health, hearing to explore increasing and improving options for Medicare beneficiaries, with emphasis on Experience in Controlling Costs and Improving Quality in Employer-Based Plans, 10 a.m., 1100 Longworth. May 16, Subcommittee on Human Resources, hearing on Federal Unemployment Compensation System and Consolidation of Job Training Programs, 1 p.m., B–318 Rayburn. May 17, Subcommittee on Trade and the Subcommittee on Rules and Organization of the House of the Committee on Rules, to continue joint hearings on Extension of Fast Track Trade Negotiating Authority, 10 a.m., 1100 Longworth. May 18, Subcommittee on Trade, to mark up Extension of the GSP Program, and Extending Most-FavoredNation Status to Cambodia and Bulgaria, 10 a.m., 1100 Longworth. Permanent Select Committee on Intelligence, May 16, executive, hearing on legislation to permit the President to"
208,CREC-2002-06-18-pt1-PgD636,1,"Frm 00009 Fmt 0627 to improve access to physicians in medically underserved areas; H. Res. 417, recognizing and honoring the career and work of Justice C. Clifton Young; and H.R. 4864, Anti-Terrorism Explosives Act of 2002, 10 a.m., 2141 Rayburn. Subcommittee on Immigration, Border Security, and Claims, oversight hearing on ‘‘The Immigration and Naturalization Service’s (INS’s) Interior Enforcement Strategy,’’ 2 p.m., 2237 Rayburn. Committee on Resources, oversight hearing on the Washington Aqueduct and the effects of its discharge on the C&O Canal National Historic Park and the endangered shortnose sturgeon, 10 a.m., and to hold a continue hearing on H.R. 4840, Sound Science for Endangered Species Act Planning Act of 2002, 2 p.m., 1334 Longworth. Committee on Rules, to consider the following: H.R. 2114, National Monument Fairness Act; and H.R. 4931, Permanent Retirement Security and Pension Reform Act of 2002, 1:30 p.m., H–313 Capitol. Committee on Small Business, hearing on How Limiting International Visitor Visas Hurts Small Business Tourism, 10 a.m., 2360 Rayburn. Committee on Transportation and Infrastructure, Subcommittee on Aviation, to mark up H.R. 4635, Arming Pilots Against Terrorism Act, 10 a.m., 2167 Rayburn."
209,CREC-1998-03-04-pt1-PgD172,1,"Subcommittee on Military Construction, on the Quality of Life and Senior Enlisted from each Service, 9:30 a.m., B–300 Rayburn. Subcommittee on National Security, on FY 1999 Air Force Budget Overview, 10 a.m., 2212 Rayburn, and, executive, on FY 1999 Air Force Acquisition Program, 1:30 p.m., H–140 Capitol. Subcommittee on Transportation, on the Coast Guard, 10 a.m., 2358 Rayburn. Subcommittee on Treasury, Postal Service, and General Government, on Financial Management Services, the Bureau of Engraving and Printing and the Mint, 10 a.m., 2359 Rayburn. Subcommittee on VA, HUD and Independent Agencies, on Community Development Financial Institutions, 9 a.m., H–143 Capitol. Committee on Banking and Financial Services, to mark up H.R. 3114, International Monetary Fund Reform and Authorization Act of 1998, 10 a.m., 2128 Rayburn. Committee on Commerce, Subcommittee on Finance and Hazardous Materials, hearing on H.R. 3000, Superfund Reform Act, 10 a.m., 2322 Rayburn. Subcommittee on Health and Environment, hearing on the Tobacco Settlement, 10 a.m., 2123 Rayburn. Committee on Education and the Workforce, Subcommittee on Postsecondary Education, Training and Life-Long Learning, hearing on Developing a Consensus on Student Loan Interest Rates, 11 a.m., 2175 Rayburn. Subcommittee on Workforce Protections, to mark up the following bills: H.R. 2888, Sales Incentive Compensation Act; and H.R. 2327, Drive for Teen Employment Act, 9:30 a.m, 2261 Rayburn. Committee on Government Reform and Oversight, to mark up the following bills: H.R. 3249, Federal Retirement Coverage Corrections Act; and H.R. 2883, Government Performance and Results Act Technical Amendments of 1997, 9:30 a.m., 2154 Rayburn. Subcommittee on Government Management, Information and Technology, hearing on Oversight of the Federal Election Commission, 10 a.m., 2247 Rayburn. Subcommittee on Human Resources, oversight hearing on Public Health 2000: Hepatitis C, the Silent Epidemic, 10:30 2154 Rayburn. Subcommittee on National Economic Growth, Natural Resources, and Regulatory Affairs, hearing on Small Business Paperwork Reduction Act of 1998, 2 p.m., 311 Cannon. Committee on House Oversight, to continue hearings on Campaign Reform, 10 a.m., 1310 Longworth. Committee on International Relations, hearing on the Administration’s Foreign Assistance Budget request for FY 1999, 10 a.m., 2172 Rayburn. Subcommittee on Asia and the Pacific, to mark up the following measures: H. Res. 364, urging the introduction and passage of a resolution on the human rights situation in the People’s Republic of China at the 54th Session of the United Nations Commission on Human Rights; H. Res. 361, calling for free and impartial elections in Cambodia; and H. Con. Res. 218, concerning the urgent need to establish a cease fire in Afghanistan and begin the transition toward a broad-based multiethnic government that observes international norms of behavior, 2 p.m., 2255 Rayburn. Subcommittee on International Economic Policy and Trade, hearing on Multilateral Agreement on Investment: Win, Lose or Draw for the U.S.? 1 p.m., 2200 Rayburn. Subcommittee on International Operations and the Subcommittee on Africa, joint hearing on the Ongoing Crisis in the Great Lakes, 1 p.m., 2172 Rayburn. Committee on the Judiciary, Subcommittee on Courts and Intellectual Property, oversight hearing regarding mass torts and class action lawsuits, 10 a.m., 2141 Rayburn. Subcommittee on Immigration and Claims, hearing on H.R. 2837, Naturalization Reform Act of 1998, 9:30 a.m., 2237 Rayburn. Committee on National Security, to continue hearings on the fiscal year 1999 National Defense authorization budget request, 9:30 a.m., 2118 Rayburn. Subcommittee on Military Procurement and Subcommittee on Military Research and Development, to continue joint hearings on FY 1999 Department of Defense, emphasis on Army modernization, 2 p.m., 2118 Rayburn. Committee on Resources, oversight hearing on Endangered Species Act, 11 a.m., 1324 Longworth. Subcommittee on Forests and Forest Health, to mark up H.R. 2458, Community Protection and Hazardous Fuels Reduction Act of 1997, 3 p.m., 1334 Longworth. Committee on Science, to consider pending Committee business; to be followed by continuation of oversight hearings on the Road From Kyoto—Part 3: State Department Overview, 12 p.m., 2318 Rayburn. Committee on Transportation and Infrastructure, Subcommittee on Aviation, to mark up H.R. 2843, Aviation Medical Assistance Act of 1997; followed by a hearing on FAA’s modernization programs, 9 a.m., 2167 Rayburn. Subcommittee on Public Buildings and Economic Development, hearing on the GSA’s FY 1999 budget and related issues, 9 a.m., 2253 Rayburn. Committee on Veterans’ Affairs, Subcommittee on Benefits, to mark up the following bills: H.R. 3039, Veterans’ Transitional Housing Opportunities Act of 1997; and H.R. 3211, to amend title 38, United States Code, to enact into law eligibility requirements for burial at Arlington National Cemetery, H.R. 3213, to amend title 38, United States Code, to clarify enforcement of veterans’ employment rights with respect to a State as an employer or a private employer, to extend veterans’ employment and reemployment rights to members of the uniformed services employed abroad by United States companies, 10 a.m., 334 Cannon."
210,CREC-2014-09-08-pt1-PgD921,1,"Committee on Homeland Security, Subcommittee on Cybersecurity, Infrastructure Protection, and Security Technologies; and the Subcommittee on Research and Technology of the Committee on Science, Space, and Technology, joint hearing entitled ‘‘Strategy and Mission of the DHS Science and Technology Directorate’’, 10 a.m., 311 Cannon. Committee on the Judiciary, Full Committee, hearing entitled ‘‘Access to Justice?: Does DOJ’s Office of Inspector General Have Access to Information Needed to Conduct Proper Oversight?’’, 10 a.m., 2141 Rayburn. Subcommittee on the Constitution and Civil Justice, hearing on proposing an amendment to the Constitution of the United States relating to parental rights, 2 p.m., 2141 Rayburn. Committee on Natural Resources, Full Committee, hearing on the following legislation: H.R. 1314, to amend the Endangered Species Act of 1973 to establish a procedure for approval of certain settlements; H.R. 1927, the ‘‘More Water and Security for Californians Act’’; H.R. 4256, the ‘‘Endangered Species Improvement Act of 2014’’; H.R. 4284, the ‘‘ESA Improvement Act of 2014’’; H.R. 4319, the ‘‘Common Sense in Species Protection Act of 2014’’; and H.R. 4866, the ‘‘Lesser Prairie Chicken Voluntary Recovery Act of 2014’’, 10 a.m., 1324 Longworth. Subcommittee on Public Lands and Environmental Regulation, hearing on the following legislation: H.R. 3326, the ‘‘Trinity County Land Exchange Act of 2013’’; H.R. 3411, the ‘‘Sabine National Forest Land Exchange Act of 2013’’; H.R. 4846, the ‘‘Arapaho National Forest Boundary Adjustment Act of 2014’’; H.R. 5003, the ‘‘Kennesaw Mountain National Battlefield Park Boundary Adjustment Act of 2014’’; H.R. 5040, the ‘‘Idaho County Shooting Range Land Conveyance Act’’; H.R. 5074, the ‘‘Land Adjacency Notification and Disclosure Act’’; H.R. 5162, to amend the Act entitled ‘‘An Act to allow a certain parcel of land in Rockingham County, Virginia, to be used for a child care center’’ to remove the use restriction, and for other purposes; and H.R. 5167, to direct the Administrator of General Services, on behalf of the Secretary of the Interior, to convey certain Federal property located in the National Petroleum Reserve in Alaska to the Olgoonik Corporation, an Alaska Native Corporation established under the Alaska Native Claims Settlement Act, 2 p.m., 1324 Longworth. Committee on Oversight and Government Reform, Subcommittee on Federal Workforce, U.S. Postal Service, and the Census, hearing entitled ‘‘Examining the Administration’s Treatment of Whistleblowers’’, 2 p.m., 2154 Rayburn. Committee on Rules, Full Committee, hearing on H.R. 3522, the ‘‘Employee Health Care Protection Act of 2013’’, 3 p.m., H–313 Capitol. Committee on Science, Space, and Technology, Subcommittee on Energy; and Subcommittee on Oversight, joint subcommittee hearing entitled ‘‘Bakken Petroleum: The Subsmartinez on DSK4TPTVN1PROD with DIGEST stance of Energy Independence’’, 2 p.m., 2318 Rayburn. Committee on Transportation and Infrastructure, Subcommittee on Highways and Transit, hearing entitled ‘‘Surface Transportation Infrastructure Projects: Case VerDate Mar 15 2010 07:47 Sep 09, 2014 Jkt 039060"
211,CREC-1998-07-22-pt1-PgD810,1,"Committee on Environment and Public Works: Committee ordered favorably reported the following business items: S. 263, to prohibit the import, export, sale, purchase, possession, transportation, acquisition, and receipt of bear viscera or products that contain or claim to contain bear viscera, with an amendment in the nature of a substitute; S. 361, to amend the Endangered Species Act of 1973 to prohibit the sale, import, and export of products labeled as containing endangered species, with an amendment in the nature of a substitute; S. 659, to amend the Great Lakes Fish and Wildlife Restoration Act of 1990 to provide for implementation of recommendations of the United States Fish and Wildlife Service contained in the Great Lakes Fishery Restoration Study Report, with an amendment in the nature of a substitute; S. 1883, to direct the Secretary of the Interior to convey the Marion National Fish Hatchery and the Claude Harris National Aquacultural Research Center to the State of Alabama, with an amendment; S. 1970, to require the Secretary of the Interior to establish a program to provide assistance in the conservation of neotropical migratory birds, with an amendment; S. 2094, to amend the Fish and Wildlife Improvement Act of 1978 to enable the Secretary of the Interior to more effectively use the proceeds of sales of certain items, with an amendment; S. 2319, to authorize the use of receipts from the sale of migratory bird hunting and conservation stamps to promote additional stamp purchases; S. 2244, to amend the Fish and Wildlife Act of 1956 to promote volunteer programs and community partnerships for the benefit of national wildlife refugees; H.R. 1856, to amend the Fish and Wildlife Act of 1956 to direct the Secretary of the Interior to conduct a volunteer pilot project at one national"
212,CREC-2000-03-23-pt1-PgD260-2,1,"Frm 00012 tion on International Trade in Endangered Species of Wild Fauna and Flora, 2 p.m., 1334 Longworth. March 28, Subcommittee on Forests and Forest Health, hearing on H.R. 4021, Dillonwood Giant Sequoia Grove Park Expansion Act, 2 p.m., 1324 Longworth. March 29, full Committee, hearing on H.R. 3160, Common Sense Protections for Endangered Species Act, 11 a.m., 1324 Longworth. March 30, Subcommittee on Fisheries Conservation, Wildlife and Oceans, hearing on the following bills: H.R. 3176, to direct the Secretary of the Interior to conduct a study to determine ways of restoring the natural wetlands conditions in the Kealia Pond National Wildlife Refuge, Hawaii; and H.R. 3292, to provide for the establishment of the Cat Island National Wildlife Refuge in West Feliciana Parish, Louisiana, 2 p.m., 1324 Longworth. March 30, Subcommittee on National Parks, and Public Lands, hearing on the following bills: H.R. 2919, National Underground Railroad Freedom Center Act; and H.R. 3241, to direct the Secretary of the Interior to recalculate the franchise fee owed by Fort Sumter Tours, Inc., a concessioner providing service to Fort Sumter National Monument in South Carolina, 10 a.m., 1324 Longworth. March 30, Subcommittee on Water and Power, oversight hearing on California Central Valley Project (CVP) Operations and the CALFED Program, 10 a.m., 1334 Longworth. Committee on Science, March 28, Subcommittee on Technology, hearing on the Changing Face of Healthcare in the Electronic Age, 2 p.m., 2318 Rayburn. March 29, Subcommittee on Energy and Environment, hearing on Fiscal Year 2001 Budget Authorization Request: NOAA, 2 p.m., 2318 Rayburn. Committee on Small Business, March 28, Subcommittee on Empowerment, hearing on Bridging the Technological Gap: Initiatives to Combat the Digital Divide, 2 p.m., 2360 Rayburn. Committee on Transportation and Infrastructure, March 29, Subcommittee on Coast Guard and Maritime Transportation, oversight hearing on the Coast Guard icebreaking mission, 10 a.m., 2167 Rayburn. March 30, Subcommittee on Oversight, Investigations, and Emergency Management, hearing on Preparedness Against Terrorist Attacks Involving Weapons of Mass Destruction, 2 p.m., 2167 Rayburn. Committee on Ways and Means, March 28, Subcommittee on Oversight, hearing on the 2000 Tax Return Filing Season and the IRS Budget for Fiscal Year 2001, 2 p.m., 1100 Longworth. March 30, full Committee, hearing on the Future of the World Trade Organization, 11 a.m., 1100 Longworth."
213,CREC-2015-05-06-pt1-PgD501,1,"Committee on Environment and Public Works: Committee concluded a hearing to examine proposed budget estimates for fiscal year 2015 for the Fish and Wildlife Service, and S. 1036, to require the Secretary of the Interior and the Secretary of Agriculture to provide certain Western States assistance in the development of statewide conservation and management plans or the protection and recovery of sage-grouse species, S. 855, to amend the Endangered Species Act of 1973 to permit Governors of States to regulate intrastate endangered species and intrastate threatened species, S. 736, to amend the Endangered Species Act of 1973 to require disclosure to States of the basis of determinations under such Act, to ensure use of information provided by State, tribal, and county governments in decision making under such Act, S. 655, to prohibit the use of funds by the Secretary of the Interior to make a final determination on the listing of the northern long-eared bat under the Endangered Species Act of 1973, S. 468, to provide a categorical exclusion under the National Environmental Policy Act of 1969 to allow the Director of the Bureau of Land Management and the Chief of the Forest Service to remove Pinyon-Juniper trees to conserve and restore the habitat of the greater sage-grouse and the mule deer, S. 293, to amend the Endangered Species Act of 1973 to establish a procedure for approval of certain settlements, S. 292, to amend the Endangered Species Act of 1973 to require publication on the Internet of the basis for determinations that species are endangered species or threatened species, S. 112, to amend the Endangered Species Act of 1973 to require the Secretary of the Interior to publish and make available for public comment a draft economic analysis at the"
214,CREC-2017-02-14-pt1-PgD156,1,"Committee on Commerce, Science, and Transportation: Subcommittee on Surface Transportation and Merchant Marine Infrastructure, Safety and Security, to hold hearings to examine stakeholder perspectives on our multimodal transportation system, 2:30 p.m., SR–253. Committee on Environment and Public Works: to hold an oversight hearing to examine modernization of the Endangered Species Act, 10 a.m., SD–406. Committee on Foreign Relations: to hold hearings to examine ending modern slavery, focusing on building on success, 10 a.m., SD–419. Committee on Homeland Security and Governmental Affairs: to hold hearings to examine government operations susceptible to waste, fraud, and mismanagement, 2:45 p.m.,"
215,CREC-2020-09-22-pt1-PgD834,1,"Frm 00005 Fmt 0627 Committee on Commerce, Science, and Transportation: to hold hearings to examine the need for federal data privacy legislation, 10 a.m., SR–253. Committee on Environment and Public Works: to hold hearings to examine the Endangered Species Act Amendments of 2020, focusing on modernizing the Endangered Species Act, 10 a.m., SD–106. Committee on Health, Education, Labor, and Pensions: to hold hearings to examine COVID–19, focusing on an update on the federal response, 10 a.m., SD–G50. Committee on Homeland Security and Governmental Affairs: to hold hearings to examine the nomination of Chad F. Wolf, of Virginia, to be Secretary of Homeland Security, 10 a.m., SD–342. Committee on Indian Affairs: to hold hearings to examine S. 3126, to amend the Public Health Service Act to authorize a special behavioral health program for Indians, S. 3264, to expedite and streamline the deployment of affordable broadband service on Tribal land, S. 3937, to amend section 330C of the Public Health Service Act to reauthorize special programs for Indians for providing services for the prevention and treatment of diabetes, S. 4079, to authorize the Seminole Tribe of Florida to lease or transfer certain land, and S. 4556, to authorize the Secretary of Health and Human Services, acting through the Director of the Indian Health Service, to acquire private land to facilitate access to the Desert Sage Youth Wellness Center in Hemet, California, 2:30 p.m.,"
216,CREC-2005-04-28-pt2-PgD426-3,1,"Frm 00009 Fmt 0627 Sf Committee on International Relations, May 4, Subcommittee on the Middle East and Central Asia, hearing on 9/11 Recommendations Implementation Act Oversight, Part 1—Oppressors vs. Reformers in the Middle East and Central Asia, 3 p.m., 2172 Rayburn. May 5, full Committee, hearing on Promoting Democracy through Diplomacy, 9:30 a.m., 2172 Rayburn. Committee on the Judiciary, May 3, Subcommittee on Crime, Terrorism and the Committee on Homeland Security, oversight hearing on the Implementation of the USA PATRIOT Act: Sections 201, 202, 223 of the Act that Address Criminal Wiretaps, and Section 213 of the Act that Addresses Delayed Notice, 10 a.m., 2141 Rayburn. May 4, Subcommittee on Immigration, Border Security, and Claims, oversight hearing New Jobs in Recession and Recovery: Who are Getting Them and Who are Not? 10 a.m., 2141 Rayburn. May 5, Subcommittee on Crime, Terrorism and the Committee on Homeland Security, oversight hearing on the Implementation of the USA PATRIOT Act: Section 212—Emergency Disclosure of Electronic Communications to Life and Limb, 10 a.m., 2141 Rayburn. May 5, Subcommittee on Immigration, Border Security and Claims, oversight hearing on the New Dual Missions of the Immigration Enforcement Agencies, 2:30 a.m., 2141 Rayburn. Committee on Resources, May 4, Subcommittee on National Parks, oversight hearing on Personal Watercraft use in the National Park System, 10 a.m., 1334 Longworth. May 4, Subcommittee on Water and Power, oversight hearing entitled ‘‘Stabilizing Rural Electricity Service Through Common Sense Application of the Endangered Species Act,’’ 2 p.m., 1324 Longworth. Committee on Small Business, May 4, hearing entitled ‘‘Anticompetitive Threats from Public Utilities: Are Small Businesses Losing Out?’’ 2 p.m., 311 Cannon. Committee on Transportation and Infrastructure, May 4, Subcommittee on Aviation, oversight hearing entitled ‘‘Financial Condition of the Aviation Trust Fund: Are Reforms Needed?’’ 10 a.m., 2167 Rayburn. fmt 0627"
217,CREC-2014-03-25-pt1-PgD309-2,1,"House Committee on Agriculture, Subcommittee on Conservation, Energy, and Forestry, hearing to Review the impacts of Endangered Species Act and related litigation on National Forest System management, 10 a.m., 1300 Longworth. Committee on Appropriations, Subcommittee on Commerce, Justice, and Science, and Related Agencies, hearing on Federal Bureau of Investigation’s Post 9/11 Reform Efforts FY 2015 Budget and Oversight, 9 a.m., H–309 Capitol. Subcommittee on Agriculture, Rural Development, FDA, and Related Agencies, hearing on USDA Research, Education and Economic FY 2015 Budget, 10 a.m., 2362–A Rayburn. Subcommittee on Defense, hearing on Air Force Budget FY 2015, 10 a.m., H–140 Capitol. Subcommittee on Energy and Water Development, hearing on U.S. Army Corps of Engineers FY 2015 Budget, 10 a.m., 2362–B Rayburn. Subcommittee on Homeland Security, hearing on Federal Emergency Management Agency, FY 2015 Budget, 10 a.m., 2359 Rayburn. Subcommittee on Labor, Health and Human Services, and Education oversight hearing entitled ‘‘Future of Biomedical Research’’, 10 a.m., 2358–C Rayburn. Subcommittee on Defense, hearing on U.S. Pacific Command and U.S. Forces Korea, 2 p.m., H–140 Capitol. This is a closed hearing. Subcommittee on Energy and Water Development, hearing on Bureau of Reclamation FY 2015 Budget, 2 p.m., 2362–B Rayburn. Subcommittee on Financial Services and General Government, hearing on the Judiciary FY 2015 Budget, 2 jbell on DSK7SPTVN1PROD with DIGEST p.m., 2359 Rayburn. Committee on Armed Services, Subcommittee on Strategic Forces, hearing on Interim Report of the Advisory Panel VerDate Mar 15 2010 03:20 Mar 26, 2014 Jkt 039060"
218,CREC-1995-07-20-pt1-PgD889,1,"Committee on Environment and Public Works: Subcommittee on Drinking Water, Fisheries and Wildlife resumed hearings on proposed legislation authorizing funds for programs of the Endangered Species Act, focusing on the recovery, delisting and downlisting provisions and the international effects of the Endangered Species Act, receiving testimony from Mollie Beattie, Director, United States Fish and Wildlife Service, Department of the Interior;"
219,CREC-1995-07-10-pt1-PgD823-3,1,"Committee on Commerce, Science, and Transportation: July 11, to hold hearings to examine global aviation challenges, focusing on Tokyo, Heathrow, and beyond, 9:30 a.m., SR–253. July 12, Full Committee, to hold hearings to examine violence in television programs, 9:30 a.m., SR–253. Committee on Energy and Natural Resources: July 11, to hold hearings to review the Secretary of Energy’s strategic realignment and downsizing proposal and other alternatives to the existing structure of the Department of Energy, 9:30 a.m., SD–366. July 12, Full Committee, to hold hearings to review proposed regulatory disposition of Power Marketing Administrations, 9:30 a.m., SD–366. July 13, Subcommittee on Forests and Public Land Management, to hold hearings on S. 884, to designate certain public lands in the State of Utah as wilderness, 9:30 a.m., SD–366. Committee on Environment and Public Works: July 11, business meeting, to mark up proposed legislation regarding uniform discharge standards for U.S. Armed Forces vessels under the Clean Water Act, and proposed legislation waiving the local matching funds requirement for the fiscal years 1995 and 1996 District of Columbia highway program, 10 a.m., SD–406. July 12, Full Committee, to hold oversight hearings on the effects of proposals to statutorily redefine the constitutional right to compensation for property owners, with particular emphasis on Federal environmental laws, 9:30 a.m., SD–406. July 13, Drinking Water, Fisheries, and Wildlife, to hold hearings on proposed legislation authorizing funds for programs of the Endangered Species Act, 9 a.m.,"
220,CREC-1995-02-24-pt1-PgD241,1,"Committee on Environment and Public Works: March 1, Subcommittee on Superfund, Waste Control, and Risk Assessment, to hold hearings to examine proposals to authorize State and local governments to enact flow control laws and to regulate the interstate transportation of solid waste, 9 a.m., SD–406. March 2, Drinking Water, Fisheries, and Wildlife, to hold oversight hearings on efforts by the United States Forest Service and the National Marine Fisheries Service to comply with recent court decisions requiring consultation on forest plans under Section 7(a)(2) of the Endangered Species Act, 10 a.m., SD–406. Committee on Finance: February 28, to hold hearings to examine the Medicare Program, focusing on perspectives on the past and implications for the future, 9:30 a.m.,"
221,CREC-2018-11-09-pt1-PgD1159-3,1,"Public Bills and Resolutions Introduced: 3 resolutions, H. Res. 1139–1141 were introduced. Pages H9470–71 Additional Cosponsors: Page H9471 Reports Filed: Reports were filed today as follows: H.R. 6784, to provide for removal of the gray wolf in the contiguous 48 States from the List of Endangered and Threatened Wildlife published under the Endangered Species Act of 1973 (H. Rept. 115–1012); H.R. 2365, to convey certain Federal land in California to Apple Valley, California, Twentynine Palms, California, Barstow, California, and Victorville, California, with an amendment (H. Rept. 115–1013); and H.R. 6651, to extend certain authorities relating to United States efforts to combat HIV/AIDS, tuberculosis, and malaria globally, and for other purposes, with an amendment (H. Rept. 115–1014). Page H9470 Speaker: Read a letter from the Speaker wherein he appointed Representative McHenry to act as Speaker pro tempore for today. Page H9469 Quorum Calls—Votes: There were no Yea and Nay votes, and there were no Recorded votes. There were no quorum calls. Adjournment: The House met at 10:30 a.m. and adjourned at 10:32 a.m."
222,CREC-2015-01-28-pt1-PgD72,1,"By 53 yeas to 45 nays (Vote No. 34), Cruz Amendment No. 15 (to Amendment No. 2), to promote economic growth and job creation by increasing exports. (A unanimous-consent agreement was reached providing that the amendment, having failed to achieve 60 affirmative votes, the amendment was not agreed to.) Pages S556, S568–69 By 54 yeas to 44 nays (Vote No. 35), Moran/Cruz Amendment No. 73 (to Amendment No. 2), to delist the lesser prairie-chicken as a threatened species under the Endangered Species Act of 1973. (A unanimous-consent agreement was reached providing that the amendment, having failed to achieve 60 affirmative votes, the amendment was not agreed to.) Page S556 By 44 yeas to 52 nays (Vote No. 36), Whitehouse Amendment No. 148 (to Amendment No. 2), to require campaign finance disclosures for certain persons benefitting from tar sands development. (A unanimous-consent agreement was reached providing that the amendment, having failed to achieve 60 affirmative votes, the amendment was not agreed to.) Pages S556, S570 By 50 yeas to 47 nays (Vote No. 37), Daines Amendment No. 132 (to Amendment No. 2), to express the sense of Congress regarding the designation of National Monuments. (A unanimous-consent agreement was reached providing that the amendment, having failed to achieve 60 affirmative votes, the amendment was not agreed to.) Pages S556, S570–71 By 47 yeas to 51 nays (Vote No. 38), Coons Amendment No. 115 (to Amendment No. 2), to express the sense of Congress regarding climate change and infrastructure. (A unanimous-consent agreement was reached providing that the amendment, having failed to achieve 60 affirmative votes, the amendment was not agreed to.) Pages S556, S571 By 50 yeas to 48 nays (Vote No. 39), Murkowski Amendment No. 166 (to Amendment No. 2), to release certain wilderness study areas from management for preservation as wilderness. (A unanimousconsent agreement was reached providing that the amendment, having failed to achieve 60 affirmative votes, the amendment was not agreed to.) Pages S556, S558–66, S572 By 47 yeas to 51 nays (Vote No. 40), Heitkamp Amendment No. 133 (to Amendment No. 2), to express the sense of Congress that the Internal Revenue Code of 1986 should be amended to extend the credit with respect to facilities producing energy from certain renewable resources. (A unanimous-conemcdonald on DSK67QTVN1PROD with DIGEST sent agreement was reached providing that the amendment, having failed to achieve 60 affirmative votes, the amendment was not agreed to.) Pages S556, S572–73 VerDate Sep 11 2014 06:21 Jan 29, 2015 Jkt 049060"
223,CREC-1998-10-08-pt2-PgD1126,1,"Water Resources Development Act: Senate passed S. 2131, to provide for the conservation and development of water and related resources, to authorize the Secretary of the Army to construct various projects for improvements to rivers and harbors of the United States, after agreeing to a committee amendment in the nature of a substitute, and the following amendments proposed thereto: Pages S12073–87 Jeffords (for Chafee) Amendment No. 3798, to make certain technical corrections. Pages S12083–87 Jeffords (for Chafee) Amendment No. 3799, to provide for further water resource programs. Pages S12083–87 Rhinoceros and Tiger Conservation Act: Senate passed S. 361, to amend the Endangered Species Act of 1973 to prohibit the sale, import, and export of products labeled as containing endangered species, after agreeing to a committee amendment in the nature of a substitute, and the following amendment proposed thereto: Pages S12087–89 Jeffords (for Chafee) Amendment No. 3797, of a technical nature. Page S12088 Ireland Cultural and Training Program: Senate passed H.R. 4293, to establish a cultural and training program for disadvantaged individuals from Northern Ireland and the Republic of Ireland, clearing the measure for the President. Page S12089 Passage Vitiated: Senate vitiated passage of the following bills: Glacier Bay National Park Boundary Adjustment Act: H.R. 3903, to provide for an exchange of lands located near Gustavus, Alaska. (Passed October, 2, 1998) Page S12061 Lewis and Clark Rural Water System Act: S. 777, to authorize the construction of the Lewis and Clark Rural Water System and to authorize assistance to the Lewis and Clark Rural Water System, Inc., a nonprofit corporation, for planning and construction of the water supply system. (Passed October 7, 1998.) Page S12036 Freedom From Religious Persecution Act: Senate began consideration of H.R. 2431, to establish an Office of Religious Persecution Monitoring, and to provide for the imposition of sanctions against countries engaged in a pattern of religious persecution, taking action on the following amendment proposed thereto: Pages S11907–11, S11942–52, S11960 Adopted: Nickles Amendment No. 3789, in the nature of a substitute. Pages S11907–11, S11942–52, S11960 Prior to this action, the cloture motion was vitiated. Page S11907 A unanimous-consent agreement was reached providing further consideration of the bill on Friday, 9:45 a.m. Page S11885 Financial Services Act: Senate resumed consideration of H.R. 10, to enhance competition in the financial services industry by providing a prudential framework for the affiliation of banks, securities firms, and other financial service providers, with a committee amendment in the nature of a substitute. Pages S11912–42, S11960 VA/HUD Appropriations Conference Report: By 96 yeas to 1 nay (Vote No. 307), Senate agreed to the conference report on H.R. 4194, making appropriations for the Departments of Veterans Affairs and Housing and Urban Development, and for sundry independent agencies, boards, commissions, corporations, and offices for the fiscal year ending September 30, 1999, clearing the measure for the President. Pages S11833–47 Head Start/Low-Income Energy Assistance/Community Services Block Grant AuthorizationsConference Report: Senate agreed to the conference report on S. 2206, to amend the Head Start Act, the Low-Income Home Energy Assistance Act of 1981, and the Community Services Block Grant Act to reauthorize and make improvements to those Acts, and to establish demonstration projects that provide an opportunity for persons with limited means to accumulate assets. Pages S11865–72 WIPO Copyright Treaties Implementation ActConference Report: Senate agreed to the conference report on H.R. 2281, to amend title 17, United States Code, to implement the World Intellectual Property Organization Copyright Treaty and Performances and Phonograms Treaty, clearing the measure for the President. Pages S11887–92 Intelligence Authorizations Conference Report: Senate agreed to the conference report on H.R. 3694, to authorize appropriations for fiscal year 1999 for intelligence and intelligence-related activities of the United States Government, the Community Management Account, and the Central Intelligence Agency Retirement and Disability System, clearing the measure for the President. Pages S11902–07 Carl D. Perkins Tech-Prep Education Act Conference Report: Senate agreed to the conference report on H.R. 1853, to amend the Carl D. Perkins Vocational and Applied Technology Education Act. Pages S12034–35 Crime Identification Technology Act: Senate concurred in the amendment of the House to S. 2022, to provide for the improvement of interstate criminal justice identification, information, communications, and forensics, clearing the measure for the President. Pages S12036–43"
224,CREC-2015-05-05-pt1-PgD496-2,1,"Subcommittee on Department of Defense, to hold hearings to examine proposed budget estimates and justification for fiscal year 2016 for the Department of Defense, 10:30 a.m., SD–192. Committee on Commerce, Science, and Transportation: to hold hearings to examine the nominations of Daniel R. Elliott III, of Ohio, to be a Member of the Surface Transportation Board, and Mario Cordero, of California, to be a Federal Maritime Commissioner, 10 a.m., SR–253. Committee on Environment and Public Works: to hold hearings to examine proposed budget estimates for fiscal year 2015 for the Fish and Wildlife Service, and S. 1036, to require the Secretary of the Interior and the Secretary of Agriculture to provide certain Western States assistance in the development of statewide conservation and management plans or the protection and recovery of sagegrouse species, S. 855, to amend the Endangered Species SSpencer on DSK4SPTVN1PROD with DIGEST Act of 1973 to permit Governors of States to regulate intrastate endangered species and intrastate threatened species, S. 736, to amend the Endangered Species Act of 1973 to require disclosure to States of the basis of deterVerDate Sep 11 2014 03:40 May 06, 2015 Jkt 049060"
225,CREC-2015-05-05-pt1-PgD496-2,2,"Frm 00004 Fmt 0627 minations under such Act, to ensure use of information provided by State, tribal, and county governments in decision making under such Act, S. 655, to prohibit the use of funds by the Secretary of the Interior to make a final determination on the listing of the northern long-eared bat under the Endangered Species Act of 1973, S. 468, to provide a categorical exclusion under the National Environmental Policy Act of 1969 to allow the Director of the Bureau of Land Management and the Chief of the Forest Service to remove Pinyon-Juniper trees to conserve and restore the habitat of the greater sage-grouse and the mule deer, S. 293, to amend the Endangered Species Act of 1973 to establish a procedure for approval of certain settlements, S. 292, to amend the Endangered Species Act of 1973 to require publication on the Internet of the basis for determinations that species are endangered species or threatened species, S. 112, to amend the Endangered Species Act of 1973 to require the Secretary of the Interior to publish and make available for public comment a draft economic analysis at the time a proposed rule to designate critical habitat is published, and S. 1081, to end the use of body-gripping traps in the National Wildlife Refuge System, 9:30 a.m., SD–406. Committee on Foreign Relations: Subcommittee on Multilateral International Development, Multilateral Institutions, and International Economic, Energy, and Environmental Policy, to hold oversight hearings to examine multilateral and bilateral international development programs and policies, 2:30 p.m., SD–419. Committee on Health, Education, Labor, and Pensions: to hold hearings to examine reauthorizing the Higher Education Act, focusing on the role of consumer information in college choice, 10 a.m., SD–430. Committee on Homeland Security and Governmental Affairs: business meeting to consider S. 280, to improve the efficiency, management, and interagency coordination of the Federal permitting process through reforms overseen by the Director of the Office of Management and Budget, S. 1180, to amend the Homeland Security Act of 2002 to direct the Administrator of the Federal Emergency Management Agency to modernize the integrated public alert and warning system of the United States, S. 750, to achieve border security on certain Federal lands along the Southern border, S. 282, to provide taxpayers with an annual report disclosing the cost and performance of Government programs and areas of duplication among them, S. 1109, to require adequate information regarding the tax treatment of payments under settlement agreements entered into by Federal agencies, S. 1172, to improve the process of presidential transition, S. 434, to strengthen the accountability of individuals involved in misconduct affecting the integrity of background investigations, to update guidelines for security clearances, to prevent conflicts of interest relating to contractors providing background investigation fieldwork services and investigative support services, H.R. 623, to amend the Homeland Security Act of 2002 to authorize the Department of Homeland Security to establish a social media working group, S. 179, to designate the facility of the United States Postal Service located at 14 3rd Avenue, NW, in Sfmt 0627"
226,CREC-2005-09-28-pt1-PgD981,1,"on H.R. 3824, to amend and reauthorize the Endangered Species Act of 1973 to provide greater results conserving and recovering listed species, and for other purposes, equally divided and controlled by the chairman and ranking minority member of the Committee on Resources. The rule waives all points of order against consideration of the bill. The rule provides that in lieu of the amendment recommended by the Committee on Resources now printed in the bill, the amendment in the nature of a substitute consisting of the text of the Resources Committee Print dated September 26, 2005 shall be considered as an original bill for the purpose of amendment and shall be considered as read. The rule waives all points of order against that committee amendment in the nature of a substitute. The rule makes in order only those amendments printed in the Rules Committee report accompanying the resolution. The rule provides that the amendments printed in the report may be offered only in the order printed in the report, may be offered only by a member designated in the report, shall be considered as read, shall be debatable for the time specified in the report equally divided and controlled by the proponent and an opponent, shall not be subject to amendment, and shall not be subject to a demand for a division of the question in the House or in the Committee of the Whole. The rule waives all points of order against the amendments printed in the report. Finally, the rule provides one motion to recommit with or without instructions. Testimony was heard from Chairman Pombo and Representatives Saxton, Gilchrest, Calvert, Flake, Boehlert, Kirk and George Miller of California."
227,CREC-1996-09-09-pt1-PgD907,1,"Bills Introduced: 1 public bill, H.R. 4038, was introduced. Page H10111 Reports Filed: Reports were filed as follows: H.R. 2275, to reauthorize and amend the Endangered Species Act of 1973, amended (H. Rept. 104–778, Part I); and H.R. 2693, to require the Secretary of Agriculture to make a minor adjustment in the exterior boundary of the Hells Canyon Wilderness in the States of Oregon and Idaho to exclude an established Forest Service road inadvertently included in the Wilderness (H. Rept. 104–779). Pages H10110–11 Referrals: Three Senate-passed measures were referred to the appropriate House committees. Page H10110 Senate Messages: Message received from the Senate today appears on page H10109. Quorum Calls—Votes: No votes or quorum calls developed during the proceedings of the House today. Adjournment: Met at 12:00 noon and adjourned at 12:10 p.m."
228,CREC-2005-09-27-pt1-PgD970,1,"Public Bills and Resolutions Introduced: 30 public bills, H.R. 3897–3926; 1 private bill, H.R. 3927; and 13 resolutions, H.J. Res. 68; H. Con. Res. 250–254; and H. Res. 460–461, 463–467 were introduced. Pages H8386–88 Additional Cosponsors: Pages H8388–89 Reports Filed: Reports were filed today as follows: H.R. 2491, to amend the Solid Waste Disposal Act to authorize States to restrict receipt of foreign municipal solid waste and implement the Agreement Concerning the Transboundary Movement of Hazardous Waste between the United States and Canada, with an amendment (Rept. 109–235); H. Res. 462, providing for consideration of the bill (H.R. 3402) to authorize appropriations for the Department of Justice for fiscal years 2006 through 2009 (Rept. 109–236); and H.R. 3824, to amend and reauthorize the Endangered Species Act of 1973 to provide greater results conserving and recovering listed species, with an amendment (Rept. 109–237). Page H8386 Speaker: Read a letter from the Speaker wherein he appointed Representative Petri to act as Speaker pro tempore for today. Page H8359"
229,CREC-2016-06-15-pt1-PgD667,1,"Committee on Natural Resources: Full Committee concluded a markup on H. Res. 169, acknowledging and honoring brave young men from Hawaii who enabled the United States to establish and maintain jurisdiction in remote equatorial islands as prolonged conflict in the Pacific lead to World War II; H.R. 2316, the ‘‘Self-Sufficient Community Lands Act’’; H.R. 3062, the ‘‘Assuring Private Property Rights Over Vast Access to Land Act’’; H.R. 3094, the ‘‘Gulf States Red Snapper Management Authority Act’’; H.R. 3212, to amend the Grand Ronde Reservation Act to make technical corrections, and for other purposes; H.R. 3480, the ‘‘Fort Federica National Monument Boundary Expansion Act of 2015’’; H.R. 3650, the ‘‘State National Forest Management Act of 2015’’; H.R. 3734, the ‘‘Mining Schools Enhancement Act’’; H.R. 3839, the ‘‘Black Hills National Cemetery Boundary Expansion Act’’; H.R. 3843, the ‘‘Locatable Minerals Claim Location and Maintenance Fees Act of 2015’’; H.R. 3844, the ‘‘Energy and Minerals Reclamation Foundation Establishment Act of 2015’’; H.R. 3881, the ‘‘Cooperative Management of Mineral Rights Act of 2015’’; H.R. 4202, the ‘‘Fort Ontario Study Act’’; H.R. 4245, to exempt importation and exportation of sea urchins and sea cucumbers from licensing requirements under the Endangered Species Act of 1973; H.R. 4510, the ‘‘Bolts Ditch Access and Use Act’’; H.R. 4582, the ‘‘Save Our Salmon Act’’; H.R. 4685, the ‘‘Tule River Indian Reservation Land Trust, Health, and Economic Development Act’’; H.R. 4789, to authorize the Secretary of the Interior to establish a structure for visitor services on the Arlington Ridge tract, in the area of the U.S. Marine Corps War Memorial, and for other purposes; and H.R. 5244, the ‘‘Saint Francis Dam Disaster National Memorial Act’’. The following bills were ordered reported, as amended: H.R. 2316, H.R. 3094, H.R."
230,CREC-1995-03-03-pt1-PgD284,1,"March 9, Subcommittee on Aviation, to hold hearings to examine activities of the Denver International Airport, 2:30 p.m., SR–253. Committee on Energy and Natural Resources: March 6, to hold hearings on S. 333, to direct the Secretary of Energy to institute certain procedures in the performance of risk assessments in connection with environmental restoration activities, 2 p.m., SD–366. March 7, Subcommittee on Parks, Historic Preservation and Recreation, to hold joint hearings with the House Committee on Resources’ Subcommittee on National Parks, Forests, and Lands to review the health of the National Park System, 9:30 a.m., SD–366. March 8, Full Committee, to hold oversight hearings on domestic petroleum production and international supply, 9:30 a.m., SD–366. March 8, Subcommittee on Forests and Public Land Management, to hold oversight hearings on Forest Service appeals, 2 p.m., SD–366. March 9, Full Committee, business meeting, to consider the nomination of Wilma A. Lewis, of the District of Columbia, to be Inspector General, Department of the Interior; to be followed by a closed briefing on international aspects of petroleum supply, 9:30 a.m., S–407, Capitol. Committee on Environment and Public Works: March 7, Drinking Water, Fisheries, and Wildlife, to hold hearings on S. 191, to revise the Endangered Species Act of 1973 to ensure that constitutionally protected private property rights are not infringed until adequate protection is afforded by reauthorization of the Act, and to protect against economic losses from critical habitat designation, and other proposed legislation to institute a moratorium on certain activities under authority of the Endangered Species Act, 9:30 a.m., SD–406. March 10, Subcommittee on Superfund, Waste Control, and Risk Assessment, to hold oversight hearings on the implementation of the Comprehensive Environmental Response, Compensation, and Liability Act, 9:30 a.m.,"
231,CREC-1997-09-30-pt1-PgD1034,1,"Committee on Environment and Public Works: Committee ordered favorably reported S. 1180, authorizing funds for programs of the Endangered Species Act, with amendments."
232,CREC-2014-07-29-pt1-PgD873,1,"Suspensions: The House agreed to suspend the rules and pass the following measures: Amending the Longshore and Harbor Workers’ Compensation Act to provide a definition of recreational vessel for purposes of such Act: H.R. 3896, amended, to amend the Longshore and Harbor Workers’ Compensation Act to provide a definition of recreational vessel for purposes of such Act; Pages H6995–97 SAFE Act Confidentiality and Privilege Enhancement Act: H.R. 4626, to ensure access to certain information for financial services industry regulators; Pages H6997–98 Examination and Supervisory Privilege Parity Act of 2014: H.R. 5062, amended, to amend the Consumer Financial Protection Act of 2010 to specify that privilege is maintained when information is shared by certain nondepository covered persons with Federal and State financial regulators; Pages H6998–H7002 Agreed to amend the title so as to read: ‘‘To amend the Consumer Financial Protection Act of 2010 to specify that privilege and confidentiality are maintained when information is shared by certain nondepository covered persons with Federal and State financial regulators, and for other purposes.’’. Page H7002 Reauthorizing the Defense Production Act: H.R. 4809, amended, to reauthorize the Defense Production Act and to improve the Defense Production Act Committee, by a 2⁄3 yea-and-nay vote of 386 yeas to 32 nays, Roll No. 464; and Pages H7002–04, H7024 Ensuring Patient Access and Effective Drug Enforcement Act of 2014: H.R. 4709, amended, to improve enforcement efforts related to prescription drug diversion and abuse. Pages H7004–07 21st Century Endangered Species Transparency Act: The House passed H.R. 4315, to amend the Endangered Species Act of 1973 to require publication on the Internet of the basis for determinations that species are endangered species or threatened species, by a recorded vote of 233 ayes to 190 noes, Roll No. 463. Pages H7007–24 Rejected the Kirkpatrick motion to recommit the bill to the Committee on Natural Resources with instructions to report the same back to the House forthwith with an amendment, by a recorded vote of 197 ayes to 225 noes, Roll No. 462. Pages H7022–23 Pursuant to the rule, an amendment in the nature DSKD7QTVN1PROD with CONG-REC-ONLINE of a substitute consisting of the text of Rules Committee Print 113–55 shall be considered as an original bill for the purpose of amendment under the five-minute rule, in lieu of the amendment in the VerDate Sep 11 2014 13:45 Oct 05, 2015 Jkt 000000"
233,CREC-2015-01-26-pt1-PgD57,1,"Flake Amendment No. 103 (to Amendment No. 2), to require the evaluation and consolidation of duplicative green building programs. Page S449 Cruz Amendment No. 15 (to Amendment No. 2), to promote economic growth and job creation by increasing exports. Page S449 Moran/Cruz Amendment No. 73 (to Amendment No. 2), to delist the lesser prairie-chicken as a threatened species under the Endangered Species Act of 1973. Page S449 Daines Amendment No. 132 (to Amendment No. 2), to express the sense of Congress regarding the designation of National Monuments. Page S449 During consideration of this measure today, Senate also took the following action: By 53 yeas to 39 nays (Vote No. 29), three-fifths of those Senators duly chosen and sworn, not having voted in the affirmative, Senate rejected the motion to close further debate on Murkowski Amendment No. 2 (listed above). Page S454–55 Senator McConnell entered a motion to reconsider the vote by which cloture was not invoked on Murkowski Amendment No. 2 (listed above). Page S455 By 53 yeas to 39 nays (Vote No. 30), three-fifths of those Senators duly chosen and sworn, not having voted in the affirmative, Senate rejected the motion to close further debate on the bill. Page S455 Senator McConnell entered a motion to reconsider the vote by which cloture was not invoked on the bill. Page S455 A unanimous-consent agreement was reached providing for further consideration of the bill at approximately 11 a.m., on Tuesday, January 27, 2015, with the time until 12:30 p.m. equally divided with the Democrats controlling the first half, and the Republicans controlling the final half. Page S488 Appointments: Joint Committee on Taxation: The Chair announced on behalf of the Committee on Finance, pursuant to section 8002 of title 26, U.S. Code, the designation of the following Senators as members of the Joint Committee on Taxation: Senators Hatch, Grassley, Crapo, Wyden, and Stabenow. Page S488 Nominations Received: Senate received the following nominations:"
234,CREC-2001-03-27-pt1-PgD273,1,"Frm 00006 Fmt 0627 Subcommittee on Environment and Hazardous Materials, hearing on Drinking Water Needs and Infrastructure, 2 p.m., 2322 Rayburn. Subcommittee on Oversight and Investigations, hearing on Issues Raised by Human Cloning Research, 12 p.m., 2123 Rayburn. Committee on Financial Services, to mark up the following bills: H.R. 974, Small Business Interest Checking Act of 2001; and H.R. 1088, Investor and Capital Markets Fee Relief Act, 10 a.m., 2128 Rayburn. Committee on International Relations, to mark up the following measures: H. Res. 91, expressing the sense of the House of Representatives regarding the human rights situation in Cuba; H.R. 428, concerning the participation of Taiwan in the World Health Organization; H. Res. 56, urging the appropriate representative of the United States to the United Nations Commission on Human Rights to introduce at the annual meeting of the Commission a resolution calling upon the People’s Republic of China to end its human rights violations in China and Tibet; and H. Con. Res. 73, expressing the sense of Congress that the 2008 Olympic Games should not be held in Beijing unless the Government of the People’s of China releases all political prisoners, ratifies the International Covenant on Civil and Political Rights and observes internationally recognized human rights, 10 a.m., 2172 Rayburn. Subcommittee on Africa and the Subcommittee on International Operations and Human Rights, joint hearing on America’s Sudan Policy: A New Direction? 2:30 a.m., 2172 Rayburn. Committee on the Judiciary, to consider Subcommittee Rules of Procedure for private immigration bills and private claims bills and to mark up the following measures: H.R. 768, Need-Based Educational Aid Act of 2001; H.R. 503, Unborn Victims of Violence Act of 2001; H.R. 863, Consequences for Juvenile Offenders Act of 2001; and a private claims bill, 10 a.m., 2141 Rayburn. Committee on Resources, to mark up the following bills: H.R. 146, Great Falls Historic District Study Act of 2001; H.R. 182, Eight Mile River Wild and Scenic River Study Act of 2001; H.R. 309, Guam Foreign Investment Equity Act; H.R. 581, to authorize the Secretary of the Interior and the Secretary of Agriculture to use funds appropriated for wildland fire management in the Department of Interior and Related Agencies Appropriations Act of 2001, to reimburse the United States Fish and Wildlife Services and the National Marine Fisheries Services to facilitate the interagency cooperation required under the Endangered Species Act of 1973 in connection with wildland fire management; H.R. 601, to ensure the continued access of hunters to those Federal lands included within the boundaries of the Craters of the Moon National Monument in the State of Idaho pursuant to Presidential Proclamation 7373 of November 9, 2000, and to continue the applicability of the Taylor Grazing Act to the disposition of grazing fees arising from the use of such lands; and H.R. 642, to reauthorize the Chesapeake Bay Office of the National Oceanic and Atmospheric Administration, 10 a.m., 1324 Longworth."
235,CREC-1997-05-15-pt1-PgD489,1,"Rejected: The Neumann amendment that sought to strike $2.3 billion in forward funding for FEMA, eliminates the recapture to HUD of $3.8 billion rescission, and rescinds $3.6 billion of discretionary appropriations and requires the President to allocate the rescission with 30 days of enactment (rejected by a recorded vote of 100 ayes to 324 noes, Roll No. 132); and Pages H2729–32 The Neumann amendment that sought to reduce forward funding for FEMA Disaster Relief by $1.7 billion (rejected by a recorded vote of 115 ayes to 305 noes, Roll No. 135). Pages H2762–66 Points of Order Sustained Against: Conservation Reserve Program language that reduces the acres of land in the Conservation Reserve Program from 19,000,000 acres to 14,000,000; Pages H2743–44 The Goodling amendment that sought to prohibit the expenditure of any funding by the Department of Education for any national testing program in reading or mathematics; Pages H2744–45 The Section 303 language that expands the emergency provisions of the Endangered Species Act; Pages H2748–49 The Maloney of New York amendment that sought to provide additional funding of $1.7 million for the Federal Election Commission; Pages H2756–57 The language concerning the construction of a garage at the Department of Veterans Affairs medical center in Cleveland, Ohio; Page H2757 The language concerning the rescission of contract authorization for the Federal Aviation Administration; Pages H2759–60 The language concerning the rescission of contract authorization for the National Highway Traffic Safety Administration; Page H2760 The language concerning the rescission of contract authorization for the Federal Transit Administration; and Page H2760 The language concerning the rescission of contract authorization for Highway Trust Fund Discretionary Grants. Page H2760 Withdrawn: The Fazio amendment was offered but subsequently withdrawn that sought to provide $1 million in disaster relief funding to assist the purchase of farm labor housing; Pages H2745–48 The Sanders amendment was offered but subsequently withdrawn that sought to provide $10 million in funding to the National Institute of Environmental Health Sciences for emergency research and treatment of Gulf War Syndrome; Page H2750 The Kennedy of Massachusetts amendment was offered but subsequently withdrawn that sought to provide an additional $2 million for the National Institute on Alcohol Abuse and Alcoholism and reduce FEMA Disaster Relief funding accordingly; Pages H2758–59 The Sam Johnson of Texas amendment was offered but subsequently withdrawn that sought to authorize the approval of State plans to integrate enrollment services for federally funded public health and human services programs; and Pages H2771–73 The Barr amendment was offered but subsequently withdrawn that sought to prohibit any funds appropriated by this or any other act to be used for any study on the medicinal use of marijuana. Page H2773 The Clerk was authorized in the engrossment of the bill to correct section numbers, punctuation, cross references, and to make other conforming changes as may be necessary to reflect the actions of the House. Page H2775 Earlier, during the proceedings of the Committee of the Whole, the call of the Committee was vacated when a quorum was constituted. Page H2715 The House agreed to H. Res. 149, providing for consideration of the bill, by a recorded vote of 269 ayes to 152 noes, Roll No. 130. Pursuant to the rule, an amendment striking an additional amount for the Federal Election Commission was considered as adopted. Earlier, agreed to order the previous question by a yea-and-nay vote of 228 yeas to 196 nays, Roll No. 129. Pages H2687–96 Mexico-United States Interparliamentary Group: The Chair announced the Speaker’s appointment of Representative Gilman, Vice Chairman, and Representatives Dreier, Barton of Texas, Campbell, Manzullo, Gejdenson, Lantos, Filner, Reyes, and Delegate Underwood to the Mexico-United States Interparliamentary Group. Page H2775 Referrals: S. 670 to amend the Immigration and Nationality Technical Corrections Act of 1994 to eliminate the special transition rule for issuance of a certificate of citizenship for certain children born outside the United States was referred to the Committee on the Judiciary. Page H2782 Amendments: Amendments ordered printed pursuant to the rule appear on pages H2785–94. Senate Messages: Message received from the Senate today appears on page H2684. Quorum Calls—Votes: Three yea-and-nay votes and six recorded votes developed during the proceedings of the House today and appear on pages"
236,CREC-1999-05-27-pt1-PgD608,1,"Committee on Environment and Public Works: Subcommittee on Fisheries, Wildlife, and Drinking Water concluded hearings on S. 1100, to amend the Endangered Species Act of 1973 to provide that the designation of critical habitat for endangered and threatened species be required as part of the development of recovery plans for those species, after receiving testimony from Senator Domenici; Jamie Rappaport Clark, Director, Fish and Wildlife Service, Department of the Interior; William R. Murray, American Forest and Paper Association, and John F. Kostyack, National Wildlife Federation, both of Washington, D.C.; and Charles T. DuMars, University of New Mexico School of Law, Albuquerque, on behalf of the Middle Rio Grande Conservancy District."
237,CREC-2002-03-15-pt1-PgD243-4,1,"of the Interior to issue right-of-way permits for natural gas pipelines within the boundary of Great Smoky Mountains National Park; and a measure to designate and provide for the management of the Shoshone National Recreation Trail, 2 p.m., 1334 Longworth. March 19, Subcommittee on Water and Power, hearing on H.R. 3881, to authorize the Secretary of the Interior to engage in studies relating to enlarging Pueblo Dam and Reservoir and Sugar Loaf Dam and Turquoise Lake, Fryingpan-Arkansas Project, Colorado, 10:30 a.m., 1334 Longworth. March 20, full Committee, to mark up the following measures: H. Res. 261, recognizing the historical significance of the Aquia sandstone quarries of Government Island in Stafford Country, Virginia for their contributions to the construction of the Capital of the United States; H.R. 1448, to clarify the tax treatment of bonds and other obligations issued by the Government of American Samoa; H.R. 2109, to authorize the Secretary of the Interior to conduct a special resource study of Virginia Key Beach, Florida, for possible inclusion in the National Park System; H.R. 2114, National Monument Fairness Act of 2001; H.R. 2628, Muscle Shoals National Heritage Area Study Act of 2001; H.R. 2643, Fort Clatsop National Memorial Expansion Act of 2001; H.R. 2880, Five Nations Citizens Land Reform Act; H.R. 2937, to provide for the conveyance of certain public land in Clark County, Nevada, for use as a shooting range; H.R. 2963, Deep Creek Wilderness Act; H.R. 3421, Yosemite National Park Educational Facilities Improvement Act; H.R. 3425, to direct the Secretary of the Interior to study the suitability and feasibility of establishing Highway 49 in California, known as the Golden Chain Highway, as a National Heritage Corridor; H.R. 3480, Upper Mississippi River Basin Protection Act of 2001; H.R. 3606, Wallowa Lake Dam Rehabilitation and Water Management Act of 2001; H.R. 3848, to provide for funds for the construction of recreational and visitor facilities in Washington County, Utah; H.R. 3853, to make technical corrections to laws passed by the 106th Congress related to parks and public lands; H.R. 3909, Gunn McKay Nature Preserve Act; H.R. 3955, to designate certain National Forest System lands in the Commonwealth of Puerto Rico as components of the National Wilderness Preservation System; H.R. 3958, to provide a mechanism for the settlement of claims of the State of Utah regarding portions of the Bear River Migratory Bird Refuge located on the shore of the Great Salt Lake, Utah; and S. 506, Huna Totem Corporation Land Exchange Act, 10 a.m., 1334 Longworth. March 20, full Committee, hearing on the following bills: H.R. 2829, Sound Science for Endangered Species Act Planning Act of 2001; and H.R. 3705, Sound Science Saves Species Act of 2002, 2 p.m., 1334 Longworth. March 21, Subcommittee on National Parks, Recreation, and Public Lands, oversight hearing on the Status of the Future Visitor Center and Associated Fund-raising Efforts at the Gettysburg National Military Park, 2 p.m., 1334 Longworth. Committee on Rules, March 19, to consider the following: H.R. 3925, Digital Tech Corps Act of 2002; and the Concurrent Resolution on the Budget for Fiscal Year 2003, 5 p.m., H–313 Capitol. Committee on Science, March 20, to mark up the following bills: H.R. 2051, to provide for the establishment of regional plant genome and gene expression research and development centers; H.R. 3389, National Sea Grant College Program Act Amendments of 2002; and H.R. 3939, Energy Pipeline Research, Development, and Demonstration Act; followed by a hearing on The 2001 Presidential Awardees for Excellence in Mathematics and Science Teaching: Views from the Blackboard, 10 a.m., 2318 Rayburn. Committee on Small Business, March 19, Subcommittee on Rural Enterprises, Agriculture and Technology, hearing on Access to Health Care in Rural America, 2 p.m., 2360 Rayburn. March 20, full Committee, hearing on Making the Office of Advocacy Independent, 10 a.m., 2360 Rayburn. Committee on Transportation and Infrastructure, March 20, Subcommittee on Coast Guard and Maritime Transportation, to mark up the Maritime Transportation and Antiterrorism Act of 2002, 10 a.m., 2253 Rayburn. March 20, Subcommittee on Highways and Transit, hearing on Ensuring the Integrity of the Highway Trust Fund, 2 p.m., 2167 Rayburn.. March 21, Subcommittee on Water Resources and Environment, hearing on Proposals for a Water Resources Development Act of 2002, 10 a.m., 2167 Rayburn. Permanent Select Committee on Intelligence, March 19, executive, hearing on Joint Military Intelligence Programs/ Tactical Intelligence and Related Activities, 4 p.m., H–405 Capitol. March 20, executive, hearing on National Foreign Intelligence Program Overview of Fiscal Year 2003, 2:30 p.m., H–405 Capitol. March 21, Subcommittee on Human Intelligence, Analysis and Counterintelligence and the Subcommittee on Intelligence Policy and National Security, executive, hearing on Southeast Asia Issues, 9 a.m., H–405 Capitol."
238,CREC-2009-12-02-pt1-PgD1387,1,"in accordance with the congressional mandate provided for in the Implementing Recommendations of the 9/11 Commission Act of 2007, enhance security against terrorist attack and other security threats to our Nation’s rail and mass transit lines and Pages H13413–15 Satellite Home Viewer Update and Reauthorization Act of 2009: H.R. 3570, amended, to amend title 17, United States Code, to reauthorize the satellite statutory license and to conform the satellite and cable statutory licenses to all-digital transmissions. Pages H13428–43 Discharge Petition: Representative Nunes presented to the clerk a motion to discharge the Committee on Natural Resources from the consideration of H.R. 3105, to provide that operations of the Central Valley Project shall not be restricted pursuant to any biological opinion issued under the Endangered Species Act of 1973, if such restrictions would result in levels of export less than the historical maximum level of export (Discharge Petition No. 8). Recess: The House recessed at 2:45 p.m. and reconvened at 4:15 p.m. Page H13424 Quorum Calls—Votes: Eight yea-and-nay votes and one recorded vote developed during the proceedings of today and appear on pages H13408, H13408–09,"
239,CREC-2006-03-09-pt1-PgD217-2,1,"Frm 00012 Fmt 0627 March 15, Subcommittee on Asia and the Pacific, hearing on Unrest in South Asia: Recent Developments in Nepal and Sri Lanka, 2 p.m., 2200 Rayburn. March 16, Subcommittee on Africa, Global Human Rights and International Operations, hearing on Monitoring Respect for Human Rights Around the World: A Review of the Country Reports on Human Rights Practices for 2005, 2 p.m., 2172 Rayburn. March 16, Subcommittee on Western Hemisphere, to mark up the following resolutions: H. Con. Res. 328, Condemning the anti-democratic actions of Venezuelan President Hugh Chavez and expressing the sense of Congress that the United States should strongly support the aspirations of the democratic forces in Venezuela; H. Con. Res. 338, Expressing the sense of Congress regarding the activities of Islamist terrorist organizations in the Western Hemisphere; and H. Con. Res. 353, Commending the people of the Republic of Haiti for holding democratic elections on February 7, 2006, and congratulating President-elect Rene Garcia Preval on his victory in these elections, 2:30 p.m., 2200 Rayburn. Committee on the Judiciary, March 14, Subcommittee on Commercial and Administrative Law, hearing on H.R. 3509, Workplace Goods Job Growth and Competitiveness Act of 2005, 1 p.m., 2141 Rayburn. March 16, Subcommittee on Crime, Terrorism and Homeland Security, oversight hearing on United States v. Booker: One Year Later—Chaos or Status Quo? 10:30 a.m., 2141 Rayburn. Committee on Resources, March 15, hearing on H.R. 4857, To better inform consumers regarding costs associated with compliance for protecting endangered and threatened species under the Endangered Species Act of 1973, 11 a.m.; and a hearing on H.R. 4893, To amend section 20 of the Indian Gaming Regulatory Act to restrict off-reservation gaming, 2 p.m., 1324 Longworth. March 16, Subcommittee on Energy and Mineral Resources, oversight hearing on the Department of the Interior and United States Forest Service Budgets for Fiscal Year 2007 Energy and Mineral Programs, 10 a.m., 1334 Longworth. March 16, Subcommittee on Fisheries and Oceans, oversight hearing on the Impact of Hurricanes Katrina and Rita on the National Wildlife Refuge System, 10 a.m., 1324 Longworth. March 16, Subcommittee on National Parks, oversight hearing entitled ‘‘National Park Service business strategies, including the development and implementation of National Park Service business plans,’’ 2 p.m., 1324 Longworth. Committee on Rules, March 15, Subcommittee on the Legislative and Budget Process, hearing on H.R. 4890, Legislative Line Item Veto Act of 2006, 10 a.m., H–313 Capitol. Committee on Science, March 15, Subcommittee on Research, hearing on Undergraduate Science, Math and Engineering Education: What’s Working? 10 a.m., 2318 Rayburn. Committee on Small Business, March 15, hearing on the issues confronting the Small Business Administration in the upcoming fiscal years, 2 p.m., 2360 Rayburn."
240,CREC-2003-05-14-pt2-PgD526,1,"Measures Introduced: 28 public bills, H.R. 2084–2111; and 6 resolutions, H. Con. Res. 179–182 and H. Res. 234–235, were introduced. Pages H4129–31 Additional Cosponsors: Pages H4131–32 Reports Filed: Reports were filed today as follows: H.R. 1835, to amend the Endangered Species Act of 1973 to limit designation as critical habitat of areas owned or controlled by the Department of Defense, and for other purposes, amended (H. Rept. 108–99, Part I); H.R. 1497, to reauthorize title I of the Sikes Act, amended (H. Rept. 108–100, Part I) Page H4129 Speaker Pro Tempore: Read a letter from the Speaker wherein he appointed Representative Collins to act as Speaker Pro Tempore for today. Page H4017 Guest Chaplain: The prayer was offered by the guest Chaplain, Rev. Dr. George S. Dillard III, Pastor, Peachtree City Christian Church of Peachtree City, Georgia. Page H4017 Suspensions: The House agreed to suspend the rules and pass the following measures: Fruit and Vegetable Pilot Program under the National School Lunch Program: S. 870, to amend the Richard B. Russell National School Lunch Act to extend the availability of funds to carry out the fruit and vegetable pilot program—clearing the measure for the President; Pages H4023–24 Kris Eggle Visitor Center in Organ Pipe National Monument, Arizona: H.R. 1577, amended, to designate the visitors’ center in Organ Pipe National Monument in Arizona as the ‘‘Kris Eggle Memorial Visitors’ Center’’. Agreed to amend the title so as to read: ‘‘A bill to designate the visitor center in Organ Pipe National Monument in Arizona as the ‘‘Kris Eggle Visitor Center’’, and for other purposes.’’; Pages H4024–27"
241,CREC-2009-09-17-pt1-PgD1059-2,1,"Frm 00007 Fmt 5627 tional Interoperable Broadband Network for Public Safety: Recent Developments,’’ 10 a.m., 2123 Rayburn. Committee on Financial Services, September 23, hearing entitled ‘‘ The Administration’s Proposals for Financial Regulatory Reform,’’ 9:30 a.m., 2128 Rayburn. September 24, full Committee, hearing entitled ‘‘Experts’ Perspectives on Systemic Risk and Resolution Issues,’’ 10 a.m., 2128 Rayburn. September 24, Subcommittee on Capital Markets, Insurance and Government Sponsored Enterprises, hearing entitled ‘‘Recent Innovations in Securitization,’’ 2:30 p.m., 2128 Rayburn. Committee on Homeland Security, September 24, Subcommittee on Intelligence, Information Sharing and Terrorism Risk Assessment, hearing entitled ‘‘I&A Reconceived: Defining A Homeland Security Intelligence Role,’’ 10 a.m., 311 Cannon. Committee on the Judiciary, September 22, Subcommittee on the Constitution, Civil Rights, and Civil Liberties, hearing on the USA PATRIOT Act, 11 a.m., 2141 Rayburn. September 22, Subcommittee on Crime, Terrorism, and Homeland Security, hearing on Reauthorization of the Innocence Protection Act, 2:30 p.m., 2141 Rayburn. September 23, Subcommittee on Commercial and Administrative Law, hearing on an Undue Hardship? Discharging Educational Debt in Bankruptcy, 1 p.m., 2141 Rayburn. Committee on Natural Resources, September 22, Subcommittee on Insular Affairs, Oceans and Wildlife, hearing on the following bills: H.R. 1054, To amend the Marine Mammal Protection Act of 1972 to allow importation of polar bear trophies taken in sport hunts in Canada before the date the polar bear was determined to be a threatened species under the Endangered Species Act of 1973; H.R. 2213, To reauthorize the Neotropical Migratory Bird Conservation Act; H.R. 3433, To amend the North American Wetlands Conservation Act to establish requirements regarding payment of the non-Federal share of the costs of wetlands conservation projects in Canada that are funded under that Act, and for other purposes; and H.R. 3537, Junior Duck Stamp Conservation and Design Program Reauthorization Act of 2009, 10 a.m., 1324 Longworth. September 11, Subcommittee on Water and Power, hearing on the following bills: H.R. 3563, Crow Tribe Water Rights Settlement Act of 2009; H.R. 2288, Endangered Fish Recovery Programs Improvement Act of 2009; and H.R. 2316, Inland Empire Perchlorate Ground Water Plume Assessment Act of 2009, 2 p.m., 1324 Longworth. Committee on Oversight and Government Reform, September 22, Subcommittee on Federal Workforce, Postal Service, and the District of Columbia, hearing entitled ‘‘The Local Role of the United States Parole Commission (USPC): Increasing Public Safety, Reducing Recidivism, and Using Alternatives to Re-incarceration in the District of Columbia,’’ 10 a.m., 2154 Rayburn. September 22, Subcommittee on Information Policy, Census and National Archives, hearing entitled ‘‘ The Sfmt 0627"
242,CREC-2001-05-09-pt1-PgD419,1,"Fish and Wildlife Service and the National Marine Fisheries Service to facilitate the interagency cooperation required under the Endangered Species Act of 1973 in connection with wildland fire management. Pages H2053–57 Agreed to the Traficant amendment that adds a section to detail the sense of the Congress that entities should only purchase American-made equipment and products and requires a report on the expenditures of foreign-made items to the Congress within 180 days of the purchase. Page H2057 Earlier, H. Res. 135, the rule that provided for consideration of the bill was agreed to by voice vote. Pages H2050–51 Presidential Message—National Emergency re Iran: Read a message from the President wherein he transmitted a 6-month periodic report on the national emergency with respect to Iran that was declared in Executive Order 12170 of November 14, 1979—referred to the Committee on International Relations and ordered printed (H. Doc. 107–68). Pages H2071–72 Recess: The House recessed at 5:26 p.m. and reconvened at 6:25 p.m. Page H2079 Amendments: Amendment ordered printed pursuant to the rule appears on page H2083. Quorum Calls—Votes: Three yea and nay votes developed during the proceedings of the House today and appear on pages H2025–26, H2035, and H2049. There were no quorum calls. Adjournment: The House met at 10:00 a.m. and adjourned at 6:26 p.m."
243,CREC-2005-07-12-pt1-PgD739-2,1,"Committee on Banking, Housing, and Urban Affairs: to hold hearings to examine money laundering and terror financing issues in the Middle East, 10 a.m., SD–538. Committee on Commerce, Science, and Transportation: Subcommittee on Aviation, to hold hearings to examine the financial stability of airlines, 10 a.m., SR–253. Committee on Environment and Public Works: Subcommittee on Fisheries, Wildlife, and Water, to hold hearings to examine the Endangered Species Act and incentives for private landowners, 9:30 a.m., SD–406. Committee on Homeland Security and Governmental Affairs: to hold hearings to examine the Federal role regarding chemical facility security, 9:30 a.m., SD–562. Committee on the Judiciary: to hold hearings to examine habeas corpus proceedings and issues of actual innocence, 9:30 a.m., SD–226."
244,CREC-2005-07-19-pt1-PgD778,1,"Committee on Resources: Held an oversight hearing entitled ‘‘The Status of the Eastern Oyster (Crassostrea virginica) and the Petition to List the Eastern Oyster as Endangered or Threatened under the Endangered Species Act.’’ Testimony was heard from Jim Wesson, Department Head of Conservation and Replenishment, Marine Resources Commission, State of Virginia; William S. Perret, Director, Marine Fisheries, Department of Marine Resources, State of Mississippi; Chris Judy, Director, Fisheries Service, Shellfish Restoration Program, Department of Natural Resources, State of Maryland; and public witnessers."
245,CREC-2015-05-04-pt1-PgD488-5,1,"Committee on Commerce, Science, and Transportation: May 5, Subcommittee on Surface Transportation and Merchant Marine Infrastructure, Safety and Security, to hold hearings to examine surface transportation reauthorization, focusing on the importance of a long term reauthorization, 10 a.m., SR–253. May 6, Full Committee, to hold hearings to examine the nominations of Daniel R. Elliott III, of Ohio, to be a Member of the Surface Transportation Board, and Mario Cordero, of California, to be a Federal Maritime Commissioner, 10 a.m., SR–253. Committee on Energy and Natural Resources: May 5, to hold oversight hearings to examine the Federal government’s role in wildfire management, the impact of fires on communities, and potential improvements to be made in fire operations, 10 a.m., SD–366. Committee on Environment and Public Works: May 5, Subcommittee on Clean Air and Nuclear Safety, to hold hearings to examine the legal implications of the Clean Power Plan, 10 a.m., SD–406. May 6, Full Committee, to hold hearings to examine proposed budget estimates for fiscal year 2015 for the Fish and Wildlife Service, and S. 1036, to require the Secretary of the Interior and the Secretary of Agriculture to provide certain Western States assistance in the development of statewide conservation and management plans or the protection and recovery of sage-grouse species, S. 855, to amend the Endangered Species Act of 1973 to permit Governors of States to regulate intrastate endangered species and intrastate threatened species, S. 736, to amend the Endangered Species Act of 1973 to require disclosure to States of the basis of determinations under such Act, to ensure use of information provided by State, tribal, and county governments in decisionmaking under such Act, S. 655, to prohibit the use of funds by the Secretary of the Interior to make a final determination on the listing of the northern long-eared bat under the Endangered Species Act of 1973, S. 468, to provide a categorical exclusion under the National Environmental Policy Act of 1969 to allow the Director of the Bureau of Land Management and the Chief of the Forest Service to remove Pinyon-Juniper trees to conserve and restore the habitat of the greater sage-grouse and the mule deer, S. 293, to amend the Endangered Species Act of 1973 to establish a procedure for approval of certain settlements, S. 292, to amend the Endangered Species Act of 1973 to require publication on the Internet of the basis for determinations that species are endangered species or threatened species, S. 112, to amend the Endangered Species Act of 1973 to require the Secretary of the Interior to publish and make available for public comment a draft economic analysis at the time a proposed rule to designate critical habitat is published, and S. 1081, to end the use of body-gripping traps in the National Wildlife Refuge System, 9:30 a.m., SD–406. Committee on Foreign Relations: May 5, Subcommittee on Western Hemisphere, Transnational Crime, Civilian Secuemcdonald on DSK67QTVN1PROD with DIGEST rity, Democracy, Human Rights, and Global Women’s Issues, to hold hearings to examine the President’s proposed budget request for fiscal year 2016 for the Department of State, 3:30 p.m., SD–419."
246,CREC-1995-08-08-pt1-PgD1008,1,"Routine Proceedings, pages S11803–S11967 Measures Introduced: Two bills and one resolution were introduced, as follows: S. 1130 and 1131, and S. Res. 161. Pages S11891–92 Measures Passed: Jefferson Davis Desk: Senate agreed to S. Res. 161, to make available to the Senator from Mississippi, during his or her term of office, the use of the desk located in the Senate Chamber and used by Senator Jefferson Davis. Page S11945 Digital Performance Right in Sound Recordings Act: Senate passed S. 227, to amend title 17, United States Code, to provide an exclusive right to perform sound recordings publicly by means of digital transmissions, after agreeing to a committee amendment in the nature of a substitute, and the following amendment proposed thereto: Pages S11945–67 Gorton (for Hatch/Feinstein) Amendment No. 2302, in the nature of a substitute. Page S11948 Interior Appropriations, 1996: Senate began consideration of H.R. 1977, making appropriations for the Department of the Interior and related agencies for the fiscal year ending September 30, 1996, agreeing to committee amendments, with certain exceptions, and taking action on amendments proposed thereto, as follows: Pages S11845–88 Adopted: (1) Gorton (for Brown) Amendment No. 2283 (to committee amendment on page 121, line 19, through page 126, line 7), to direct the Secretary of the Interior to conduct a study concerning equity regarding entrance, tourism, and recreational fees for the use of Federal lands and facilities. Pages S11863–65 (2) Gorton (for Chafee) Amendment No. 2284 (to committee amendment on page 10, lines 12 through 19, to make explicit that certain prohibitions contained in the bill regarding activities under Section 4 of the Endangered Species Act are not to extend beyond the end of fiscal year 1996. Pages S11863–65"
247,CREC-2024-06-12-pt1-PgD607,1,"Frm 00008 Fmt 0627 none of the funds made available by this act may be used for electric vehicles or an electric vehicle charging infrastructure (by a recorded vote of 173 ayes to 241 noes, Roll No. 254); Pages H3956–58, H3966–67 Biggs amendment (No. 23 printed in part B of H. Rept. 118–551) that sought to exempt defense related activities from the Endangered Species Act (by a recorded vote of 196 ayes to 231 noes, Roll No. 255); Pages H3958–59, H3967–68 Mace amendment (No. 28 printed in part B of H. Rept. 118–551) that sought to prohibit funds authorized or otherwise made available to the Department of Defense for any fiscal year to be made available for closure or realignment of Marine Corps Recruit Depot, Parris Island (by a recorded vote of 201 ayes to 217 noes, Roll No. 257); and Pages H3961–62, H3968–69 Biggs amendment (No. 36 printed in part B of H. Rept. 118–551) that sought to prohibit the use of funds for any project or activity related to NATO until the SECDEF certifies to the congressional defense committees that each member country of NATO has spent 2 percent of the respective GDP on defense expenditures (by a recorded vote of 81 ayes to 346 noes, Roll No. 259). Pages H3964–70, H3970 H. Res. 1287, the rule providing for consideration of the bill (H.R. 8070) and relating to the consideration of House Report 118–527 and an accompanying resolution was agreed to by a recorded vote of 208 ayes to 207 noes, Roll No. 251, after the previous question was ordered by a yea-and-nay vote of 210 yeas to 204 nays, Roll No. 250. Pages H3737–38 Recommending that the House of Representatives find United States Attorney General Merrick B. Garland in contempt of Congress for refusal to comply with a subpoena duly issued by the Committee on the Judiciary: The House agreed to H. Res. 1292, recommending that the House of Representatives find United States Attorney General Merrick B. Garland in contempt of Congress for refusal to comply with a subpoena duly issued by the Committee on the Judiciary, by a yeaand-nay vote of 216 yeas to 207 nays, Roll No. 260. Pursuant to section 6 of House Resolution 1287, the resolution accompanying House Report 118–533, H. Res. 1293, is considered as adopted. Pages H3970–71 H. Res. 1287, the rule providing for consideration of the bill (H.R. 8070) and relating to the consideration of House Report 118–527 and an accompanying resolution was agreed to by a recorded vote of 208 ayes to 207 noes, Roll No. 251, after the previous question was ordered by a yea-and-nay vote of 210 yeas to 204 nays, Roll No. 250. Pages H3737–38 Sfmt 0627"
248,CREC-1995-07-28-pt1-PgD948,1,"August 2, Full Committee, business meeting, to consider pending calendar business, 10 a.m., SD–406. August 2, Subcommittee on Clean Air, Wetlands, Private Property, and Nuclear Safety, to resume oversight hearings on implementation of section 404 (relating to wetlands) of the Clean Water Act, 2 p.m., SD–406. August 3, Drinking Water, Fisheries, and Wildlife, to resume hearings on proposed legislation authorizing funds for programs of the Endangered Species Act, focusing on incentives for the conservation of endangered species and the role of habitat, 9 a.m., SD–406. Committee on Finance: July 31, to hold hearings to examine fraud and abuse in the Medicare program, 9:30 a.m., SD–215. August 1, Subcommittee on International Trade, to hold hearings to examine various trade issues, including granting most-favored-nation (MFN) tariff status to Cambodia and the permanent extension of MFN tariff status"
249,CREC-2011-12-06-pt1-PgD1320,1,"Committee on Natural Resources: Full Committee held a hearing entitled ‘‘The Endangered Species Act: How Litigation is Costing Jobs and Impeding True Recovery Efforts.’’ Testimony was heard from Dan Ashe, Director, Fish and Wildlife Service; Eric Schwaab, Assistant Administrator for Fisheries, National Oceanic and Atmospheric Administration; and public witnesses."
250,CREC-2003-04-09-pt2-PgD382,1,"Committee on Energy and Natural Resources: business meeting to consider comprehensive energy legislation, 10 a.m., SD–366. Committee on Environment and Public Works: Subcommittee on Fisheries, Wildlife, and Water, to hold oversight hearings to examine the designation of critical habitat under the Endangered Species Act, 9:30 a.m.,"
251,CREC-2011-12-02-pt1-PgD1309,1,"Frm 00004 Fmt 5627 December 7, Subcommittee on Intellectual Property, Competition and the Internet, hearing entitled ‘‘Oversight of the Antitrust Enforcement Agencies.’’ 10 a.m., 2141 Rayburn. December 7, Subcommittee on Immigration Policy and Enforcement, hearing entitled ‘‘Visa Waiver Program Oversight: Risks and Benefits of the Program.’’ 1 p.m., 2141 Rayburn. December 8, full Committee, hearing on the United States Department of Justice, 9:30 a.m., 2141 Rayburn. Committee on Natural Resources, December 6, full Committee, hearing entitled ‘‘The Endangered Species Act: How Litigation is Costing Jobs and Impeding True Recovery Efforts.’’ 10 a.m., 1324 Longworth. Committee on Oversight and Government Reform, December 7, Subcommittee on Government Organization, Efficiency and Financial Management; and Subcommittee on Health Care, District of Columbia, Census and the National Archives, joint hearing entitled ‘‘A Medicaid Fraud Victim Speaks Out: What’s Going Wrong and Why?’’ 10 a.m., 2154 Rayburn. December 7, Subcommittee on National Security, Homeland Defense and Foreign Operations, hearing entitled ‘‘Oversight in Iraq and Afghanistan: Challenges and Solutions.’’ 10 a.m., 2247 Rayburn. Committee on Rules, December 6, full Committee, hearing on H.R. 1633, the ‘‘Farm Dust Regulation Prevention Act of 2011’’ 3 p.m., H–313 Capitol. Committee on Science, Space, and Technology, December 6, full Committee, hearing entitled ‘‘The Next Great Observatory: Assessing the James Webb Space Telescope.’’ 2 p.m., 2318 Rayburn. December 7, Subcommittee on Energy and Environment, hearing entitled ‘‘Energy Critical Elements: Identifying Research Needs and Strategic Priorities.’’ 10 a.m., 2318 Rayburn. Committee on Transportation and Infrastructure, December 6, full Committee, hearing entitled ‘‘The Federal Railroad Administration’s High Speed and Intercity Passenger Rail Program: Mistakes and Lessons Learned.’’ 11 a.m., 2167 Rayburn. December 7, full Committee, hearing entitled ‘‘Restoring Jobs, Coastal Viability and Economic Resilience in the Gulf of Mexico: H.R. 3096, the Resources and Ecosystems Sustainability, Tourist Opportunities, and Revived Economies of the Gulf Coast States Act of 2011.’’ 10 a.m., 2167 Rayburn. House Permanent Select Committee on Intelligence, December 8, full Committee, hearing on ongoing intelligence activities, 10 a.m., HVC–304. This is a closed hearing."
252,CREC-1997-05-06-pt1-PgD431,1,"channel, California, and the dredging of shoaling on the Chena River. Page S3990 Stevens (for Bond) Amendment No. 173, to make a technical correction to Public Law 104–204, VA/ HUD/Independent Agencies Appropriations, 1997, concerning EPA state grants. Page S3993 Stevens (for Bond) Amendment No. 174, to authorize the Environmental Protection Agency to make grants to Bay City, Michigan, for environmental remediation. Page S3993 Pending: Reid/Baucus Amendment No. 171, to substitute provisions waiving formal consultation requirements and ‘‘takings’’ liability under the Endangered Species Act for operating and repairing flood control projects damaged by flooding. Pages S3990–92 During consideration of this measure today, Senate also took the following action: Stevens (for Ford/McConnell) Amendment No. 56, to authorize the Secretary of Defense to enter into a lease of property for the Defense Finance and Accounting Service at Lexington Blue Grass Station, Lexington, Kentucky, agreed to on Monday, May 5, 1996, was modified by unanimous-consent. Pages S3992–93 Senate will continue consideration of the bill on Wednesday, May 7, 1997, with a cloture vote to occur thereon. Removal of Injunction of Secrecy: The injunction of secrecy was removed from the following treaties: Agreement with Hong Kong on Mutual Legal Assistance in Criminal Matters, with Annex (Treaty Doc. 105–6); and Agreement with Hong Kong for the Transfer of Sentenced Persons (Treaty Doc. 105–7). The treaties were transmitted to the Senate today, considered as having been read for the first time, and"
253,CREC-2025-02-25-pt1-PgD185,1,"Frm 00006 Fmt 0627 Strengthening Our Economy’’, 10:15 a.m., 2175 Rayburn. Committee on Energy and Commerce, Subcommittee on Health, hearing entitled ‘‘An Examination of How Reining in PBMs Will Drive Competition and Lower Costs for Patients’’, 10 a.m., 2123 Rayburn. Subcommittee on Oversight and Investigations, hearing entitled ‘‘Examining the Biden Administration’s Energy and Environment Spending Push’’, 10:30 a.m., 2322 Rayburn. Committee on Financial Services, Subcommittee on Capital Markets, hearing entitled ‘‘The Future of American Capital: Strengthening Public and Private Markets by Increasing Investor Access and Facilitating Capital Formation’’, 10 a.m., 2128 Rayburn. Committee on Homeland Security, Full Committee, markup on the Committee’s Oversight Plan; H.R. 1000, to amend the Homeland Security Act of 2002 to provide for education and training programs and resources of the Cybersecurity and Infrastructure Security Agency of the Department of Homeland Security, and for other purposes; H. Res. 113, directing the Secretary of Homeland Security to transmit to the House of Representatives certain documents relating to Department of Homeland Security policies and activities related to the security of Department information and data and the recruitment and retention of its workforce; and H. Res. 114, directing the Secretary of Homeland Security to transmit to the House of Representatives certain documents relating to Department of Homeland Security policies and activities related to domestic preparedness and collective response to terrorism and the Department’s cybersecurity activities, 10 a.m., 310 Cannon. Committee on the Judiciary, Full Committee, markup on H.R. 875, the ‘‘Protect Our Communities from DUIs Act’’; H.R. 176, the ‘‘No Immigration Benefits for Hamas Terrorists Act’’; H.R. 1071, the ‘‘No Censors on our Shores Act’’; and the Committee’s Authorization and Oversight Plan, 10 a.m., 2141 Rayburn. Committee on Natural Resources, Subcommittee on Water, Wildlife and Fisheries, hearing entitled ‘‘Evaluating the Implementation of the Marine Mammal Protection Act and the Endangered Species Act’’, 10 a.m., 1324 Longworth. Committee on Oversight and Government Reform, Subcommittee on Economic Growth, Energy Policy, and Regulatory Affairs, hearing entitled ‘‘Leading the Charge: Opportunities to Strengthen America’s Energy Reliability’’, 9:30 a.m., 2247 Rayburn. Subcommittee on Delivering on Government Efficiency, hearing entitled ‘‘America Last: How Foreign Aid Undermined U.S. Interests Around the World’’, 11 a.m., 210 Capitol. Committee on Science, Space, and Technology, Subcommittee on Space and Aeronautics, hearing entitled ‘‘Step by Step: The Artemis Program and NASA’s Path To Human Exploration of the Moon, Mars, and Beyond’’, 10 a.m., 2318 Rayburn. Committee on Small Business, Full Committee, hearing entitled ‘‘Fostering American Innovation: Insights into SBIR and STTR Programs’’, 10 a.m., 2360 Rayburn."
254,CREC-2016-02-01-pt1-PgD79-2,1,"Frm 00004 Fmt 0627 House Committee on Agriculture, Full Committee, business meeting to consider the Budget Views and Estimates Letter of the Committee on Agriculture for the agencies and programs under the jurisdiction of the Committee for fiscal year 2017, 9:30 a.m., 1300 Longworth. Subcommittee on Biotechnology, Horticulture and Research, hearing entitled ‘‘Opportunities and Challenges in Direct Marketing—A View from the Field’’, 10 a.m., 1300 Longworth. Committee on Armed Services, Full Committee, hearing entitled ‘‘Afghanistan in 2016: The Evolving Security Situation and U.S. Policy, Strategy, and Posture’’, 10 a.m., 2118 Rayburn. Committee on Education and the Workforce, Full Committee, markup on H.R. 4293, the ‘‘Affordable Retirement Advice Protection Act’’; and H.R. 4294, the ‘‘Strengthening Access to Valuable Education and Retirement Support Act of 2015’’, 10 a.m., HVC–210. Committee on Energy and Commerce, Subcommittee on Energy and Power, hearing entitled ‘‘Legislative Hearing on Eight Energy Infrastructure Bills’’, 10 a.m., 2123 Rayburn. Subcommittee on Communications and Technology, hearing entitled ‘‘Status of the Public Safety Broadband Network’’, 10:15 a.m., 2322 Rayburn. Committee on Financial Services, Full Committee, business meeting on Committee’s views and estimates on the budget, 10 a.m., 2128 Rayburn. Subcommittee on Oversight and Investigations, hearing entitled ‘‘Unsustainable Federal Spending and the Debt Limit’’, 2 p.m., 2128 Rayburn. Committee on Homeland Security, Full Committee, markup on the ‘‘National Strategy to Combat Terrorist Travel Act of 2016’’; ‘‘Counterterrorism Advisory Board Act of 2016’’; the ‘‘Enhancing Overseas Traveler Vetting Act’’; the ‘‘Foreign Fighter Review Act of 2016’’; the ‘‘Amplifying Local Efforts to Root out Terror Act of 2016’’; the ‘‘Terrorist and Foreign Fighter Travel Exercise Act of 2016’’; H.R. 4383, the ‘‘DHS Human Trafficking Prevention Act of 2016’’; and the ‘‘DHS Acquisition Documentation Integrity Act of 2016’’, 2 p.m., 311 Cannon. Committee on the Judiciary, Full Committee, hearing entitled ‘‘FISA Amendments Act’’, 10 a.m., 2141 Rayburn. This hearing will be closed. Subcommittee on Courts, Intellectual Property, and the Internet, hearing on H.R. 1057, the ‘‘Promoting Automotive Repair, Trade, and Sales Act of 2015’’, 2 p.m., 2141 Rayburn. Committee on Natural Resources, Subcommittee on Water, Power and Oceans, hearing on H.R. 3070, the ‘‘EEZ Clarification Act’’; and H.R. 4245, to exempt importation and exportation of sea urchins and sea cucumbers from licensing requirements under the Endangered Species Act of 1973, 10 a.m., 1324 Longworth. Subcommittee on Indian, Insular and Alaska Native Affairs, hearing entitled ‘‘The Need for the Establishment of a Puerto Rico Financial Stability and Economic Growth Authority’’, 11 a.m., 1334 Longworth. Full Committee, markup on H.R. 482, the ‘‘Ocmulgee Mounds National Historical Park Boundary Revision Act Sfmt 0627"
255,CREC-2016-02-01-pt1-PgD79-2,2,"Committee on Commerce, Science, and Transportation: February 4, Subcommittee on Communications, Technology, Innovation, and the Internet, to hold hearings to examine ensuring intermodal Universal Service Fund support for rural America, 10:30 a.m., SR–253. Committee on Environment and Public Works: February 3, to hold hearings to examine the Stream Protection Rule, focusing on impacts on the environment and implications for Endangered Species Act and Clean Water Act implementation, 9:30 a.m., SD–406. Committee on Finance: February 4, to hold hearings to examine the nominations of Mary Katherine Wakefield, of North Dakota, to be Deputy Secretary of Health and Human Services, Andrew LaMont Eanes, of Kansas, to be Deputy Commissioner of Social Security for the term expiring January 19, 2019, and Elizabeth Ann Copeland, of Texas, and Vik Edwin Stoll, of Missouri, both to be a Judge of the United States Tax Court for a term of fifteen years, 10 a.m., SD–215. Committee on Foreign Relations: February 2, to receive a closed briefing on Russia, the European Union, and American foreign policy, 5 p.m., SVC–217. February 3, Full Committee, to hold hearings to examine strains on the European Union, focusing on implications for American foreign policy, 10 a.m., SD–419."
256,CREC-1995-05-18-pt1-PgD631,1,Committee on Resources: Endangered Species Act Task Force continued oversight hearings on the Endangered Species Act. Testimony was heard from public witnesses. Hearings continue May 25.
257,CREC-1996-06-21-pt1-PgD654-5,1,"House Committees Committee on Appropriations, June 25, to continue markup of the Labor, Health and Human Services, Education appropriations for fiscal year 1997, 10 a.m., 2360 Rayburn. June 26, to consider the Legislative appropriations for fiscal year 1997, 8:30 a.m., 2360 Rayburn. June 26, Subcommittee on the District of Columbia, on 1997 Budget Overview, 10 a.m., 2362A Rayburn. June 27, full Committee, to consider the Treasury, Postal Service, and General Government appropriations for fiscal year 1997, 8:30 a.m., 2360 Rayburn. Committee on Banking and Financial Services, June 26, Subcommittee on Capital Markets, Securities and Government Sponsored Enterprises, hearing regarding practices of FDIC-Insured Institutions Selling Nondeposit Investment Products, 10 a.m., 2128 Rayburn. Committee on Commerce, June 27, Subcommittee on Energy and Power, oversight hearing on the One-Call Notification Program, 10 a.m., 2322 Rayburn. Committee on Economic and Educational Opportunities, June 26, Subcommittee on Employer-Employee Relations, hearing on Promoting Expansion of Pensions for American Workers, 10 a.m., 2175 Rayburn. June 27, full Committee, to markup the following bills: H.R. 2391, Working Families Flexibility Act; and H.R. 2428, to encourage the donation of food and grocery products to nonprofit organizations for distribution to needy individuals by giving the Model Good Samaritan Food Donation Act the full force and effect of law, 10 a.m., 2175 Rayburn. Committee on Government Reform and Oversight, June 25, Subcommittee on Government Management, Information, and Technology, hearing on H.R. 3452, Presidential and Executive Office Accountability Act, 10 a.m., 2154 Rayburn. June 25, Subcommittee on Human Resources and Intergovernmental Relations, hearing on ‘‘The Status of Efforts to Identify Persian Gulf War Syndrome, Part III’’, 2 p.m., 2247 Rayburn. June 26, full Committee, hearing on Security of FBI Background Files, 10 a.m., 2154 Rayburn. June 27, Subcommittee on National Security, International Affairs, and Criminal Justice, hearing on Corporate America and the War on Drugs, 10 a.m., 2154 Rayburn. Committee on International Relations, June 25, Subcommittee on International Operations and Human Rights, hearing on International Exchanges, 2 p.m., 2200 Rayburn. June 26, full Committee, hearing on Administration Actions and Political Murders in Haiti, 10 a.m., 2172 Rayburn. June 26, Subcommittee on Africa, hearing on Bloody Hands: Foreign Support for Liberian Warlords, 2 p.m., 2172 Rayburn. June 27, full Committee, to mark up the Exports, Jobs and Growth Act of 1996, 10:30 a.m., 2172 Rayburn. June 27, Subcommittee on International Operations and Human Rights and the Subcommittee on the Western Hemisphere, joint hearing on Human Rights Violations In Castro’s Cuba: The Repression Continues, 11 a.m., 2172 Rayburn. Committee on the Judiciary, June 26, Subcommittee on Commercial and Administration Law, oversight hearing regarding the Legal Services Corporation, 10 a.m., 2226 Rayburn. June 27, Subcommittee on Commercial and Administrative Law, hearing regarding the oversight and reauthorization of the Negotiated Rulemaking Act; also on the following: H.J. Res. 113, granting the consent of Congress to the compact to provide for joint natural resource management and enforcement of laws and regulations pertaining to natural resources and boatings at the Jennings Randolph Lake Project lying in Garrett County, MD, and Mineral County, WV, entered into between the States of West Virginia and Maryland; and H.J. Res. 166, granting the consent of Congress to the mutual aid agreement between the city of Bristol, VA, and the city of Bristol, TN; 10 a.m., 2237 Rayburn. June 27, Subcommittee on Crime, hearing regarding the following bills: H.R. 3565, Violent Youth Predator Act of 1996; and H.R. 3445, Balanced Juvenile Justice and Crime Prevention Act of 1996, 9:30 a.m., 2141 Rayburn. June 27, Subcommittee on Immigration and Claims, to mark up H.R. 3680, War Crimes Act of 1996, 9:30 a.m., 2226 Rayburn. Committee on National Security, June 25, hearing on extremist activity in the military, 2 p.m., 2118 Rayburn. June 26, hearing on H.R. 3237, Intelligence Community Act, 9:30 a.m., 2118 Rayburn. June 27, Subcommittees on Military Procurement and the Subcommittee on Military Research and Development, joint hearing on tactical aviation programs, 1 p.m., 2118 Rayburn. Committee on Resources, June 25, oversight hearing on lifting the moratorium on listings of species under the Endangered Species Act, 11 a.m., 1324 Longworth. June 26, full Committee, to markup the following bills: H.R. 3024, United States-Puerto Rico Political Status Act; H.R. 1786, to regulate fishing in certain waters in Alaska; H.R. 2505, to amend the Alaska Native Claims Settlement Act to make certain clarifications to the land bank protection provisions; H.R. 3006, to provide for disposal of public lands in support of the Manzanar Historic Site in the State of California; H.R. 2636, to transfer jurisdiction over certain parcels of Federal real property located in the District of Columbia; and"
258,CREC-2016-06-13-pt1-PgD648-2,1,"Frm 00004 Fmt 0627 of 2015’’; H.R. 3734, the ‘‘Mining Schools Enhancement Act’’; H.R. 3839, the ‘‘Black Hills National Cemetery Boundary Expansion Act’’; H.R. 3843, the ‘‘Locatable Minerals Claim Location and Maintenance Fees Act of 2015’’; H.R. 3844, the ‘‘Energy and Minerals Reclamation Foundation Establishment Act of 2015’’; H.R. 3881, the ‘‘Cooperative Management of Mineral Rights Act of 2015’’; H.R. 4202, the ‘‘Fort Ontario Study Act’’; H.R. 4245, to exempt importation and exportation of sea urchins and sea cucumbers from licensing requirements under the Endangered Species Act of 1973; H.R. 4510, the ‘‘Bolts Ditch Access and Use Act’’; H.R. 4582, the ‘‘Save Our Salmon Act’’; H.R. 4685, the ‘‘Tule River Indian Reservation Land Trust, Health, and Economic Development Act’’; H.R. 4789, to authorize the Secretary of the Interior to establish a structure for visitor services on the Arlington Ridge tract, in the area of the U.S. Marine Corps War Memorial, and for other purposes; and H.R. 5244, the ‘‘Saint Francis Dam Disaster National Memorial Act’’, 4 p.m., 1324 Longworth. Committee on Oversight and Government Reform, Full Committee, hearing entitled ‘‘Oversight of the National Park Service’’, 10 a.m., 2154 Rayburn. Committee on Rules, Full Committee, hearing on H.R. 5293, the ‘‘Department of Defense Appropriations Act, 2017’’ [amendment consideration], 3 p.m., H–313 Capitol. Committee on Transportation and Infrastructure, Subcommittee on Coast Guard and Maritime Transportation, hearing entitled ‘‘Coast Guard Mission Needs and Resources Allocation’’, 10 a.m., 2167 Rayburn. Committee on Ways and Means, Subcommittee on Trade, hearing entitled ‘‘Expanding U.S. Agriculture Trade and Eliminating Barriers to U.S. Exports’’, 10 a.m., 1100 Longworth."
259,CREC-2017-02-15-pt1-PgD160-2,1,"Committee on Environment and Public Works: Committee concluded an oversight hearing to examine modernization of the Endangered Species Act, after receiving testimony from Wyoming Governor Dave Freudenthal, Cheyenne; Gordon Myers, North Carolina Wildlife Resources Commission Executive Director, Raleigh, on behalf of the Southeast Association of Fish and Wildlife Agencies; James Holte, Wisconsin Farm Bureau, Madison; Jamie Rappaport Clark, Defenders of Wildlife, Washington, D.C.; and Dan Ashe, Association of Zoos and Aquariums, Silver Spring, Maryland."
260,CREC-2015-01-20-pt1-PgD40,1,"Cantwell (for Franken) Amendment No. 17 (to Amendment No. 2), to require the use of iron, steel, and manufactured goods produced in the United States in the construction of the Keystone XL Pipeline and facilities. (By 53 yeas to 46 nays (Vote No. 5), Senate tabled the amendment.) Pages S255, S266 Pending: Murkowski Amendment No. 2, in the nature of a substitute. Page S255 Fischer Amendment No. 18 (to Amendment No. 2), to provide limits on the designation of new federally protected land. Page S267 Schatz Amendment No. 58 (to Amendment No. 2), to express the sense of Congress regarding climate change. Pages S267–68 Murkowski (for Lee) Amendment No. 33 (to Amendment No. 2), to conform citizen suits under the Endangered Species Act of 1973. Page S268 Durbin Amendment No. 69 (to Amendment No. 2), to ensure that the storage and transportation of petroleum coke is regulated in a manner that ensures the protection of public and ecological health. Pages S268–70 Murkowski (for Toomey) Amendment No. 41 (to Amendment No. 2), to continue cleaning up fields and streams while protecting neighborhoods, generating affordable energy, and creating jobs. Page S270 Whitehouse Amendment No. 29 (to Amendment No. 2), to express the sense of the Senate that climate change is real and not a hoax. Pages S270–72 A unanimous-consent agreement was reached providing for further consideration of the bill at approximately 10:30 a.m., on Wednesday, January 21, 2015. Page S300 Message from the President: Senate received the following message from the President of the United States: Transmitting the report on the State of the Union delivered to a Joint Session of Congress on January"
261,CREC-2016-03-15-pt1-PgD256,1,"Committee on Natural Resources: Full Committee began a markup on H.R. 87, the ‘‘Shiloh National Military Park Boundary Adjustment and Parker’s Crossroads Battlefield Designation Act’’; H.R. 295, to reauthorize the Historically Black Colleges and Universities Historic Preservation program; H.R. 329, the ‘‘Indian Employment, Training and Related Services Consolidation Act of 2015’’; H.R. 496, the ‘‘Alabama Hills National Scenic Area Establishment Act’’; H.R. 1621, to modify the boundary of Petersburg National Battlefield in the Commonwealth of Virginia, and for other purposes; H.R. 1838, the ‘‘Clear Creek National Recreation Area and Conservation Act’’; H.R. 2009, the ‘‘Pascua Yaqui Tribe Land Conveyance Act of 2015’’; H.R. 2733, the ‘‘Nevada Native Nations Land Act’’; H.R. 3070, the ‘‘EEZ Clarification Act’’; H.R. 3211, to provide for the addition of certain real property to the reservation of the Siletz Tribe in the State of Oregon; H.R. 3826, the ‘‘Mount Hood Cooper Spur Land Exchange Clarification Act’’; H.R. 4245, to exempt importation and exportation of sea urchins and sea cucumbers from licensing requirements under the Endangered Species Act of 1973; H.R. 4579, the ‘‘Utah Test and Training Range Encroachment Prevention and Temporary Closure Act’’; and H.R. 4680, to prepare the National Park Service for its Centennial in 2016 and for a second century of promoting and protecting the natural, historic, and cultural resources of our National Parks for the enjoyment of present and future generations, and for other purposes."
262,CREC-1995-08-09-pt1-PgD1013,1,"Routine Proceedings, pages S11969–S12111 Measures Introduced: Twelve bills were introduced, as follows: S. 1132–1143. Page S12079 Measures Reported: Reports were made as follows: S. 883, to amend the Federal Credit Union Act to enhance the safety and soundness of federally insured credit unions, to protect the National Credit Union Share Insurance Fund. (S. Rept. No. 104–133) Page S12079 Measures Passed: Interior Appropriations, 1996: By 92 yeas to 6 nays (Vote No. 378), Senate passed H.R. 1977, making appropriations for the Department of the Interior and related agencies for the fiscal year ending September 30, 1996, agreeing to excepted committee amendments, and taking action on amendments proposed thereto, as follows: Pages S11969–76, S11979–S12000, S12002–37 Adopted: (1) Craig Amendment No. 2303, to add avoidance costs as a punishable result, relating to tree spiking on Federal lands. Pages S11979–82, S11995 (2) Jeffords Modified Amendment No. 2304 (to various committee amendments), to increase the funding for the National Endowment for the Arts, the National Endowment for the Humanities, and the Institute of Museum Services. Pages S11986–95 (3) Bingaman Amendment No. 2305, to permit the use of funds for the award of grants to individuals for National Heritage Fellowships and American Jazz Masters Fellowships. Pages S11996–98 (4) Reid Amendment No. 2308, to increase the amount of funds made available for activities relating to the administration of the Endangered Species Act of 1973. Pages S12007–14 (5) Gorton (for Byrd) Amendment No. 2311, to clarify the availability of funds for abandoned mine environmental restoration. Pages S12020–26"
263,CREC-2003-06-20-pt1-PgD703-4,1,"June 26, Full Committee, business meeting to consider proposed legislation making appropriations for the Departments of Labor, Health and Human Services, and Education and related agencies for the fiscal year ending September 30, 2004, and proposed legislation making appropriations for military construction, family housing, and base realignment and closure for the Department of Defense for the fiscal year ending September 30, 2004, 2 p.m., S–128, Capitol. Committee on Armed Services: June 24, Subcommittee on Personnel, with the Committee on Health, Education, Labor, and Pensions, Subcommittee on Children and Families, to hold joint hearings to examine support for military families, 2:30 p.m., SD–106. Committee on Banking, Housing, and Urban Affairs: June 24, to hold hearings to examine bus rapid transit and other bus service innovations, 10 a.m., SD–538. June 25, Subcommittee on Economic Policy, to hold oversight hearings to examine certain measures to strengthen the economic situation in rural America, 2 p.m., SD–538. June 26, Full Committee, to hold hearings to examine affiliate sharing practices in relation to the Fair Credit Reporting Act, 10 a.m., SD–538. Committee on Commerce, Science, and Transportation: June 24, to hold hearings to examine proposals to reform the United States Olympic Committee, 9:30 a.m., SR–253. June 25, Full Committee, to hold hearings to examine the nominations of Pamela Harbour, of New York, to be a Federal Trade Commissioner, and Nicole R. Nason, of Virginia, to be an Assistant Secretary of Transportation; to be followed by a hearing on Radio Ownership, 9:30 a.m., SR–253. June 26, Full Committee, business meeting to consider S. 1218, to provide for Presidential support and coordination of interagency ocean science programs and development and coordination of a comprehensive and integrated United States research and monitoring program, proposed legislation authorizing funds for National Highway Traffic Safety Administration, proposed legislation authorizing funds for the Federal Motor Carrier Safety Administration, and proposed legislation authorizing funds for recreational boating safety programs, 9:30 a.m., SR–253. Committee on Energy and Natural Resources: June 24, to hold hearings to examine changes over time in the relationship between the Department of Energy and its predecessors and contractors operating DOE laboratories and sites to determine if these changes have affected the ability of scientists and engineers to respond to national missions, 10 a.m., SD–366. June 25, Full Committee, business meeting to consider pending calendar business, 10 a.m., SD–366. June 25, Subcommittee on Public Lands and Forests, to hold oversight hearings to examine grazing programs of the Bureau of Land Management and the Forest Service, focusing on grazing permit renewal, BLM’s potential changes to grazing regulations, range monitoring, drought, and other grazing issues, 2:30 p.m., SD–366. Committee on Environment and Public Works: June 24, Subcommittee on Fisheries, Wildlife, and Water, to hold hearings to examine implementation of the National Marine Fisheries Service’s 2000 Biological Opinion for listed anadromous fish regarding operation of the Federal Columbia River Power System, 9:30 a.m., SD–406. June 25, Subcommittee on Fisheries, Wildlife, and Water, to hold oversight hearings to examine the consulting process required by Section 7 of the Endangered Species Act, 9:30 a.m., SD–406. Committee on Finance: June 26, to hold hearings on pending nominations, 10 a.m., SD–215. Committee on Foreign Relations: June 24, Subcommittee on European Affairs, to hold hearings to examine U.S. relations with respect to a changing Europe, focusing on differing views on technology issues, 2:30 p.m., SD–419. June 25, Full Committee, to hold hearings to examine the implementation of the African Growth and Opportunity Act (P.L. 106–200), 9:30 a.m., SD–419. June 25, Subcommittee on Near Eastern and South Asian Affairs, with the Committee on the Judiciary, Subcommittee on Constitution, Civil Rights and Property Rights, to hold joint hearings to examine constitutionalism, human rights, and the Rule of Law in Iraq, 2 p.m., SD–226. June 25, Subcommittee on European Affairs, to hold hearings to examine the progress and challenges to the successor states to Pre–1991 Yugoslavia, 2:30 p.m.,"
264,CREC-1997-10-31-pt1-PgD1186,1,"Routine Proceedings, pages S11503–S11575 Measures Introduced: Six bills and one resolution were introduced, as follows: S. 1352–1357, and S. Con. Res. 59. Page S11545 Measures Reported: Reports were made as follows: H.R. 960, to validate certain conveyances in the City of Tulare, Tulare County, California. (S. Rept. No. 105–127) S. 1180, to reauthorize the Endangered Species Act, with an amendment in the nature of a substitute. (S. Rept. No. 105–128) S. 318, to amend the Truth in Lending Act to require automatic cancellation and notice of cancellation rights with respect to private mortgage insurance which is required by a creditor as a condition for entering into a residential mortgage transaction, with an amendment in the nature of a substitute. (S. Rept. No. 105–129) S. 1228, to provide for a 10-year circulating commemorative coin program to commemorate each of the 50 States, with an amendment. (S. Rept. No. 105–130) Page S11544 Measures Passed: Gun Violence Concern: Committee on the Judiciary was discharged from further consideration of S. Res. 141, expressing the sense of the Senate regarding National Concern About Young People and Gun Violence Day, and the resolution was then agreed to. Pages S11572–73 Education Savings Act for Public and Private Schools—Cloture Vote: Senate resumed consideration of H.R. 2646, to amend the Internal Revenue Code of 1986 to allow tax-free expenditures from education individual retirement accounts for elementary and secondary school expenses, and to increase the maximum annual amount of contributions to such accounts. Pages S11503–11 During consideration of this measure today, Senate also took the following action: By 56 yeas to 41 nays (Vote No. 288), three-fifths of those Senators duly chosen and sworn not having"
265,CREC-2007-05-09-pt1-PgD649,1,"Committee on Natural Resources: Held an oversight hearing on Endangered Species Act Implementation: Science or Politics? Testimony was heard from P. Lynn Scarlett, Deputy Secretary, Department of the Interior; John Young, former Biologist, U.S. Fish and Wildlife Service, Department of the Interior; and public witnesses."
266,CREC-2001-05-23-pt1-PgD499,1,"Routine Proceedings, pages S5489–S5570 Measures Introduced: Ten bills and one resolution was introduced, as follows: S. 935–944, and S. Con. Res. 42. Page S5542 Measures Reported: H.R. 581, to authorize the Secretary of the Interior and the Secretary of Agriculture to use funds appropriated for wildland fire management in the Department of the Interior and Related Agencies Appropriations Act, 2001, to reimburse the United States Fish and Wildlife Service and the National Marine Fisheries Service to facilitate the interagency cooperation required under the Endangered Species Act of 1973 in connection with wildland fire management. S. 378, to redesignate the Federal building located at 3348 South Kedzie Avenue, in Chicago, Illinois, as the ‘‘Paul Simon Chicago Job Corps Center’’. S. 468, to designate the Federal building located at 6230 Van Nuys Boulevard in Van Nuys, California, as the ‘‘James C. Corman Federal Building’’. S. 757, to designate the Federal building and United States courthouse located at 504 West Hamilton Street in Allentown, Pennsylvania, as the ‘‘Edward N. Cahn Federal Building and United States Courthouse’’. S. 774, to designate the Federal building and United States courthouse located at 121 West Spring Street in New Albany, Indiana, as the ‘‘Lee H. Hamilton Federal Building and United States Courthouse’’. Page S5541 Measures Passed: Tax Relief Reconciliation: By 62 yeas to 38 nays (Vote No. 165), Senate passed H.R. 1836, to provide for reconciliation pursuant to section 104 of the con-"
267,CREC-2005-05-13-pt1-PgD482-3,1,"Committee on Energy and Natural Resources: May 17, business meeting to consider comprehensive energy legislation, 9:30 a.m., SD–366. May 18, Full Committee, business meeting to consider comprehensive energy legislation, 9:30 a.m., SD–366. May 19, Full Committee, business meeting to consider comprehensive energy legislation, 9:30 a.m., SD–366. Committee on Environment and Public Works: May 17, Subcommittee on Clean Air, Climate Change, and Nuclear Safety, to hold closed hearings to examine nuclear security, 9:30 a.m., S–407, Capitol. May 18, Full Committee, to hold hearings to examine eco-terrorism, specifically examining the Earth Liberation Front (‘‘ELF’’) and the Animal Liberation Front (‘‘ALF’’), 9:30 a.m., SD–406. May 19, Subcommittee on Fisheries, Wildlife, and Water, to hold an oversight hearing to examine the Endangered Species Act, 9:30 a.m., SD–406."
268,CREC-2025-03-03-pt1-PgD207,1,"Frm 00004 Fmt 0627 Leadership Act of 2025; H.R. 1737, to direct the Secretary of Commerce to submit to Congress a report containing an assessment of the value, cost, and feasibility of a trans-Atlantic submarine fiber optic cable connecting the contiguous United States, the United States Virgin Islands, Ghana, and Nigeria; H.R. 1709, the ‘‘Understanding Cybersecurity of Mobile Networks Act’’; H.R. 1679, the ‘‘Global Investment in American Jobs Act’’; legislation on the Securing and Enabling Commerce Using Remote and Electronic Notarization Act of 2025; legislation on the Consumer Safety Technology Act; H.R. 1721, the ‘‘Critical Infrastructure Manufacturing Feasibility Act’’; and legislation on the Awning Safety Act of 2025, 2 p.m., 2123 Rayburn. Committee on Financial Services, Task Force on Monetary Policy, Treasury Market Resilience, and Economic Prosperity, hearing entitled ‘‘Examining Monetary Policy and Economic Opportunity’’, 10 a.m., 2128 Rayburn. Subcommittee on Housing and Insurance, hearing entitled ‘‘Building Our Future: Increasing Housing Supply in America’’, 2 p.m., 2128 Rayburn. Committee on Homeland Security, Subcommittee on Emergency Management and Technology, hearing entitled ‘‘Future of FEMA: Perspectives from the Emergency Management Community’’, 10 a.m., 310 Cannon. Subcommittee on Counterterrorism and Intelligence, hearing entitled ‘‘The Digital Battlefield: How Terrorists Use the Internet and Online Networks for Recruitment and Radicalization’’, 2 p.m., 310 Cannon. Committee on House Administration, Full Committee, hearing entitled ‘‘Member Day: Committee on House Administration’’, 10 a.m., 1310 Longworth. Committee on the Judiciary, Subcommittee on Crime and Federal Government Surveillance, hearing entitled ‘‘The Right to Self Defense’’, 10 a.m., 2141 Rayburn. Subcommittee on the Constitution and Limited Government, hearing entitled ‘‘Legislative Reforms to End Lawfare by State and Local Prosecutors’’, 2 p.m., 2141 Rayburn. Committee on Natural Resources, Subcommittee on Oversight and Investigations, hearing entitled ‘‘Understanding the Consequences of Experimental Populations Under the Endangered Species Act’’, 10:15 a.m., 1324 Longworth. Committee on Oversight and Government Reform, Subcommittee on Cybersecurity, Information Technology, and Government Innovation, hearing entitled ‘‘Leveraging Technology to Strengthen Immigration Enforcement’’, 10 a.m., 2247 Rayburn. Committee on Transportation and Infrastructure, Subcommittee on Aviation, hearing entitled ‘‘America Builds: Air Traffic Control System Infrastructure and Staffing’’, 10 a.m., 2167 Rayburn."
269,CREC-2016-02-02-pt1-PgD92,1,"Committee on the Budget: to hold hearings to examine spending on unauthorized programs, 10 a.m., SD–608. Committee on Environment and Public Works: to hold hearings to examine the Stream Protection Rule, focusing on impacts on the environment and implications for Endangered Species Act and Clean Water Act implementation, 9:30 a.m., SD–406. Committee on Foreign Relations: to hold hearings to examine strains on the European Union, focusing on implications for American foreign policy, 10 a.m., SD–419. Committee on Homeland Security and Governmental Affairs: to hold hearings to examine Canada’s fast-track refugee plan, focusing on implications for United States national security, 10 a.m., SD–342. Committee on Indian Affairs: business meeting to consider S. 1125, to authorize and implement the water rights compact among the Blackfeet Tribe of the Blackfeet Indian Reservation, the State of Montana, and the United States, and S. 1983, to authorize the Pechanga Band of Luiseno Mission Indians Water Rights Settlement; to be immediately followed by an oversight hearing to examine the substandard quality of Indian health care in the Great Plains, 2:15 p.m., SH–216. Committee on the Judiciary: to hold hearings to examine the need for transparency in the asbestos trusts, 10 a.m.,"
270,CREC-2016-02-26-pt1-PgD179-3,1,"Louisiana Wildlife and Fisheries, except when such designation would pose an unacceptable safety risk; if a road is denied, the Forest Administrator must publish a notice in the Federal Register with a justification for the closure; Pages H973–74 Hardy amendment (No. 13 printed in H. Rept. 114–429) that adds the text of H.R. 373, the Good Samaritan Search and Recovery Act, to the end of the bill; expedites access to federal lands for volunteer search and rescue groups to assist in recovering the remains of a deceased individual believed to be located on federal lands; Pages H976–77 Smith (MO) amendment (No. 9 printed in H. Rept. 114–429) that prohibits USDA and NFS from issuing restrictions and regulations on hunting and recreational fishing in the Mark Twain National Forest (by a recorded vote of 232 ayes to 173 noes, Roll No. 95); Pages H971–72, H986 Griffith amendment (No. 12 printed in H. Rept. 114–429) that allows a person who is not prohibited from possessing, transporting, shipping, or receiving a firearm or ammunition to transport a firearm or ammunition for any lawful purpose from any place where the person may lawfully possess, carry, or transport the firearm or ammunition to any other such place if, during the transportation, the firearm is unloaded (by a recorded vote of 239 ayes to 165 noes, Roll No. 96); Pages H974–76, H986–87 Ribble amendment (No. 14 printed in H. Rept. 114–429) that reissues the 2011 U.S. Fish and Wildlife Service decision to delist the gray wolf in the Western Great Lakes and Wyoming from the Endangered Species Act (by a recorded vote of 232 ayes to 171 noes, Roll No. 97); and Pages H977–80, H987–88 Young (AK) amendment (No. 15 printed in H. Rept. 114–429) that prohibits the Fish and Wildlife Service from issuing a final rule that preempts state management authority which is protected by law in Alaska; withdraws a final rule issued by the National Park Service of the same issue (by a recorded vote of 236 ayes to 169 noes, Roll No. 98). Pages H980–81, H988 Rejected: Beyer amendment (No. 2 printed in H. Rept. 114–429) that sought to prohibit an individual who is prohibited from possessing a firearm by the Gun Control Act from using a public target range (by a recorded vote of 161 ayes to 244 noes, Roll No. 92); Pages H963–65, H984 Jackson Lee amendment (No. 3 printed in H."
271,CREC-2020-12-21-pt3-PgD1123-2,1,"Public Bills and Resolutions Introduced: 7 public bills, H.R. 9039–9045; and 2 resolutions, H. Con. Res. 127–128, were introduced Page H7322 Additional Cosponsors: Page H7322 Reports Filed: Reports were filed today as follows: H. Res. 1271, providing for consideration of the Senate amendment to the bill (H.R. 133) to promote economic partnership and cooperation between the United States and Mexico; providing for disposition of the Senate amendment to the bill (H.R.1520) to amend the Public Health Service Act to provide for the publication of a list of licensed biological products, and for other purposes; and for other purposes (H. Rept. 116–679); H.R. 2245, to amend the Endangered Species Act of 1973 to prohibit import and export of any species listed or proposed to be listed under such Act as a threatened species or endangered species, and for other purposes, with amendments"
272,CREC-1999-06-29-pt1-PgD743,1,"Committee on Environment and Public Works: Committee ordered favorably reported the following business items: S. 1100, to amend the Endangered Species Act of 1973 to provide that the designation of critical habitat for endangered and threatened species be required as part of the development of recovery plans for those species, with an amendment in the nature of a substitute; An original resolution authorizing expenditures by the Committee on Environment and Public Works; and The nomination of Timothy Fields, Jr., of Virginia, to be Assistant Administrator, Office of Solid Waste, Environmental Protection Agency."
273,CREC-1999-07-20-pt1-PgD831,1,"Committee on Environment and Public Works: Subcommittee on Fisheries, Wildlife, and Drinking Water held hearings to examine the extent and quality of the science of the Endangered Species Act’s habitat conservation plans, receiving testimony from Peter Kareiva, Senior Ecologist, National Marine Fisheries Service, National Oceanic and Atmospheric Administration, Department of Commerce; Stuart Pimm, University of Tennessee, Knoxville; and Dennis D. Murphy, University of Nevada, Reno. Hearings continue tomorrow."
274,CREC-2008-03-13-pt2-PgD289,1,"Frm 00005 Fmt 0627 Conrad (for Clinton) Amendment No. 4300, to provide for a reserve fund for legislation to establish a program, including medical monitoring and treatment, addressing the adverse health impacts linked to the September 11, 2001 attacks. Page S2083 Conrad (for Baucus) Amendment No. 4331, to add a deficit-neutral reserve fund to ban abusive and inappropriate sales and marketing tactics used by private insurers offering Medicare Advantage and prescription drug plans. Pages S2083, S2083–84 Conrad (for Collins) Modified Amendment No. 4209, to provide for renewable energy and energy efficiency tax credits with offsets. Pages S2083, S2084 Conrad (for Specter/Casey) Amendment No. 4375, to express the sense of the Senate regarding Philadelphia Housing Authority’s ‘‘Moving to Work Agreement’’ with the U.S. Department of Housing and Urban Development. Pages S2083, S2084 Conrad (for Bunning) Amendment No. 4307, to permanently extend the adoption tax credit and the exclusion for adoption assistance programs included in the Economic Growth and Tax Relief Reconciliation Act of 2001. Pages S2083, S2084 Conrad (for Graham/DeMint) Amendment No. 4371, to express the sense of the Senate regarding a Balanced Budget Amendment to the Constitution of the United States. Pages S2083, S2084 By 73 yeas to 23 nays (Vote No. 83), Biden Amendment No. 4245, to restore full funding for the international affairs budget, in support of the reconstruction of Iraq and Afghanistan, nuclear proliferation, foreign assistance, fighting global AIDS, promoting sustainable development, and other efforts, with an offset. Page S2086 By 73 yeas to 23 nays (Vote No. 84), Vitter Amendment No. 4299, expressing the sense of the Senate regarding the need for comprehensive legislation to legalize the importation of prescription drugs from highly industrialized countries with safe pharmaceutical infrastructures. Pages S2086–87 Conrad (for Barrasso) Amendment No. 4206, to provide funding to enable certain individuals and entities to comply with the Endangered Species Act of 1973. Page S2087 Rejected: By 47 yeas to 52 nays (Vote No. 43), Graham Modified Amendment No. 4170, to protect families, family farms and small businesses by extending the income tax rate structure, raising the death tax exemption to $5,000,000 and reducing the maximum death tax rate to no more than 35 percent; to keep education affordable by extending the college tuition deduction; and to protect senior citizens from higher Sfmt 0627"
275,CREC-1995-03-10-pt1-PgD331,1,"Committee on Commerce, Science, and Transportation: March 15, Subcommittee on Oceans and Fisheries, to hold hearings on proposed legislation authorizing funds for fiscal year 1996 for the United States Coast Guard, Department of Transportation, 3 p.m., S–211, Capitol. Committee on Energy and Natural Resources: March 15, business meeting, to consider pending calendar business, 9:30 a.m., SD–366. Committee on Environment and Public Works: March 14, Subcommittee on Drinking Water, Fisheries, and Wildlife, business meeting, to consider S. 503, to amend the Endangered Species Act of 1973 to impose a moratorium on the listing of species as endangered or threatened and the designation of critical habitat, 10 a.m., SD–406. March 17, Full Committee, to hold hearings on the Department of the Interior and the Department of Defense consultations concerning conservation of endangered species at Ft. Bragg, North Carolina, 9:30 a.m., SD–406. Committee on Finance: March 13, to hold hearings to examine the status of the consumer price index, 9:30 a.m.,"
276,CREC-2011-05-05-pt1-PgD460-2,1,"May 12, Subcommittee on Emergency Preparedness, Response, and Communications, hearing entitled ‘‘Taking Measure of Countermeasures (Part 2): A Review of Efforts to Protect the Homeland Through Distribution and Dispensing of CBRN Medical Countermeasures.’’ 2 p.m., 311 Cannon. Committee on House Administration, May 11, full Committee, hearing on GPO—Issues and Challenges: How Will GPO Transition to the Future? 1:30 p.m., 210 Cannon. Committee on the Judiciary, May 11, Subcommittee on Crime, Terrorism and Homeland Security, hearing on the USA PATRIOT Act: Dispelling the Myths, 10 a.m., 2141 Rayburn. May 11, Subcommittee on Immigration Policy and Enforcement, hearing on legislation regarding the Secure Visas Act, 1:30 p.m., 2141 Rayburn. Committee on Natural Resources, May 11, full Committee, hearing on American Energy Initiative: Identifying Roadblocks to Wind and Solar Energy on Public Lands and Waters, 10 a.m., 1324 Longworth. May 12, Subcommittee on Water and Power, hearing on the following bills: H.R. 470, to further allocate and expand the availability of hydroelectric power generated at Hoover Dam, and for other purposes; H.R. 489, to clarify the jurisdiction of the Secretary of the Interior with respect to the C.C. Cragin Dam and Reservoir, and for other purposes; and H.R. 818, to direct the Secretary of the Interior to allow for prepayment of repayment contracts between the United States and the Uintah Water Conservancy District, 10 a.m., 1334 Longworth. May 12, Subcommittee on Fisheries, Wildlife, Oceans, and Insular Affairs, hearing on the following bills: H.R. 295, to amend the Hydrographic Services Improvement Act of 1998 to authorize funds to acquire hydrographic data and provide hydrographic services specific to the Arctic for safe navigation, delineating the United States extended continental shelf, and the monitoring and description of coastal changes; H.R. 670, to convey certain submerged lands to the Commonwealth of the Northern Mariana Islands in order to give that territory the same benefits in its submerged lands as Guam, the Virgin Islands, and American Samoa have in their submerged lands; H.R. 991, to amend the Marine Mammal Protection Act of 1972 to allow importation of polar bear trophies taken in sport hunts in Canada before the date the polar bear was determined to be a threatened species under the Endangered Species Act of 1973; H.R. 1160, McKinney Lake National Fish Hatchery Conveyance Act; H.R. 1670, Sikes Act Amendments Act, 11 a.m., 1324 Longworth. Committee on Oversight and Government Reform, May 10, full Committee, hearing entitled ‘‘The Future of Capital Formation,’’ 12:30 p.m., 2154 Rayburn. May 11, Subcommittee on National Security, Homeland Defense and Foreign Operations, hearing entitled bjneal on DSK2TWX8P1PROD with CONG-REC-ONLINE VerDate Mar 15 2010 05:26 Feb 15, 2012 Jkt 099060"
277,CREC-2000-09-13-pt1-PgD907,1,"House Committee on Commerce, to mark up the following bills: H.R. 3100, Know Your Caller Act; H.R. 2592, to amend the Consumer Products Safety Act to provide that lowspeed electric bicycles are consumer products subject to such Act; H.R. 3850, Independent Telecommunications Consumer Enhancement Act of 2000; H.R. 2346, to authorize the enforcement by State and local governments of certain Federal Communications Commission regulations regarding use of citizens band radio equipment; H.R. 1689, to prohibit States from imposing restrictions on the operation of motor vehicles providing limousine service between a place in a State and a place in another State; H.R. 2641, to make technical corrections to title X of the Energy Policy Act of 1992; and H.R. 1795, National Institute of Biomedical Imaging and Engineering Establishment Act, 11:15 a.m., 2123 Rayburn. Committee on Education and the Workforce, Subcommittee on Employer-Employee Relations, hearing on How to Improve Pension Coverage for American Workers, 10:30 a.m., 2175 Rayburn. Subcommittee on Workforce Protections, hearing on a Review of Mine Safety and Health: The State of the Industry Today, 2 p.m., 2175 Rayburn. Committee on International Relations, Subcommittee on International Operations and Human Rights, hearing on H.Res. 398, United States Training on and Commemoration of the Armenian Genocide Resolution, 2 p.m., 2172 Rayburn. Committee on the Judiciary, Subcommittee on the Constitution, to mark up H.R. 5018, Electronic Communications Privacy Act of 2000, 9 a.m., 2237 Rayburn. Subcommittee on Immigration and Claims, to mark up the following: H.R. 4068, Religious Workers Act of 2000; and a private relief bill, 2 p.m., 2226 Rayburn. Committee on Resources, oversight hearing on General Accounting Office review of Endangered Species Act implementation in Southern California, 11 a.m., 3124 Longworth. Subcommittee on Forests and Forest Health, oversight hearing on Private Conservation Efforts: Lessons for National Forests, 11 a.m., 1334 Longworth. Committee on Ways and Means, to consider the Debt Relief Lockbox Reconciliation Act for Fiscal Year 2001, 11 a.m., 1100 Longworth."
278,CREC-2018-12-21-pt1-PgD1314,1,"Cosmetic Act to define the term natural cheese (H. Rept. 115–1103); H.R. 5025, to amend the Western and Central Pacific Fisheries Convention Implementation Act to limit the imposition of penalties against a person fishing on a United States flag fishing vessel in certain areas of the Pacific Ocean based on a report by an observer on such a vessel (H. Rept. 115–1104); and H.R. 6355, to amend the Endangered Species Act of 1973 to define petition backlogs and provide expedited means for discharging petitions during such a backlog, with an amendment"
279,CREC-2001-05-24-pt1-PgD509,1,"located at 3348 South Kedzie Avenue, in Chicago, Illinois, as the ‘‘Paul Simon Chicago Job Corps Center’’. Page S5658 James C. Corman Federal Building: Senate passed S. 468, to designate the Federal building located at 6230 Van Nuys Boulevard in Van Nuys, California, as the ‘‘James C. Corman Federal Building’’. Page S5658 Edward N. Cahn Federal Building and U.S. Courthouse: Senate passed S. 757, to designate the Federal building and United States courthouse located at 504 West Hamilton Street in Allentown, Pennsylvania, as the ‘‘Edward N. Cahn Federal Building and United States Courthouse’’. Page S5658 Lee H. Hamilton Federal Building and U.S. Courthouse: Senate passed S. 774, to designate the Federal building and United States courthouse located at 121 West Spring Street in New Albany, Indiana, as the ‘‘Lee H. Hamilton Federal Building and United States Courthouse’’. Page S5658 Wildland Fire Management: Senate passed H.R. 581, to authorize the Secretary of the Interior and the Secretary of Agriculture to use funds appropriated for wildland fire management in the Department of the Interior and Related Agencies Appropriations Act, 2001, to reimburse the United States Fish and Wildlife Service and the National Marine Fisheries Service to facilitate the interagency cooperation required under the Endangered Species Act of 1973 in connection with wildland fire management, clearing the measure for the President. Page S5658 Tax Relief Reconciliation Amendment Modified: By unanimous-consent, Boxer Amendment No. 767, to extend the work opportunity credit to encourage the hiring of certain veterans, which fell on a point of order, to H.R. 1836, Economic Growth and Tax Relief Reconciliation Act (as passed the Senate on May 24, 2001), was modified. Page S5638"
280,CREC-2006-09-28-pt2-PgD1059,1,"Public Bills and Resolutions Introduced: 28 public bills, H.R. 6225–6252; and 8 resolutions, H.J. Res. 98; H. Con. Res. 487–488; and H. Res. 1055–1059 were introduced. Pages H7900–02 Additional Cosponsors: Pages H7902–03 Reports Filed: Reports were filed today as follows: H.R. 4857, to better inform consumers regarding costs associated with compliance for protecting endangered and threatened species under the Endangered Species Act of 1973 (H. Rept. 109–693); H.R. 512, to require the prompt review by the Secretary of the Interior of the longstanding petitions for Federal recognition of certain Indian tribes (H. Rept. 109–694); H.R. 6143, to amend title XXVI of the Public Health Service Act to revise and extend the program for providing life-saving care for those with HIV/ AIDS (H. Rept. 109–695); H. Res. 1052, providing for consideration of H.R. 5825, to update the Foreign Intelligence Surveillance Act of 1978 (H. Rept. 109–696); H.R. 5851, to reauthorize the programs of the Department of Housing and Urban Development for housing assistance for Native Hawaiians (H. Rept. 109–697); H.R. 1674, to authorize and strengthen the tsunami detection, forecast, warning, and mitigation program of the National Oceanic and Atmospheric Administration, to be carried out by the National Weather Service, with an amendment (H. Rept. 109–698); Conference report on H.R. 5441, making appropriations for the Department of Homeland Security for the fiscal year ending September 30, 2007 (H. Rept. 109–699); H. Res. 1053, waiving a requirement of clause 6(a) of rule XIII with respect to consideration of certain resolutions reported from the Committee on Rules (H. Rept. 109–700); and H. Res. 1054, waiving points of order against the conference report to accompany H.R. 5441, making appropriations for the Department of Homeland Security for the fiscal year ending September 30, 2007 and providing for consideration of S. 3930, to authorize trial by military commission for violations of the law of war and consideration of H.R. 4772, to simplify and expedite access to the Federal courts for hmoore on PROD1PC68 with HMDIGEST injured parties whose rights and privileges under the United States Constitution have been deprived by final actions of Federal agencies or other government VerDate Aug 31 2005 04:18 Sep 30, 2006 Jkt 049060"
281,CREC-1995-07-14-pt1-PgD858-4,1,"July 19, Full Committee, business meeting, to mark up S. 852, to provide for uniform management of livestock grazing on Federal land, 8:30 a.m., SD–366. Committee on Environment and Public Works: July 19, Subcommittee on Clean Air, Wetlands, Private Property, and Nuclear Safety, to hold oversight hearings on the implementation of Section 404 (relating to wetlands) of the Clean Water Act, 9:30 a.m., SD–406. July 20, Drinking Water, Fisheries, and Wildlife, to resume hearings on proposed legislation authorizing funds for programs of the Endangered Species Act, 9 a.m.,"
282,CREC-1998-07-14-pt1-PgD758,1,"Committee on Resources, to mark up H.R. 4111, to provide for outlet modifications to Folsom Dam, a study for reconstruction of the Northfork American River Cofferdam, and to transfer to the State of California all right, title, and interest in and to the Auburn Dam, 11 a.m., and to hold oversight hearing on Endangered Species Act, 2 p.m., 1324 Longworth. Committee on Rules, to consider the following: H.R. 4194, making appropriations for the Department of Veterans and Housing and Urban Development, and for sundry independent agencies, commissions, corporations, and offices for the fiscal year ending September 30, 1999; and H.R. 4193, making appropriations for the Department of the Interior and related agencies for the fiscal year ending September 30, 1999, 2 p.m., H–313 Capitol. Committee on Science, Subcommittee on Energy and Environment, oversight hearing on the Science of Risk Assessment: Implications for Federal Regulation, 11 a.m., 2318 Rayburn. Committee on Small Business, hearing on the Impact of the Year 2000 (Y2K) Computer Problem on Small Businesses, 11 a.m., 2360 Rayburn. Committee on Transportation and Infrastructure, Subcommittee on Coast Guard and Maritime Transportation, oversight hearing on the U.S. Coast Guard Marine Environmental Protection and Compliance Programs, 10 a.m., 2167 Rayburn. Committee on Ways and Means, Subcommittee on Trade, hearing on United States-Japan Trade Relations, 2:30 p.m., 1100 Longworth."
283,CREC-1995-02-23-pt1-PgD231,1,"Bills Introduced: Sixteen public bills, H.R. 1018–1029 and 1032–1035; two private bills, H.R. 1030–1031; and two resolutions, H. Res. 94–95, were introduced. Pages H2175–76 Reports Filed: The following reports were filed as follows: H.R. 925, to compensate owners of private property for the effect of certain regulatory restrictions, amended (H. Rept. 104–46); H.R. 716, to amend the Fishermen’s Protective Act (H. Rept. 104–47); H.R. 926, to promote regulatory flexibility and enhance public participation in Federal agency rulemaking, amended (H. Rept. 104–48); and H.R. 937, to amend title 5, United States Code, to clarify procedures for judicial review of Federal agency compliance with regulatory flexibility analysis requirements, amended (H. Rept. 104–49, Part 1). Page H2175 Journal: By a yea-and-nay vote of 344 yeas to 61 nays, with 1 voting ‘‘present’’, Roll No. 158, the House approved the Journal of Wednesday, February 22. Pages H2069–70 Committee To Sit: It was made in order that the Committee on Economic and Educational Opportunities and its subcommittees be permitted to sit today during the proceedings of the House under the 5-minute rule. Page H2073 Regulatory Transition Act: House completed all general debate and began consideration of amendments on H.R. 450, to ensure economy and efficiency of Federal Government operations by establishing a moratorium on regulatory rulemaking actions, but came to no resolution thereon. Consideration of amendments will resume on Friday, February 24. Pages H2087 Agreed To: The Condit amendment that extends the moratorium on new rulemaking under the Endangered Species Act of 1973 until December 31, 1996, or until the date Congress enacts a reform of the existing law, whichever comes first; Pages H2101–07 The Burton of Indiana amendment that excludes from the proposed moratorium all agency actions which are required by the Uruguay Round Agreements Act; Pages H2117–19 The Spratt amendment that exempts from the moratorium regulatory aids that promote business competitiveness in the areas textile imports; customs modernization; trade sanctions against China; FCC’s"
284,CREC-2000-05-03-pt1-PgD417,1,"Congratulating the People of Senegal on Their Elections: H. Res. 449, congratulating the people of Senegal on the success of the multi-party electoral process; Pages H2432–33 Sierra Leone Peace Support: H.R. 3879, amended, to support the Government of the Republic of Sierra Leone in its peace-building efforts; Pages H2428–32 Continued Submission of Endangered Species Reports: Debated on May 2, S. 1744, to amend the Endangered Species Act of 1973 to provide that certain species conservation reports shall continue to be submitted (passed by a yea and nay vote of 420 yeas with none voting ‘‘nay’’, Roll No. 135)—clearing the measure for the President; Page H2435 Memorial Honoring Disabled Veterans: Debated on May 2, H.R. 1509, to authorize the Disabled Veterans’ LIFE Memorial Foundation to establish a memorial in the District of Columbia or its environs to honor veterans who became disabled while serving in the Armed Forces of the United States (passed by a yea and nay vote of 421 yeas with none voting ‘‘nay’’, Roll No. 136); Pages H2435–36 Commending Charter Schools: Debated on May 2, H. Con. Res. 310, supporting a National Charter Schools Week (agreed to by a yea and nay vote of 397 yeas to 20 nays, Roll No. 137); Pages H2436–37 Worker Economic Opportunity: S. 2323, to amend the Fair Labor Standards Act of 1938 to clarify the treatment of stock options under the Actclearing the measure for the President (passed by a yea and nay vote of 421 yeas with none voting ‘‘nay’’, Roll No. 139); Pages H2437–49, H2467 IDEA Full Funding: H.R. 4055, to authorize appropriations for part B of the Individuals with Disabilities Education Act to achieve full funding for part B of that Act by 2010 (passed by a yea and nay vote of 421 yeas to 3 nays, Roll No. 140); Pages H2449–57, H2467–68 Designating the Pamela B. Gwin Hall Federal Building: H.R. 1729, to designate the Federal facility located at 1301 Emmet Street in Charlottesville, Virginia, as the ‘‘Pamela B. Gwin Hall.’’ Pages H2457–58 Designating the Donald J. Pease Federal Building: H.R. 1405, to designate the Federal building located at 143 West Liberty Street, Medina, Ohio, as the ‘‘Donald J. Pease Federal Building’’; and Pages H2458–59"
285,CREC-2002-06-17-pt1-PgD626-2,1,"Frm 00004 Fmt 0627 Committee on Resources, hearing on H.R. 4840, Sound Science for Endangered Species Act Planning Act of 2002, 2 p.m., 1334 Longworth. Committee on Rules, to consider the following: H.R. 2114, National Monument Fairness Act; H.R. 3389, National Sea College Program Act Amendments of 2002; H.R. 1979, Small Airport Safety, Security, and Air Service Improvement Act of 2002; and H.R. 4931, Permanent Retirement Security and Pension Reform Act of 2002, 4:30 p.m., H–313 Capitol. Committee on Transportation and Infrastructure, Subcommittee on Highways and Transit, hearing on Intermodalism: Moving America’s People and Goods, 10 a.m., 2167 Rayburn. Committee on Ways and Means, to mark up the following: Medicare Modernization and Prescription Drug Act of 2002; and H.R. 4946, Improving Access to LongTerm Care Act of 2002, 1 p.m., 1100 Longworth."
286,CREC-2001-05-07-pt1-PgD404-3,1,"Subcommittee on Government Efficiency, Financial Management, and Intergovernmental Relations, to mark up the following bills: H.R. 583, Privacy Commission Act; and H.R. 577, to require any organization that is established for the purpose of raising funds for the creation of a Presidential archival depository to disclose the sources and amounts of any funds raised, 3 p.m., 2154 Rayburn. Committee on Resources, Subcommittee on National Parks, Recreation, and Public Lands, hearing on the following bills: H.R. 1161, to authorize the American Friends of the Czech Republic to establish a memorial to honor Thomas G. Masaryk in the District of Columbia; and H.R. 1384, Navajo Long Walk National Historic Trail Act, 10 a.m., 1334 Longworth. Committee on Rules, to consider the following: a resolution to recommit to Conference the fiscal year 2002 Concurrent Resolution on the Budget; H. Con. Res. 83, establishing the congressional budget for the United States Government for fiscal year 2002, revising the congressional budget for the United States Government for fiscal year 2001, and setting forth appropriate budgetary levels for each of fiscal years 2003 through 2011; H.R. 581, to authorize the Secretary of the Interior and the Secretary of Agriculture to use funds appropriated for wildland fire management in the Department of the Interior and Related Agencies Appropriations Act, 2001, to reimburse the United States Fish and Wildlife Service and the National Marine Fisheries Service to facilitate the interagency cooperation required under the Endangered Species Act of 1973 in connection with wildland fire management; and H.R. 1646, Foreign Relations Authorization Act, Fiscal Years 2002 and 2003, 3 p.m., H–313 Capitol. Committee on Ways and Means, Subcommittee on Trade, hearing on the Outcome of the Summit of the Americas and the Prospects for Free Trade in the Hemisphere, 2 p.m., 1100 Longworth."
287,CREC-2015-03-26-pt2-PgD349,1,"Wyden Amendment No. 791, to strike reconciliation instructions to the Committees on Health, Education, Labor, and Pensions and Finance and require regular order. Page S1961 Wyden Amendment No. 870, to establish a deficit-neutral reserve fund relating to extending tax provisions expiring in 2013 or 2014 for 2 years, such as those contained in the EXPIRE Act of 2014. Page S1961 Heller Amendment No. 452, to establish a spending-neutral reserve fund relating to ensuring that the Secretary of the Interior enters into candidate conservation agreements with each of the relevant 11 Western States before the United States Fish and Wildlife Service makes a listing determination on the greater sage-grouse under the Endangered Species Act of 1973. Page S1961 Heller Amendment No. 457, to establish a deficit-neutral reserve fund relating to prohibition of Veterans Benefits Administration executive bonuses until the backlog of disability claims for veterans is eliminated. Page S1961 Coons/Bennet Amendment No. 343, to establish a deficit-neutral reserve fund relating to preserving mandatory appropriations for agricultural conservation programs. Page S1961 Coons Amendment No. 391, to establish a deficitneutral reserve fund relating to the expansion of access to the income tax credit for employee health insurance expenses of small employers. Page S1961 Coons Amendment No. 802, to offset the costs of the war against the Islamic State in Iraq and Syria. Page S1961 Baldwin Amendment No. 436, to preserve the point of order against reconciliation legislation that would increase the deficit or reduce a surplus. Page S1961 Whitehouse Amendment No. 700, to ensure high-income earners pay a fair share in taxes and to use the revenue to invest in repairing our Nation’s bridges, coastal infrastructure, and damage from wildfires. Page S1961 Whitehouse Amendment No. 895, to prohibit budget resolutions that support cutting over $1,000,000,000,000 in spending without identifying specific programmatic effects. Page S1961 Casey Amendment No. 633, to establish a deficitneutral reserve fund relating to enhancing the child and dependent care tax credit. Page S1961 Merkley Amendment No. 843, to establish a deficit-neutral reserve fund relating to restoring reductions in the Republican budget to the Stafford loan bjneal on DSK2TWX8P1PROD with CONG-REC-ONLINE program that would mandate that students currently in college pay interest on their loans before they have received their education benefits, to make college more affordable, to reduce the debt burden of students, and to help graduates afford to pay back student loans. Page S1961 VerDate Sep 11 2014 03:15 Nov 10, 2015 Jkt 049060"
288,CREC-1995-05-19-pt1-PgD636-4,1,"May 23, Subcommittee on Military Research and Development, to mark up H.R. 1530, National Defense Authorization for fiscal year 1996, 10 a.m., 2118 Rayburn. May 24, full Committee, to mark up the following bills: H.R. 1141, Sikes Act Improvement Amendments of 1995; H.R. 1347, Maritime Administration Authorization Act for fiscal year 1996; H.R. 1350, Maritime Security Act of 1995; and H.R. 1530, National Defense Authorization for fiscal year 1996, 10:30 a.m. 2118 Rayburn. Committee on Resources, May 23, Subcommittee on Water and Power Resources, to mark up the following bills: H.R. 930, to amend the Colorado River Basin Salinity Control Act to authorize additional measures to carry out the control of salinity upstream of Imperial Dam in a cost-effective manner; H.R. 1070, to designate the reservoir created by Trinity Dam in Central Valley project, CA as ‘‘Trinity Lake’’; and legislation to reauthorize the Water Resources Institute, 2 p.m., 1334 Longworth. May 24, full Committee, to consider pending business, 11 a.m., 1324 Longworth. May 25, Subcommittee on Fisheries, Wildlife and Oceans, to consider the National Wildlife Refuge Improvement Act of 1995, 10 a.m., 1334 Longworth. May 25, Endangered Species Act Task Force, to continue oversight hearings on the Endangered Species Act, 12 p.m., 1324 Rayburn. Committee on Rules, May 22, to consider H.R. 1561, American Overseas Interests Act of 1995, 2 p.m., H–313 Capitol. Committee on Small Business, May 23, Subcommittee on Procurement, Exports, and Business Opportunities, to continue hearings on the appropriate role and the effectiveness of various Federal Government programs in helping small businesses find export opportunities around the world, 2 p.m., 2359 Rayburn. May 25, Subcommittee on Government Programs, hearing on the SBA’s Disaster Assistance Loan Program, 2 p.m., 2359 Rayburn. Committee on Standards of Official Conduct, May 23 and 24, executive, to consider pending business, 1 p.m., on May 23 and 4 p.m., on May 24, HT–2M Capitol. Committee on Ways and Means, May 23 and 24, Subcommittee on Social Security, hearings on Social Security Disability Insurance Program, 10 a.m., B–318 Rayburn. May 23, Subcommittee on Trade, hearing on United States-China Trade Relations and Renewal of China’s Most-Favored Nation Status, 10 a.m., 1100 Longworth. May 24 and 25, Subcommittee on Health, to continue hearings to explore increasing and improving options for Medicare Beneficiaries, 10 a.m., B–318 Rayburn and 1100 Longworth on May 25. Permanent Select Committee on Intelligence, May 22, hearing on the Intelligence Community in the 21st Century, 2 p.m., 2172 Rayburn. May 23, executive, briefing on Guatemala, 9 a.m., H–405 Capitol. May 24, executive, hearing on New Director, CIA, 3:30 p.m., H–405 Capitol."
289,CREC-2008-04-02-pt1-PgD359,1,"Committee on Environment and Public Works: Committee concluded an oversight hearing to examine the listing decision for the polar bear under the Endangered Species Act, focusing on the issues of climate change and conservation of polar bears, after receiving testimony from Douglas B. Inkley, National Wildlife Federation (NWF), Reston, Virginia; William P. Horn, Birch, Horton, Bittner and Cherot, Washington, D.C., on behalf of sundry organizations; and Kassie Siegel, Center for Biological Diversity, Joshua Tree, California."
290,CREC-2002-06-21-pt1-PgD660-2,1,"June 27, Subcommittee on Courts, the Internet, and Intellectual Property, oversight hearing on ‘‘Unpublished Judicial Opinions,’’ 2 p.m., 2141 Rayburn. June 27, Subcommittee on Immigration, Border Security, and Claims, oversight hearing on ‘‘The Role of Immigration in the Department of Homeland Security,’’ 3 p.m., 2237 Rayburn. June 28, Subcommittee on Commercial and Administrative Law, oversight hearing on ‘‘Administrative Law, Adjudicatory Issues, and Privacy Ramifications of Creating a Department of Homeland Security,’’ 10 a.m., 2141 Rayburn. Committee on Resources, June 26, to mark up the following measures: H.R. 4840, Sound Science for Endangered Species Act Planning Act of 2002; H. Con. Res. 408, honoring the American Zoo and Aquarium Associate and its accredited member institutions for their continued service to animal welfare, conservation education, conservation research, and wildlife conservation programs; a resolution calling for the full appropriation of the State and tribal shares of the Abandoned Mine Reclamation Fund; H.R. 297, Abandoned Mine Lands Reclamation Reform Act of 2001; H.R. 2534, Lower Los Angeles River and San Gabriel River Watersheds Study Act of 2001; H.R. 2990, Lower Rio Grande Valley Water Resources Conservation and Improvement Act of 2001; H.R. 3048, Russian River Land Act; H.R. 3223, Jicarilla Apache Reservation Rural Water System Act; H.R. 3258, Reasonable Right-of-Way Fees Act of 2001; H.R. 3401, California Five Mile Regional Learning Center Transfer Act; H.R. 3476, to protect certain lands held in fee by the Pechanga Band of Luiseno Mission Indians from condemnation until a final decision is made by the Secretary of the Interior regarding a pending fee to trust application for that land; H.R. 3534, Cherokee, Choctaw, and Chickasaw Nations Claims Settlement Act; H.R. 3813, Coal Accountability and Retired Employee Act for the 21st Century; H.R. 3815, Presidential Historic Site Study Act; H.R. 3917, Flight 93 National Memorial Act; H.R. 3937, to revoke a Public Land Order with respect to certain lands erroneously included in the Cibola National Wildlife Refuge, California; H.R. 4141, Red Rock Canyon National Conservation Area Protection and Enhancement Act of 2002; H.R. 4620, America’s Wilderness Protection Act; H.R. 4638, to reauthorize the Mni Wiconi Rural Water Supply Project; H.R. 4749, Magnuson-Stevens Act Amendments of 2002; H.R. 4795, Chronic Wasting Disease Support for States Act of 2002; H.R. 4807, Susquehanna National Wildlife Refuge Expansion Act; H.R. 4870, Mount Naomi Wilderness Boundary Adjustment Act; H.R. 4822, Upper Missouri River Breaks Boundary Clarification Act; and H.R. 4883,"
291,CREC-1997-09-23-pt1-PgD988,1,"Committee on Environment and Public Works: Committee held hearings on S. 1180, authorizing funds for fiscal years 1998 through 2003 for programs of the Endangered Species Act, receiving testimony from Jamie Rappaport Clark, Director, U.S. Fish and Wildlife Service, Department of the Interior; Terry D. Garcia, Acting Assistant Secretary of Commerce for Oceans and Atmosphere/National Oceanic and Atmospheric Administration; and Montana Governor Marc Racicot, Helena, on behalf of the National Governors’ Association and the Western Governors’ Association. Hearings continue tomorrow."
292,CREC-2016-04-18-pt1-PgD387,1,"and S. 2143, to provide for the authority for the successors and assigns of the Starr-Camargo Bridge Company to maintain and operate a toll bridge across the Rio Grande near Rio Grande City, Texas, and for other purposes, 10 a.m., 2172 Rayburn. Committee on the Judiciary, April 20, Full Committee, markup on S. 1890, the ‘‘Defend Trade Secrets Act of 2016’’; S. 125, the ‘‘Bulletproof Vest Partnership Grant Program Reauthorization Act of 2015’’; H.R. 3380, the ‘‘Transnational Drug Trafficking Act of 2015’’; and a bill to amend the Foreign Narcotics Kingpin Designation Act, 10 a.m., 2141 Rayburn. Committee on Natural Resources, April 20, Subcommittee on Water, Power and Oceans, hearing on H.R. 1869, the ‘‘Environmental Compliance Cost Transparency Act of 2015’’; H.R. 2993, the ‘‘Water Recycling Acceleration Act of 2015’’; and H.R. 4582, the ‘‘Save Our Salmon (SOS) Act’’, 10 a.m., 1324 Longworth. April 20, Subcommittee on Federal Lands, hearing entitled ‘‘Exploring Current Natural Resource Research Efforts and the Future of America’s Land-Grant Colleges and Universities’’, 10:30 a.m., 1334 Longworth. Committee on Oversight and Government Reform, April 20, Subcommittee on Information Technology, hearing entitled ‘‘Federal Cybersecurity Detection, Response, and Mitigation’’, 9:30 a.m., 2154 Rayburn. April 20, Subcommittee on the Interior, hearing entitled ‘‘Barriers to Endangered Species Act Delisting, Part I’’, 2 p.m., 2154 Rayburn. April 21, Subcommittee on the Interior; and Subcommittee on Healthcare, Benefits and Administrative Rules, joint hearing entitled ‘‘Barriers to Endangered Species Act Delisting, Part II’’, 9 a.m., 2154 Rayburn. Committee on Science, Space, and Technology, April 20, Subcommittee on Energy, hearing entitled ‘‘An Overview of Fusion Energy Science’’, 10 a.m., 2318 Rayburn. Committee on Small Business, April 20, Full Committee, hearing entitled ‘‘Small Business and the Federal Government: How Cyber-Attacks Threaten Both’’, 11 a.m., 2360 Rayburn."
293,CREC-1999-06-28-pt1-PgD738-5,1,"Subcommittee on Forests and Public Land Management, to hold oversight hearings on fire preparedness by the Bureau of Land Management and the Forest Service on Federal lands, 2:30 p.m., SD–366. Committee on Environment and Public Works: business meeting to consider S. 1100, to amend the Endangered Species Act of 1973 to provide that the designation of critical habitat for endangered and threatened species be required as part of the development of recovery plans for those species; the nomination of Timothy Fields, Jr., of Virginia, to be Assistant Administrator, Office of Solid Waste, Environmental Protection Agency, and other pending calendar business, 10 a.m., SD–406. Committee on Finance: to hold hearings on the nomination of Stuart E. Eizenstat, of Maryland, to be Deputy Secretary of the Treasury; the nomination of Jeffrey Rush, Jr., of Virginia, to be Inspector General, Department of the Treasury; and the nomination of Lewis Andrew Sachs, of Connecticut, to be an Assistant Secretary of the Treasury for Financial Markets, 10 a.m., SD–215. Committee on Health, Education, Labor, and Pensions: to resume hearings on proposed legislation authorizing funds for programs of the Elementary and Secondary Education Act, focusing on arts education and magnet schools, 9:30 a.m., SD–430."
294,CREC-1999-06-25-pt1-PgD732-2,1,"July 1, Full Committee, to resume hearings on S. 161, to provide for a transition to market-based rates for power sold by the Federal Power Marketing Administrations and the Tennessee Valley Authority; S. 282, to provide that no electric utility shall be required to enter into a new contract or obligation to purchase or to sell electricity or capacity under section 210 of the Public Utility Regulatory Policies Act of 1978; S. 516, to benefit consumers by promoting competition in the electric power industry; and S. 1047, to provide for a more competitive electric power industry, 9:30 a.m., SH–216. Committee on Environment and Public Works: June 29, business meeting to consider S. 1100, to amend the Endangered Species Act of 1973 to provide that the designation of critical habitat for endangered and threatened species be required as part of the development of recovery plans for those species; the nomination of Timothy Fields, Jr., of Virginia, to be Assistant Administrator, Office of Solid Waste, Environmental Protection Agency, and other pending calendar business, 10 a.m., SD–406. Committee on Finance: June 29, to hold hearings on the nomination of Stuart E. Eizenstat, of Maryland, to be Deputy Secretary of the Treasury; the nomination of Jeffrey Rush, Jr., of Virginia, to be Inspector General, Department of the Treasury; and the nomination of Lewis Andrew Sachs, of Connecticut, to be an Assistant Secretary of the Treasury for Financial Markets, 10 a.m.,"
295,CREC-2018-11-13-pt1-PgD1164,1,"Public Bills and Resolutions Introduced: 5 public bills, H.R. 7119–7123; and 4 resolutions, H. Con. Res. 141; and H. Res. 1143–1145 were introduced. Page H9510 Additional Cosponsors: Pages H9510–11 Reports Filed: Reports were filed today as follows: H.R. 5326, to amend titles 14 and 46, United States Code, to make technical corrections with respect to Coast Guard and shipping authorities, and for other purposes, with an amendment (H. Rept. 115–1015); H.R. 5319, to transfer Coast Guard property in the Town of Jupiter Island, Florida, for inclusion in Hobe Sound National Wildlife Refuge (H. Rept. 115–1016, Part 1); H.R. 2593, to authorize appropriations for the Federal Maritime Commission for fiscal years 2018 and 2019, and for other purposes, with an amendment (H. Rept. 115–1017); H.R. 4673, to create opportunities for women in the aviation industry, with an amendment (H. Rept. 115–1018); H.R. 6175, to enhance maritime safety, and for other purposes (H. Rept. 115–1019); H.R. 6206, to direct the Commandant of the Coast Guard to establish a Blue Technology center of expertise, and for other purposes (H. Rept. 115–1020); H.R. 6622, to designate the Federal building located at 2110 First Street in Fort Myers, Florida, as the ‘‘George W. Whitehurst Federal Building’’, with amendments (H. Rept. 115–1021); and H. Res. 1142, providing for consideration of the bill (H.R. 6784) to provide for removal of the gray wolf in the contiguous 48 States from the List of Endangered and Threatened Wildlife published under the Endangered Species Act of 1973, and providing for proceedings during the period from November 19, 2018, through November 26, 2018 (H. Rept. 115–1022). Pages H9509–10 Speaker: Read a letter from the Speaker wherein he appointed Representative Bost to act as Speaker pro tempore for today. Page H9473 Recess: The House recessed at 2:09 p.m. and reconvened at 3:46 p.m. Page H9474 SSpencer on DSKBBXCHB2PROD with DIGEST Suspensions: The House agreed to suspend the rules and pass the following measures: Rabbi Michoel Ber Weissmandl Congressional Gold Medal Act: H.R. 2740, to posthumously award VerDate Sep 11 2014 05:44 Nov 14, 2018 Jkt 089060"
296,CREC-2003-07-17-pt2-PgD844,1,"Committee on Small Business: Subcommittee on Rural Enterprises, Agriculture and Technology held a hearing on Endangered Farmers and Ranchers: the Unintended Consequences of the Endangered Species Act. Testimony was heard from Representative Pombo; Harold Manson, Assistant Secretary, Fish, Wildlife and Parks, Department of the Interior; Thomas Sullivan, Chief Counsel, Office of Advocacy, SBA; and public witnesses."
297,CREC-2004-07-20-pt2-PgD807,1,"Mattie Stepanek on his passing, and honoring the life of Mattie Stepanek for his braveness, generosity of spirit, and efforts to raise awareness of muscular dystrophy; and H. Res. 717, Honoring former President William Jefferson Clinton on the occasion of his 58th birthday, 10 a.m., 2154 Rayburn. Subcommittee on Technology, Information Policy, Intergovernmental Relations and the Census, hearing entitled ‘‘Where’s the CIO? The Role, Responsibility and Challenge for Federal Chief Information Officers in IT Investment Oversight and Information Management,’’ 2:30 p.m., 2154 Rayburn. Committee on International Relations, Subcommittee on Asia and the Pacific, hearing on HIV/AIDS in Asia, 1:30 p.m., 2172 Rayburn. Committee on the Judiciary, to mark up the following measures: H. Res. 700, Directing the Attorney General to transmit to the House of Representatives documents in the possession of the Attorney General relating to the treatment of prisoners and detainees in Iraq, Afghanistan, and Guantanamo Bay; H.R. 4646, To amend title 28, United States Code, to provide for the holding of Federal district court in Plattsburgh, New York; H.R. 112, To amend title 28, United States Code, to provide for an additional place of holding court in the District of Columbia; and H.R. 4586, Family Movie Act of 2004, 10 a.m., 2141 Rayburn. Subcommittee on Commercial and Administrative Law, oversight hearing on the Administration of Large Business Bankruptcy Reorganizations: Has Competition for Big Cases Corrupted the Bankruptcy System? 3 p.m., 2141 Rayburn. Committee on Resources, to mark up the following bills: H.R. 1662, Sound Science for Endangered Species Act Planning Act of 2003; and H.R. 2933, Critical Habitat Reform Act of 2003; 10 a.m., followed by an oversight hearing on the Guam War Claims Commission Report, 12 noon, 1324 Longworth. Committee on Rules, to consider H.R. 3313, Marriage Protection Act, 4 p.m., Capitol. Committee on Science, hearing on Cybersecurity Education—Meeting the Needs of Technology Workers and Employers; followed by a markup of H.R. 4107, Assistance to Firefighters Grant Reauthorization Act of 2004, 10 a.m., 2318 Rayburn. Committee on Small Business, Subcommittee on Rural Enterprises, Agriculture and Technology, hearing entitled ‘‘Tax Incentives for Homeland Security Related Expenses,’’ 10 a.m., 2360 Rayburn. Committee on Transportation and Infrastructure, to mark up the following: GSA’s Fiscal Year 2005 Capital Investment and Leasing Program Resolutions; U.S. Army Corps of Engineers Survey Resolution; H.R. 784, amended, Water Quality Investment Act of 2003; H.R. 4470, To amend the Federal Water Pollution Act to extend the authorization of appropriations for the Lake Pontchartrain Basin Restoration Program; H.R. 4688, To amend the Federal Water Pollution Control Act to reauthorize the Chesapeake Bay Program; H.R. 4731, To amend the Federal Water Pollution Control Act to reauthorize the National Estuary Program; and H.R. 4794, To amend the"
298,CREC-2009-09-21-pt1-PgD1065,1,"Frm 00003 Fmt 0627 Subcommittee on Crime, Terrorism, and Homeland Security, hearing on Reauthorization of the Innocence Protection Act, 2:30 p.m., 2141 Rayburn. Committee on Natural Resources, Subcommittee on Insular Affairs, Oceans and Wildlife, hearing on the following bills: H.R. 1054, To amend the Marine Mammal Protection Act of 1972 to allow importation of polar bear trophies taken in sport hunts in Canada before the date the polar bear was determined to be a threatened species under the Endangered Species Act of 1973; H.R. 2213, To reauthorize the Neotropical Migratory Bird Conservation Act; H.R. 3433, To amend the North American Wetlands Conservation Act to establish requirements regarding payment of the non-Federal share of the costs of wetlands conservation projects in Canada that are funded under that Act, and for other purposes; and H.R. 3537, Junior Duck Stamp Conservation and Design Program Reauthorization Act of 2009, 10 a.m., 1324 Longworth. Subcommittee on Water and Power, hearing on the following bills: H.R. 3563, Crow Tribe Water Rights Settlement Act of 2009; H.R. 2288, Endangered Fish Recovery Programs Improvement Act of 2009; and H.R. 2316, Inland Empire Perchlorate Ground Water Plume Assessment Act of 2009, 2 p.m., 1324 Longworth. Committee on Oversight and Government Reform, Subcommittee on Federal Workforce, Postal Service, and the District of Columbia, hearing entitled ‘‘The Local Role of the United States Parole Commission (USPC): Increasing Public Safety, Reducing Recidivism, and Using Alternatives to Re-incarceration in the District of Columbia,’’ 2 p.m., 2247 Rayburn. Subcommittee on Information Policy, Census and National Archives, hearing entitled ‘‘The Census 2010 Integrated Communications Campaign; Criteria for Implementation: Measurements for Success,’’ 2 p.m., 2154 Rayburn. Committee on Rules: to consider the following: H.R. 324, Santa Cruz Valley National Heritage Area Act; and a joint resolution Making Continuity Appropriations for Fiscal Year 2010, 5 p.m., H–313 Capitol. Committee on Transportation and Infrastructure, Subcommittee on Water Resources and Environment, hearing on the reauthorization of the Chesapeake Bay Program, 2 p.m., 2167 Rayburn. Committee on Veterans’ Affairs, Subcommittee on Health, hearing on the VA Meeting the Pharmaceutical Needs of Veterans? An Examination of the VA National Formulary, Issues of Patient Safety, and Management of the Pharmacy Benefits Program, 2 p.m., 334 Cannon."
299,CREC-2018-07-17-pt1-PgD822,1,"Committee on Environment and Public Works: Committee concluded a hearing to examine an original bill entitled, ‘‘Endangered Species Act Amendments of 2018’’, after receiving testimony from Wyoming Governor Matthew H. Mead, Cheyenne; Bob Broscheid, Colorado Division of Parks and Wildlife, Denver; and Matthew J. Strickler, Virginia Secretary of Natural Resources, Richmond."
300,CREC-2014-03-26-pt1-PgD317,1,"Committee on Agriculture: Subcommittee on Conservation, Energy, and Forestry held a hearing to Review the impacts of Endangered Species Act and related litigation on National Forest System management. Testimony was heard from Jim Pen˜a, Associate Deputy Chief, Forest Service; Eileen Larence, Director, Homeland Security and Justice, Government Accountability Office; and public witnesses."
301,CREC-2005-09-20-pt1-PgD939-2,1,"Frm 00005 Fmt 0627 Committee on Environment and Public Works: Subcommittee on Fisheries, Wildlife, and Water, to hold hearings to examine the Endangered Species Act and the role of States, Tribes and local governments, 9:30 a.m.,"
302,CREC-1995-05-05-pt1-PgD556-3,1,"to amend rule 30 of the Federal Rules of Civil Procedure to restore to stenographic preference for depositions; S. 464, to make the reporting deadlines for studies conducted in Federal court demonstration districts consistent with the deadlines for pilot districts; and S. 532, to clarify the rules governing venue, 10 a.m., 2226 Rayburn. Committee on Resources, May 9, hearing on H.R. 70, to permit export of certain domestically produced crude oil, 11 a.m., 1334 Longworth. May 9, Subcommittee on Energy and Mineral Resources, oversight hearing on Sodium mineral leasing issues: what is ‘‘Fair market value’’ royalty on trona, and what are the implications on the export market for soda ash? 2 p.m., 1324 Longworth. May 9, Subcommittee on National Parks, Forests and Lands, oversight hearing on Federal Land Exchange Policies and Regulations, 10 a.m., 1324 Longworth. May 10, full Committee, hearing on the Endangered Species Act, 2 p.m., 1324 Longworth. May 10, Subcommittee on Native American Affairs, hearing on H.R. 1448, to amend the Indian Child Welfare Act of 1978 to require that determinations regarding status as an Indian child and as a member of an Indian tribe be prospective from the date of birth of the child and of total membership of the member, 2 p.m., 1324 Longworth. May 11, Subcommittee on National Parks, Forests and Lands, oversight hearing on Recreation Fees on Federal Lands, 10 a.m., 1324 Longworth. May 11, Subcommittee on Water and Power Resources, to mark up H.R. 1122, Alaska Power Administration Sale Act; followed by a hearing on the following bills: H.R. 930, to amend the Colorado River Basin Salinity Control Act to authorize additional measures to carry out the control of salinity upstream of Imperial Dam in a cost-effective manner; H.R. 1070, to designate the reservoir created by Trinity Dam in Central Valley project, CA, as ‘‘Trinity Lake’’; and legislation to reauthorize the Water Resources Institute, 10 a.m., 1310 Longworth. Committee on Rules, May 9, to consider H.R. 961, Clean Water Amendments of 1995, 1:30 p.m., held H–313 Capitol. Committee on Standards of Official Conduct, May 9 and 11, executive, to consider pending business, 4 p.m., HT–2M Capitol. Committee on Transportation and Infrastructure, May 11, Subcommittee on Aviation, hearing on the Denver International Airport: What Went Wrong? 9 a.m., 2167 Rayburn."
303,CREC-1996-07-23-pt1-PgD794-2,1,"House Committee on Agriculture, Subcommittee on Risk Management and Specialty Crops and the Subcommittee on General Farm Commodities, joint hearing to review cash market forward contracts between producers and merchants, commonly known as hedge-to-arrive contracts, 9:30 a.m., 1300 Longworth. Committee on Banking and Financial Services, Subcommittee on Capital Markets, Securities and Government Sponsored Enterprises, oversight hearing on Fannie Mae and Freddie Mac, 10 a.m., 2128 Rayburn. Committee on Commerce, to mark up the following bills: H.R. 3553, Federal Trade Commission Reauthorization Act of 1996; H.R. 447, to establish a toll free number in the Department of Commerce to assist consumers in determining if products are American-made; H.R. 2579, United States National Tourism Organization Act of 1996; H.R. 2976, Patient Right to Know Act of 1996; a measure to waive temporarily the Medicaid enrollment composition rule for certain health maintenance organizations; H.R. 3056, to permit county-operated health insuring organization to qualify as an organization exempt from certain requirements otherwise applicable to health insuring organizations under the Medicaid program notwithstanding that the organization enrolls Medicaid beneficiaries residing in another county; the Developmental Disabilities Assistance and Bill of Rights Act of 1996; and a measure to extend certain programs under the Energy Policy and Conservation Act through September 30, 1996, 10 a.m., 2123 Rayburn. Committee on Economic and Educational Opportunities, to mark up H.R. 123, Language of Government Act of 1995, 10:30 a.m., 2175 Rayburn. Committee on International Relations, to mark up the following: H.R. 3846, to amend the Foreign Assistant Act of 1961 to authorize the provision of assistance for microenterprises; a measure to provide severance payments to employees of the Agency for International Development who voluntarily resign; and H.R. 3735, to amend the Foreign Assistance Act of 1961 to reauthorize the Development Fund for Africa under chapter 10 of part I of that Act, 10 a.m., 2172 Rayburn. Committee on the Judiciary, Subcommittee on Commercial and Administrative Law, oversight hearing on the U.S. Trustee Program, 10 a.m., 2226 Rayburn. Subcommittee on the Constitution, oversight hearing on the U.S. Commission on Civil Rights, 10 a.m., 2237 Rayburn. Subcommittee on Crime, hearing on the Administration’s efforts against the influence of organized crime in the Laborer’s International Union of North America, 9:30 a.m., 2141 Rayburn. Committee on Resources, to hold an oversight hearing on implementation of the Endangered Species Act with regard to Section 10(a) permits (Habit Conservation Plan) and other incentives, 2 p.m., 1324 Longworth. Subcommittee on Native American and Insular Affairs, oversight hearing on territorial technical matters, and to discuss H.R. 3721, Omnibus Territories Act, 2 p.m., 1334 Longworth. Committee on Rules, to Consider H.R. 2391, Working Families Flexibility Act of 1996, 2:30 p.m., H–313 Capitol. Subcommittee on Rules and Organization of the House and the Subcommittee on Legislative and Budget Process, joint hearing on Building on Change: Preparing for the 105th Congress, 9:30 a.m., H–313 Capitol. Committee on Science, to continue hearings on the Effects of a Six-Year Balanced Budget on Civilian Research and Development, Part II, 10 a.m., 2318 Rayburn. Subcommittee on Space and Aeronautics, hearing on Space Commercialization Promotion Act of 1996, 2 p.m., 2325 Rayburn. Committee on Small Business, Subcommittee on Government Programs, hearing on the FDA’s compliance with the Paperwork Reduction Act of 1995, 10 a.m., 2359 Rayburn."
304,CREC-2005-09-15-pt1-PgD927-2,1,"Incentives in the Endangered Species Act.’’ Testimony was heard from Representative Pombo; Mike Wells, Chief of Water Resources, Department of Natural Resources, State of Missouri; and public witnesses."
305,CREC-2005-09-15-pt1-PgD927-2,2,"hold hearings to examine the Endangered Species Act and the role of States, Tribes and local governments, 9:30 a.m., SD–406. September 22, Full Committee, to hold hearings to examine the nominations of George M. Gray, of Massachusetts, to be an Assistant Administrator, and Lyons Gray, of North Carolina, to be Chief Financial Officer, both of the Environmental Protection Agency, Edward McGaffigan, Jr., of Virginia, to be a Member of the Nuclear Regulatory Commission, H. Dale Hall, of New Mexico, to be Director of the United States Fish and Wildlife Service, Department of the Interior, and Santanu K. Baruah, of Oregon, to be Assistant Secretary of Commerce for Economic Development, 2:30 p.m., SD–406. Committee on Foreign Relations: September 19, to hold hearings to examine the nominations of C. Boyden Gray, of the District of Columbia, to be Representative of the United States of America to the European Union, with the rank and status of Ambassador, Francis Rooney, of Florida, to be Ambassador to the Holy See, and Alfred Hoffman, of Florida, to be Ambassador to the Republic of Portugal, 2:30 p.m., SD–419. September 20, Subcommittee on Western Hemisphere, Peace Corps and Narcotics Affairs, to hold hearings to examine China’s role in Latin America, 2:30 p.m., SD–419. Committee on Health, Education, Labor, and Pensions: September 22, Subcommittee on Education and Early Childhood Development, to hold hearings to examine Hurricane Katrina’s displaced school children, 10 a.m.,"
306,CREC-2016-09-21-pt1-PgD955-2,1,"Frm 00002 Fmt 0627 cluded an oversight hearing to examine the proposed revisions to the Fish and Wildlife Service mitigation policy, after receiving testimony from Michael J. Bean, Principal Deputy Assistant Secretary for Fish and Wildlife and Parks, Department of the Interior; Jamison E. Colburn, Penn State University, University Park, Pennsylvania; Joshua Kindred, Alaska Oil and Gas Association, Anchorage; and Ryan Yates, National Endangered Species Act Reform Coalition, Washington, D.C."
307,CREC-2016-07-13-pt1-PgD805,1,"bravery of law enforcement, emergency response, and counterterrorism officials in responding to the attack. Pages H4874–75 Establishing the John F. Kennedy Centennial Commission: The House agreed to discharge from committee and pass H.R. 5722, to establish the John F. Kennedy Centennial Commission. Pages H4875–76 Motion to Fix Next Convening Time: Agreed by voice vote to the Chaffetz motion that when the House adjourns today, it adjourn to meet at 9 a.m. tomorrow, July 14. Page H4876 Department of the Interior, Environment, and Related Agencies Appropriations Act, 2017: The House considered H.R. 5538, making appropriations for the Department of the Interior, environment, and related agencies for the fiscal year ending September 30, 2017. Consideration began yesterday, July 12th. Pages H4838–42, H4868–74, H4876–82, H4882–H4921 Agreed to: Boustany amendment (No. 45 printed in H. Rept. 114–683) that was debated on July 12th that ensures that no money is permitted for the implementation of the Well Control Rule (by a recorded vote of 234 ayes to 195 noes, Roll No. 444); Pages H4868–69 Byrne amendment (No. 50 printed in H. Rept. 114–683) that was debated on July 12th that prohibits funding from being used to implement, administer, or enforce the Obama administration’s National Ocean Policy (by a recorded vote of 237 ayes to 189 noes, Roll No. 445); Page H4869 Goodlatte amendment (No. 57 printed in H. Rept. 114–683) that was debated on July 12th that prohibits the Environmental Protection Agency from using any funds to take retaliatory, or EPA described backstop actions, against any of the six states in the Chesapeake Bay Watershed in the event that a state does not meet the goals mandated by the EPA’s Chesapeake Bay Total Maximum Daily Load (by a recorded vote of 231 ayes to 197 noes, Roll No. 446); Pages H4869–70 Lamborn amendment (No. 67 printed in H. Rept. 114–683) that was debated on July 12th that prohibits the use of funds to implement or enforce the threatened species or endangered species listing of any plant or wildlife that has not undergone a periodic 5 year review as required by section (4)(c)(2) of the Endangered Species Act of 1973 (by a recorded vote of 238 ayes to 190 noes, Roll No. 449); Pages H4871–72 srobinson on DSK5SPTVN1PROD with DIGEST Lamborn amendment (No. 68 printed in H. Rept. 114–683) that was debated on July 12th that prohibits the use of funds to implement or enforce the threatened species listing of the Preble’s meadow VerDate Sep 11 2014 09:07 Jul 14, 2016 Jkt 059060"
308,CREC-2016-07-13-pt1-PgD805,2,"jumping mouse (by a recorded vote of 228 ayes to 199 noes, Roll No. 450); Pages H4872–73 Newhouse amendment (No. 73 printed in H. Rept. 114–683) that was debated on July 12th that prohibits the use of funds by the U.S. Fish & Wildlife Service and the Department of Interior to treat any Gray Wolf in the 48 contiguous states as an endangered or threatened species under the Endangered Species Act after June 13, 2017 (by a recorded vote of 223 ayes to 201 noes, Roll No. 452); Pages H4873–74 Lummis amendment (No. 77 printed in H. Rept. 114–683) that removes federal protections for the New Mexico Meadow Jumping Mouse under the Endangered Species Act (ESA); Pages H4877–78 Perry amendment (No. 81 printed in H. Rept. 114–683) that ensures none of the funds made available by this Act shall be used to give formal notification under, or prepare, propose, implement, administer, or enforce any rule or recommendation pursuant to, section 115 of the Clean Air Act; Pages H4882–83 Pompeo amendment (No. 82 printed in H. Rept. 114–683) that prohibits funds from being used to finalize, implement, administer or enforce EPA’s proposed rule on Accidental Release Prevention Requirements: Rink Management Program Under the Clean Air Act; Pages H4883–84 Calvert en bloc amendment No. 1 consisting of the following amendments printed in H. Rept. 114–683: Price (GA) (No. 83) that ensures none of the funds in the underlying bill will be made available to carry out any new major rule as described in subparagraph (A) of section 804(2) of title 5, United States Code; Smith (MO) (No. 86) that blocks funding from going towards environmental education grants under section 6 of the national environmental education act; Yoho (No. 107) that appropriates funds to conduct a study with existing funds on how Coastal Barrier Resource Area zones affect the value of private property; Duncan (TN) (No. 118) that provides that none of the funds made available by this Act may be used to destroy any buildings or structures on Midway Island; Westerman (No. 127) that prevents funds from being used to destroy records regarding, related to, or generated by the recently closed Inorganic Section of the USGS Energy Geochemistry Lab in Lakewood, CO, which has a 20-year track record of data manipulation; and Rohrabacher (No. 129) that prevents funds in the underlying bill from being used to take steps to significantly change operations at the Arecibo Observatory in Arecibo, Puerto Rico; Page H4884 Westerman amendment (No. 87 printed in H. Rept. 114–683) that prevents funds from being used"
309,CREC-2016-07-13-pt1-PgD805,3,"the Urban Wildlife Refuge Partnership; and Jackson Lee (No. 126) that prohibits funds to be used to limit outreach programs administered by the Smithsonian Institution; Pages H4892–95 Gosar amendment (No. 78 printed in H. Rept. 114–683) that removes federal protections for the Mexican Wolf under the Endangered Species Act (ESA) and would prevent the expansion of the species habitat outside of its historic range (by a recorded vote of 219 ayes to 203 noes, Roll No. 454); Pages H4878–79, H4900–01 Ratcliffe amendment (No. 84 printed in H. Rept. 114–683) that prohibits funds from being used to finalize, implement, administer, or enforce the proposed rule entitled Clean Energy Incentive Program Design Details (by a recorded vote of 231 ayes to 197 noes, Roll No. 457); Pages H4884–85, H4902–03 Smith (MO) amendment (No. 88 printed in H. Rept. 114–683) that restricts federal agencies from using funds to pay legal fees under any lawsuit settlement regarding a case that arises under the Clean Air Act, the Clean Water Act, and the Endangered Species Act (by a recorded vote of 226 ayes to 202 noes, Roll No. 459); Pages H4886–87, H4903–04 Young (AK) amendment (No. 90 printed in H. Rept. 114–683) that prohibits funds to be used to implement a final plan to designate areas of the Arctic National Wildlife Refuge in Alaska as wilderness (by a recorded vote of 237 ayes to 191 noes, Roll No. 460); Pages H4888–89, H4904–05 Young (AK) amendment (No. 92 printed in H. Rept. 114–683) that prohibits funds to be used to remove 3 Arctic Sales from the 2017 2022 Outer Continental Shelf Oil and Gas Leasing Proposed Program (by a recorded vote of 242 ayes to 185 noes, Roll No. 461); Pages H4890–91, H4905 Zeldin amendment (No. 94 printed in H. Rept. 114–683) that prohibits funds from being used to designate a National Marine Monument in the EEZ via presidential proclamation (by a recorded vote of 225 ayes to 202 noes, Roll No. 462); Pages H4895–96, H4905–06 Higgins amendment (No. 101 printed in H. Rept. 114–683) that prohibits the use of funds by a State in contravention of the Great Lakes Compact, an interstate compact ratified by Congress detailing how the States will work together to manage and protect the Great Lakes-St. Lawrence River Basin; Pages H4911–12 Speier amendment (No. 105 printed in H. Rept. 114–683) that prohibits any funds from being made available to implement the proposed rule for dog management in the Golden Gate National Recreational Area; Page H4914 Chaffetz amendment (No. 111 printed in H. Rept. 114–683) that increases BIA funding for dirt"
310,CREC-2016-07-13-pt1-PgD805,4,"Agency by 17 percent (by a recorded vote of 188 ayes to 239 noes, Roll No. 456); Pages H4881–82, H4901–02 Smith (MO) amendment (No. 85 printed in H. Rept. 114–683) that sought to block the use of funds to carry out the third sentence of section 107(f)(1) (CERCLA) (by a recorded vote of 170 ayes to 257 noes, Roll No. 458); Pages H4885–4903 Beyer amendment (No. 95 printed in H. Rept. 114–683) that sought to prevent funds from being used to block science-based protections for imperiled wildlife that has or may need Endangered Species Act protections (by a recorded vote of 193 ayes to 235 noes, Roll No. 463); Pages H4896–97, H4906–07 Beyer amendment (No. 96 printed in H. Rept. 114–683) that sought to require that no funds made available by this Act be used in contravention of Executive Order 13653 or Executive Order 13693 (by a recorded vote of 194 ayes to 234 noes, Roll No. 464); and Pages H4897–98, H4907 Beyer amendment (No. 97 printed in H. Rept. 114–683) that sought to require that no funds made available by this Act be used authorize, permit, or conduct geological or geophysical activities in support of oil, gas, or methane hydrate exploration and development in the Atlantic (by a recorded vote of 192 ayes to 236 noes, Roll No. 465). Pages H4898–99, H4907–08 Withdrawn: Polis amendment (No. 130 printed in H. Rept. 114–683) that was offered and subsequently withdrawn that would have prevented funds from being used for Surgical Sterilization of Wild Horses. Pages H4920–21 Proceedings Postponed: Beyer amendment (No. 98 printed in H. Rept. 114–683) that seeks to state none of the funds made available by this Act may be used to implement or enforce section 120, 425, 426, or 427; Pages H4908–09 Capps amendment (No. 99 printed in H. Rept. 114–683) that seeks to prohibit funds to be used to process any application for a permit to drill or a permit to modify that would authorize use of hydraulic fracturing or acid well stimulation treatment in the Pacific Outer Continental Shelf; Pages H4909–10 Grijalva amendment (No. 100 printed in H. Rept. 114–683) that seeks to prevent funds in the bill from being used to abolish law enforcement offices at the Bureau of Land Management and the U.S. Forest Service; Pages H4910–11 Lowenthal amendment (No. 102 printed in H. srobinson on DSK5SPTVN1PROD with DIGEST Rept. 114–683) that seeks to prevent funds from being used in contravention to a 2009 Interior Department Secretarial Order on climate change; Pages H4912–13 VerDate Sep 11 2014 09:07 Jul 14, 2016 Jkt 059060"
311,CREC-2018-07-16-pt1-PgD817,1,"Committee on Commerce, Science, and Transportation: July 18, to hold hearings to examine sharks, 10 a.m., SR–253. Committee on Energy and Natural Resources: July 17, to hold hearings to examine the Department of the Interior’s final list of critical minerals for 2018 and opportunities to strengthen the United States’ mineral security, 10 a.m., SD–366. July 19, Full Committee, to hold an oversight hearing to examine Administration reorganization and modernization proposals related to the Department of Energy and the Department of the Interior, 10 a.m., SD–366. Committee on Environment and Public Works: July 17, to hold hearings to examine an original bill entitled, ‘‘Endangered Species Act Amendments of 2018’’, 9:45 a.m.,"
312,CREC-2002-10-15-pt2-PgD1087-2,1,"high quality development in Clark County, Nevada, amended (H. Rept. 107–750); H.R. 4840, to amend the Endangered Species Act of 1973 to ensure the use of sound science in the implementation of that Act, amended (H. Rept. 107–751); H.R. 2386, to establish terms and conditions for use of certain Federal lands by outfitters and to facilitate public opportunities for the recreational use and enjoyment of such lands (H. Rept. 107–752, Pt. 1); H.R. 4967, to establish new nonimmigrant classes for border commuter students (H. Rept. 107–753); H.R. 2155, to amend title 18, United States Code, to make it illegal to operate a motor vehicle with a drug or alcohol in the body of the driver at a land border port of entry, amended (H. Rept. 107–754); H. Res. 585, providing for consideration of H.J. Res. 123, making further continuing appropriations for the fiscal year 2003 (H. Rept. 107–755); and H. Res. 586, waiving a requirement of clause 6(a) of rule XIII with respect to consideration of certain resolutions reported from the Committee on Rules (H. Rept. 107–756); H. Res. 587, waiving a requirement of clause 6(a) of rule XIII with respect to consideration of certain resolutions reported from the Committee on Rules. Pages H7928–29 Speaker Pro Tempore: Read a letter from the Speaker wherein he appointed Representative Pence to act as Speaker pro tempore for today. Page H7899 Private Calendar: Agreed to dispense with the call of the Private Calendar. Page H7899 Recess: The House recessed at 12:33 p.m. and reconvened at 2 p.m. Page H7899"
313,CREC-1995-05-17-pt1-PgD624,1,"Committee on Commerce, Subcommittee on Commerce, Trade, and Hazardous Materials, to mark up Interstate Transportation of Waste and Flow Control, 10 a.m., 2123 Rayburn. Subcommittee on Oversight and Investigations, to continue hearings on the Implementation and Enforcement of the Clean Air Act Amendments of 1990, 10 a.m., 2322 Rayburn. Committee on Government Reform and Oversight, Subcommittee on Human Resources and Intergovernmental Relations, oversight hearing on the Corporation for National and Community Service, 9:30 a.m., 2247 Rayburn. Subcommittee on National Economic Growth, Natural Resources, and Regulatory Affairs, to mark up H.R. 994, Regulatory Sunset and Review Act of 1995, 11 a.m., 2154 Rayburn. Committee on International Relations, Subcommittee on Western Hemisphere Affairs, hearing on the Administration’s Reversal of U.S. Immigration Policy Towards Cuba, 10 a.m., 2172 Rayburn. Committee on the Judiciary, to mark up H.R. 1528, Antitrust Consent Decree Reform Act of 1995, 9:30 a.m., 2141 Rayburn. Committee on National Security, Subcommittee on Military Personnel, to mark up H.R. 1530, National Defense Authorization for fiscal year 1996, 1 p.m., 2212 Rayburn. Subcommittee on Military Readiness, to mark up H.R. 1530, National Defense Authorization for fiscal year 1996, 10 a.m., 2212 Rayburn. Committee on Resources, Subcommittee on National Parks, Forest and Lands, hearing on the following bills: H.R. 629, The Fall River Visitor Center Act of 1995; H.R. 238, Ozark Wild Horse Protection Act; and prohibit the removal of such horses; H.R. 826, to extend the deadline for the completion of certain land exchanges involving the Big Thicket National Preserve in Texas; and H.R. 1508, to require the transfer of title to the District of Columbia certain real property in Anacostia Park to facilitate the construction of National Children’s Island, a cultural, educational and family-oriented park, 10 a.m., 1324 Longworth. Task Force on Endangered Species Act, to continue oversight hearings on the Endangered Species Act, 2 p.m., 1334 Longworth. Subcommittee on Water and Power Resources, oversight hearing on the transfer of the Federal Power Marketing Administration, 10 a.m., 1334 Longworth. Committee on Small Business, Subcommittee on Tax and Finance, hearing on flat tax, 10 a.m., 2359 Rayburn. Committee on Ways and Means, Subcommittee on Trade, to mark up Extension of the GSP Program, and Extending Most-Favored-Nation Status to Cambodia and Bulgaria, 10 a.m., 1100 Longworth. Permanent Select Committee on Intelligence, executive, to mark up the Budget Authorization for fiscal year 1996, 9 a.m., H–405 Capitol."
314,CREC-2014-02-26-pt1-PgD181-2,1,"Frm 00009 Fmt 0627 Subcommittee on Health, markup on the following legislation: H.R. 3548, the ‘‘Improving Trauma Care Act of 2013’’; H.R. 1281, the ‘‘Newborn Screening Saves Lives Reauthorization Act of 2013’’; H.R. 1528, the ‘‘Veterinary Medicine Mobility Act of 2013’’; and H.R. 4080, the ‘‘Trauma Systems and Regionalization of Emergency Care Reauthorization Act’’, 4:30 p.m., 2123 Rayburn. Committee on Foreign Affairs, Full Committee, markup on H.R. 2548, the ‘‘Electrify African Act’’, 10 a.m., 2172 Rayburn. Committee on Homeland Security, Subcommittee on Cybersecurity, Infrastructure Protection, and Security Technologies, hearing on H.R. 4007, the ‘‘Chemical Facility Anti-Terrorism Standards Authorization and Accountability Act of 2014’’, 10 a.m., 311 Cannon. Committee on the Judiciary, Subcommittee on Crime, Terrorism, Homeland Security, and Investigations, hearing entitled ‘‘Bureau of Alcohol, Tobacco, Firearms and Explosives’ Use of Storefront Operations’’, 10 a.m., 2141 Rayburn. Committee on Natural Resources, Full Committee, markup on the following legislation: H.R. 1103, to amend the Alaska Native Claims Settlement Act to provide that Alexander Creek, Alaska, is and shall be recognized as an eligible Native village under that Act, and for other purposes; H.R. 1259, the ‘‘Coltsville National Historical Park Act’’; H.R. 2015, the ‘‘Las Vegas Valley Public Land and Tule Springs Fossil Beds National Monument Act of 2013’’; H.R. 3110, the ‘‘Huna Tlingit Traditional Gull Egg Use Act’’; and H.R. 3605, the ‘‘Sandia Pueblo Settlement Technical Amendment Act’’, 10 a.m., 1324 Longworth. Subcommittee on Fisheries, Wildlife, Oceans and Insular Affairs, hearing on the following legislation: H.R. 3105, the ‘‘Aquaculture Risk Reduction Act’’; H.R. 3280, the ‘‘Lacey Act Clarifying Amendments Act’’; H.R. 3324, the ‘‘Lacey Act Paperwork Reduction Act’’; and H.R. 4032, the ‘‘North Texas Invasive Species Barrier Act’’, 1:30 p.m., 1334 Longworth. Subcommittee on Energy and Mineral Resources, hearing entitled ‘‘Obama Administration Oversight: GAO Report—Interior Hiring and Retention Challenges’’, 2 p.m., 1324 Longworth. Committee on Oversight and Government Reform, Subcommittee on Economic Growth, Job Creation and Regulatory Affairs, hearing entitled ‘‘The Administration’s Proposed Restrictions on Political Speech: Doubling Down on IRS Targeting’’, 9:30 a.m., 2247 Rayburn. Subcommittee on National Security, hearing entitled ‘‘Afghanistan: Honoring the Heroes of Extortion 17’’, 10 a.m., 2154 Rayburn. Subcommittee on Energy Policy, Health Care, and Entitlements, hearing entitled ‘‘Examining the Endangered Species Act’’, 2 p.m., 2154 Rayburn. Committee on Science, Space, and Technology, Full Committee, hearing entitled ‘‘Mars Flyby 2021: The First Deep Space Mission for the Orion and Space Launch System?’’, 10 a.m., 2318 Rayburn. Committee on Transportation and Infrastructure, Subcommittee on Highways and Transit, hearing entitled Sfmt 0627"
315,CREC-2002-03-19-pt1-PgD258,1,"Frm 00008 Fmt 5627 shore of the Great Salt Lake, Utah; and S. 506, Huna Totem Corporation Land Exchange Act, 10 a.m., and to hold a hearing on the following bills: H.R. 2829, Sound Science for Endangered Species Act Planning Act of 2001; and H.R. 3705, Sound Science Saves Species Act of 2002, 2 p.m., 1324 Longworth. Committee on Science, to mark up the following bills: H.R. 2051, to provide for the establishment of regional plant genome and gene expression research and development centers; H.R. 3389, National Sea Grant College Program Act Amendments of 2002; and H.R. 3939, Energy Pipeline Research, Development, and Demonstration Act; followed by a hearing on The 2001 Presidential Awardees for Excellence in Mathematics and Science Teaching: Views from the Blackboard, 10 a.m., 2318 Rayburn. Committee on Small Business, hearing on Making the Office of Advocacy Independent, 10 a.m., 2360 Rayburn. Committee on Transportation and Infrastructure, to consider the following measures: H.R. 3983, Maritime Transportation Antiterrorism Act of 2002; H.R. 3930, Water Quality Financing Act of 2002; H. Con. Res. 347, authorizing the use of the Capitol Grounds for the National Peace Officers’ Memorial Service; H. Con. Res. 348, authorizing the use of the Capitol Grounds for the National Book Festival; H. Con. Res. 356, authorizing the use of the Capitol Grounds for the Greater Washington Soap Box Derby; H. Con. Res. 354, authorizing the use of the Capitol Grounds for the District of Columbia Special Olympics Law Enforcement Torch Run; H.R. 2672, to designate the United States courthouse to be constructed at 8th Avenue and Mill Street in Eugene, Oregon as the ‘‘Wayne Lyman Morse United States Courthouse;’’ and H.R. 2911, to designate the Federal building located at 5100 Paint Branch Parkway in College Park, Maryland, as the ‘‘Harvey W. Wiley Federal Building.’’ 11 a.m., 2167 Rayburn. Subcommittee on Coast Guard and Maritime Transportation, to mark up H.R. 3983, Maritime Transportation and Antiterrorism Act of 2002, 10 a.m., 2253 Rayburn. Subcommittee on Highways and Transit, hearing on Ensuring the Integrity of the Highway Trust Fund, 2 p.m., 2167 Rayburn. Committee on Ways and Means, to mark up H.R. 3991, Taxpayer Protection and IRS Accountability Act of 2002, 10:30 a.m., 1100 Longworth. Permanent Select Committee on Intelligence, executive, hearing on National Foreign Intelligence Program Overview of Fiscal Year 2003, 2:30 p.m., H–405 Capitol."
316,CREC-2011-07-27-pt1-PgD855,1,"ending September 30, 2012. Consideration of the measure began on July 25th. Pages H5600–59 Agreed to: Dicks amendment that was debated on July 26th that strikes the proviso relating to funding limitations for carrying out certain subsections of the Endangered Species Act (by a recorded vote of 224 ayes to 202 noes, Roll No. 652); Page H5601 Reed amendment (No. 44 printed in the Congressional Record of July 25, 2011) that was debated on July 26th that increases funding, by offset, for State and Private Forestry by $8,291,000 (by a recorded vote of 237 ayes to 189 noes, Roll No. 656); Pages H5603–04 Scalise amendment, as modified, that was debated on July 26th that reduces funding for the Office of the Secretary, Departmental Operations by $420,000 (by a recorded vote of 215 ayes to 213 noes, Roll No. 657); Pages H5604–05 LaTourette en bloc amendment that increases funding, by offset, for Environmental Programs and Management by $13 million and increases funding for the Great Lakes Initiative by $50 million (by a recorded vote of 220 ayes to 206 noes, Roll No. 660); and Pages H5622–25, H5633–34 Pompeo amendment (No. 39 printed in the Congressional Record of July 25, 2011) that reduces funding for Environmental Programs and Management by $6,246,000 and applies the savings to the spending reduction account (by a recorded vote of 235 ayes to 191 noes, Roll No. 661). Pages H5629–31, H5634 Rejected: Clarke (MI) amendment that was debated on July 26th that sought to increase funding, by offset, for Environmental Programs and Management by $10 million (by a recorded vote of 173 ayes to 251 noes, Roll No. 651); Pages H5600–01"
317,CREC-1996-03-19-pt1-PgD230,1,"House Committee on Appropriations, Subcommittee on Agriculture, Rural Development, FDA, and Related Agencies, on Research, Education and Economics, 1 p.m., 2362A Rayburn. Subcommittee on Interior, on Geological Survey, 10 a.m, and on National Park Service, 1:30 p.m., B–308 Rayburn. Subcommittee on National Security, on fiscal year 1997 Navy/Marine Corps Posture, 10 a.m., 2212 Rayburn and Navy/Marine Corps Acquisition Programs, 1:30 p.m., H–140 Capitol. Subcommittee on Transportation, on Federal Highway Administration, 10 a.m., 2358 Rayburn. Subcommittee on Veterans’ Affairs, HUD and Independent Agencies, on NASA, 9 a.m., 2360 Rayburn. Committee on Banking and Financial Services, hearing on Recent Developments in Banking and Finance in the People’s Republic of China, Hong Kong, and Taiwan, 10 a.m., 2128 Rayburn. Committee on Commerce, to mark up H.R. 3070, Health Coverage Availability and Affordability Act of 1996, 10 a.m., 2123 Rayburn. Committee on National Security, hearing on security challenges posed by China, 9:30 a.m., 2118 Rayburn. Committee on Resources, Oversight hearing on Endangered Species Act of 1973, 11 a.m., 1324 Longworth. Subcommittee on National Parks, Forests and Lands, oversight hearing on Historic Preservation and hearing on the following: H.R. 563, to amend the National Historic Preservation Act to prohibit the inclusion of certain sites on the National Register of Historic Places; H.R. 1179, Historical Black Colleges and University Historic Building Restoration and Preservation Act; and H.R. 3031, to amend the act of October 15, 1966 (80 Stat. 915), as amended, establishing a program for the preservation of additional historic property throughout the Nation, 9 a.m., 1334 Longworth. Committee on Standards of Official Conduct, executive, to consider pending business, 2:30 p.m., HT–2M Capitol. Committee on Transportation and Infrastructure, hearing to determine the impact of the Administration’s Budget on the highway and aviation trust funds, 1:45 p.m., 2167 Rayburn. Subcommittee on Aviation, to continue hearings on the airport improvement program, with emphasis on FAA views and miscellaneous issues, 9:15 a.m., 2167 Rayburn. Subcommittee on Public Buildings and Economic Development, hearing on GSA Courthouse Construction Program, 8:30 a.m., 2253 Rayburn. Committee on Ways and Means, hearing on Replacing the Federal Income Tax, 10 a.m., 1100 Longworth. Permanent Select Committee on Intelligence, executive, hearing on Processing/Exploitation 2 p.m, H–405 Capitol."
318,CREC-2002-03-20-pt1-PgD269,1,"Committee on Resources: Held a hearing on the following bills: H.R. 2829, Sound Science for Endangered Species Act Planning Act of 2001; and H.R. 3705, Sound Science Saves Species Act of 2002, Testimony was heard from Craig Manson, Assistant Secretary, Fish, and Wildlife and Parks, Department of the Interior; Rebecca Lent, Deputy Assistant Administrator, Regulatory Programs, National Marine Fisheries Service, NOAA, Department of Commerce; and public witnesses."
319,CREC-2018-07-16-pt1-PgD816,1,"Committee on Environment and Public Works: to hold hearings to examine an original bill entitled, ‘‘Endangered Species Act Amendments of 2018’’, 9:45 a.m., SD–406. Committee on Health, Education, Labor, and Pensions: to hold hearings to examine reducing health care costs, focusing on eliminating excess health care spending and improving quality and value for patients, 10 a.m.,"
320,CREC-2018-07-16-pt1-PgD816,2,"Committee on Commerce, Science, and Transportation: July 18, to hold hearings to examine sharks, 10 a.m., SR–253. Committee on Energy and Natural Resources: July 17, to hold hearings to examine the Department of the Interior’s final list of critical minerals for 2018 and opportunities to strengthen the United States’ mineral security, 10 a.m., SD–366. July 19, Full Committee, to hold an oversight hearing to examine Administration reorganization and modernization proposals related to the Department of Energy and the Department of the Interior, 10 a.m., SD–366. Committee on Environment and Public Works: July 17, to hold hearings to examine an original bill entitled, ‘‘Endangered Species Act Amendments of 2018’’, 9:45 a.m.,"
321,CREC-1995-03-07-pt1-PgD299-2,1,"provided for Environmental Restoration, Defense, and to offset the reduction by an increase in the rescission for Research, Development, Test and Evaluation, Defense-Wide. Pages S3587–93 Withdrawn: Helms/Faircloth Amendment No. 325 (to committee amendment beginning on page 1, line 3), to provide that the Endangered Species Act of 1973 shall not apply with respect to Fort Bragg, North Carolina. Pages S3597–99 Pending: Helms (Modified) Amendment No. 326 (to committee amendment beginning on page 1, line 3), to strengthen international sanctions against the Castro government in Cuba, to develop a plan to support a transition government leading to a democratically elected government in Cuba. Pages S3599–S3600 Senate will continue consideration of the bill on Wednesday, March 8. Nominations Confirmed: Senate confirmed the following nominations: Herschelle Challenor, of Georgia, to be a Member of the National Security Education Board for a term of four years. Sheila Cheston, of the District of Columbia, to be General Counsel of the Department of the Air Force. Page S3640 Messages From the House: Page S3603 Measures Referred: Page S3603 Communications: Page S3603 Statements on Introduced Bills: Pages S3604–22 Additional Cosponsors: Pages S3622–23 Amendments Submitted: Pages S3623–35 Notices of Hearings: Page S3635 Authority for Committees: Page S3636 Additional Statements: Pages S3636–39 Record Votes: Three record votes were taken today. (Total—101) Pages S3555, S3593 Recess: Senate convened at 10:30 a.m., and recessed at 6:34 p.m., until 10:30 a.m., on Wednesday, March 8, 1995. (For Senate’s program, see the remarks of the Acting Majority Leader in today’s RECORD on page S3640.)"
322,CREC-1995-03-07-pt1-PgD299-2,2,"Committee on Environment and Public Works: Subcommittee on Drinking Water, Fisheries and Wildlife concluded hearings on S. 191, S. 503, and other related proposals to institute a moratorium on certain activities under authority of the Endangered Species Act, after receiving testimony from Senator Hutchison; Bruce Babbitt, Secretary of the Interior; David Wilcove, on behalf of the Environmental Defense Fund and the Society for Conservation Biology, and William J. Snape III, Defenders of Wildlife, both of Washington, D.C.; Robert E. Gordon, Jr., National Wilderness Institute, Alexandria, Virginia; Rick Perry, Texas Department of Agriculture, Austin; James A. Kraft, Plum Creek Timber Company,"
323,CREC-2001-04-03-pt1-PgD308,1,"Bills Introduced: 55 public bills, H.R. 1330–1384; 2 private bills, H.R. 1385–1386; and 7 resolutions, H. Con. Res. 93–96, and H. Res. 110, 112–113, were introduced. Pages H1406–10 Reports Filed: Reports were filed today as follows: H.R. 768, to amend the Improving America’s Schools Act of 1994 to make permanent the favorable treatment of need-based educational aid under the antitrust laws (H. Rept. 107–32); H.R. 642, to reauthorize the Chesapeake Bay Office of the National Oceanic and Atmospheric Administration, amended (H. Rept. 107–33); H.R. 601, to ensure the continued access of hunters to those Federal lands included within the boundaries of the Craters of the Moon National Monument in the State of Idaho pursuant to Presidential Proclamation 7373 of November 9, 2000, and to continue the applicability of the Taylor Grazing Act to the disposition of grazing fees arising from the use of such lands, amended (H. Rept. 107–34); H.R. 581, to authorize the Secretary of the Interior and the Secretary of Agriculture to use funds appropriated for wildland fire management in the Department of the Interior and Related Agencies Appropriations Act, 2001, to reimburse the United States Fish and Wildlife Service and the National Marine Fisheries Service to facilitate the interagency cooperation required under the Endangered Species Act of 1973 in connection with wildland fire management (H. Rept. 107–35); H.R. 182, to amend the Wild and Scenic Rivers Act to designate a segment of the Eight Mile River in the State of Connecticut for study for potential addition to the National Wild and Scenic Rivers System, amended (H. Rept. 107–36); H.R. 8, to amend the Internal Revenue Code of 1986 to phaseout the estate and gift taxes over a 10year period, amended (H. Rept. 107–37); H.R. 974, to increase the number of interaccount transfers which may be made from business accounts at depository institutions, to authorize the Board of Governors of the Federal Reserve System to pay interest on reserves, amended (H. Rept. 107–38); and H. Res. 111, providing for consideration of the bill (H.R. 8) to amend the Internal Revenue Code of 1986 to phaseout the estate and gift taxes over a 10-year period (H. Rept. 107–39). Page H1406"
324,CREC-2000-03-01-pt1-PgD145,1,"Committee on Resources: Held a hearing on H.R. 3160, Common Sense Protections for Endangered Species Act. Testimony was heard from Marc Racicot, Governor, State of Montana; Jamie Clark, Director, U.S. Fish and Wildlife Service, Department of the Interior; and Penelope D. Dalton, Director, National Marine Fisheries Service, Department of Commerce."
325,CREC-2004-11-19-pt3-PgD1096,1,"Measures Introduced: 26 public bills, H.R. 5393–5418; and; 8 resolutions, H.J. Res. 114; H. Con. Res. 524–527, and H. Res. 863–865 were introduced. Pages H10078–79 Additional Cosponsors: Pages H10079–80 Reports Filed: Reports were filed today as follows: H.R. 1662, to amend the Endangered Species Act of 1973 to require the Secretary of the Interior to give greater weight to scientific or commercial data that is empirical or has been field-tested or peer-reviewed, amended (H. Rept. 108–785); H.R. 2933, to amend the Endangered Species Act of 1973 to reform the process for designating critical habitat under that Act, amended (H. Rept. 108–786); H.R. 5104, to amend the Marine Mammal Protection Act of 1972 to authorize appropriations for the John H. Prescott Marine Mammal Rescue Assistance Grant Program (H. Rept. 108–787); H.R. 5134, to require the prompt review by the Secretary of the Interior of the long-standing petitions for Federal recognition of certain Indian tribes, amended (H. Rept. 108–788); H.R. 2801, to establish a digital and wireless network technology program, amended (H. Rept. 108–789, Pt. 1); H.R. 3283, to improve recreational facilities and visitor opportunities on Federal recreational lands by reinvesting receipts from fair and consistent recreational fees and passes, amended (H. Rept. 108–790, Pt. 1); H.R. 2440, to improve the implementation of the Federal responsibility for the care and education of Indian people by improving the services and facilities of Federal health programs for Indians and encouraging maximum participation of Indians in such programs, amended (H. Rept. 108–791, Pt. 1); Conference report to accompany H.R. 4818, an act making appropriations for foreign operations, export financing, and related programs for the fiscal year ending September 30, 2005, and for other purposes (H. Rept. 108–792). Pages H10071, H10077–78, H10235–H10887 Rule for consideration of suspensions: The House agreed to H. Res. 859, providing for consideration of motions to suspend the rules, by voice vote. Pages H10003–05 Individuals with Disabilities Education Improvement Act of 2004—Conference Report: The House agreed to the conference report to accompany"
326,CREC-2017-05-10-pt1-PgD514,1,"Committee on Environment and Public Works: Committee concluded a hearing to examine state views on the need to modernize the Endangered Species Act, after receiving testimony from Nick Wiley, Florida Fish and Wildlife Conservation Commission, Tallahassee, and Larry D. Voyles, Arizona Game and Fish Department, Phoenix, both on behalf of the Association of Fish and Wildlife Agencies; and Janet Coit, Rhode Island Department of Environmental Management, Providence."
327,CREC-1996-03-20-pt1-PgD238,1,Committee on Resources: Held an oversight hearing on the Implementation and Administration of the Endangered Species Act of 1973. Testimony was heard from public witnesses.
328,CREC-2002-07-08-pt1-PgD713,1,"July 9, Subcommittee on the Constitution, hearing on H.R. 4965, Partial-Birth Abortion Ban Act of 2002, 2 p.m., 2237 Rayburn. July 9, Subcommittee on Crime, Terrorism, and Homeland Security, oversight hearing on ‘‘The Proposal to create a Department of Homeland Security,’’ 9 a.m., 2141 Rayburn. July 10 and 11, full Committee, to mark up the following: H.R. 3838, to amend the charter of the Veterans of Foreign Wars of the United States organization to make members of the armed forces who receive special pay for duty subject to hostile fire or imminent danger eligible for membership in the organization; H.R. 3214, to amend the charter of the AMVETS organization; H.R. 3988, to amend title 36, United States Code, to clarify the requirements for eligibility in the American Legion; H.R. 5005, Homeland Security Act of 2002; and private relief measures, 10 a.m., 2141 Rayburn. Committee on Resources, July 9, Subcommittee on National Parks, Recreation and Public Lands, hearing on the following bills: H.R. 2099, to amend the Omnibus Parks and Public Lands Management Act of 1996 to provide adequate funding authorization for the Vancouver National Historic Reserve; H.R. 3917, to authorize a national memorial to commemorate the passengers and crew of Flight 93 who, on September 11, 2001, courageously gave their lives thereby thwarting a planned attack on our Nation’s Capital; and H.R. 4874, to direct the Secretary of the Interior to disclaim any Federal interest in lands adjacent to Spirit Lake and Twin Lakes in the State of Idaho resulting from possible omission of land from an 1880 survey, 2 p.m., 1334 Longworth. July 9, Subcommittee on Water and Power, hearing on the following bills: H.R. 4708, Fremont-Madison Conveyance Act; H.R. 4739, to amend the Reclamation Wastewater and Groundwater Study and Facilities Act to authorize the Secretary of the Interior to participate in the design, planning and construction of a project to reclaim and reuse wastewater within and outside of the service area of the City of Austin Water and Wastewater Utility, Texas; and H.R. 5039, to direct the Secretary of the Interior to convey title to certain irrigation project property in the Humboldt Project, Nevada, to the Pershing County Water Conservation District, Pershing County, Lander County and the State of Nevada, 2 p.m., 1324 Longworth. July 10, full Committee, to continue markup of H.R. 4749, Magnuson-Stevens Act Amendments of 2002; and to mark up the following measures: H. Con. Res. 419, requesting the President to issue a proclamation in observance of the 100th Anniversary of the founding of the International Association of Fish and Wildlife Agencies; H.R. 3148, to amend the Alaska Native Claims Settlement Act to provide equitable treatment of Alaska Native Vietnam Veterans; H.R. 3476, to protect certain lands held in fee by the Pechanga Band of Luiseno Mission Indians from condemnation until a final decision is made by the Secretary of the Interior regarding a pending fee to trust application for that land; H.R. 3917, Flight 93 National Memorial Act; H.R. 4141, Red Rock Canyon National Conservation Area Protection and Enhancement Act of 2002; H.R. 4620, America’s Wilderness Protection Act; H.R. 4739, to amend the Reclamation Wastewater and Groundwater Study and Facilities Act to authorize the Secretary of the Interior to participate in the design, planning, and construction of a project to reclaim and reuse wastewater within and outside of the service area of the City of Austin Water and Wastewater Utility, Texas; H.R. 4822, Upper Missouri River Breaks Boundary Clarification Act; H.R. 4840, Sound Science for Endangered Species Act Planning Act of 2002; S. 238, Burnt, Malheur, Owyhee, and Powder River Basin Water Optimization Feasibility Study Act of 2001; S. 356, Louisiana Purchase Bicentennial Commission Act; and S. 1057, Pu’uhonua O Honaunau National Historical Park Addition Act of 2001, 10 a.m., 1324 Longworth. July 11, Subcommittee on Fisheries Conservation, Wildlife and Oceans, oversight hearing on the Developing Crisis Facing Wildlife Species due to Bushmeat Consumption, 11 a.m., 1324 Longworth. July 11, Subcommittee on Forests and Forest Health, oversight hearing on Wildfire on the National Forest: An Update on the 2002 Wildland Fire Season, 10 a.m., 1334 Longworth. Committee on Rules, July 9, to consider the following: H.R. 4635, Arming Pilots Against Terrorism Act; H.R. 4687, National Construction Safety Team Act; H.R. 2486, Tropical Cyclone Inland Forecasting Improvement and Warning System Development Act of 2002; and H.R. 2733, Enterprise Integration Act of 2002, 11 a.m., H–313 Capitol. Committee on Science, July 10, hearing on the Administration’s Climate Change Initiative, 1 p.m., 2318 Rayburn. Committee on Small Business, July 11, Subcommittee on Regulatory Reform and Oversight, hearing on The Small Business Health Market: Bad Reforms Higher Prices and Fewer Choices, 10 a.m., 2360 Rayburn. Committee on Transportation and Infrastructure, July 9, Subcommittee on Highways and Transit, hearing on Trucking Safety, 2 p.m., 2167 Rayburn. July 11, full Committee, to consider H.R. 5005, Homeland Security Act of 2002, 11 a.m., 2167 Rayburn. Committee on Veterans’ Affairs, July 9, Subcommittee on Benefits, to mark up the following bills: H.R. 4940, the Arlington National Cemetery Burial Eligibility Act; and H.R. 5055, to authorize the placement in Arlington National Cemetery of a memorial honoring the World War II veterans who fought in the Battle of the Bulge, 1 p.m., 334 Cannon. July 10, Subcommittee on Health, to mark up H.R. 3645, Veterans Health-Care Items Procurement Reform and Improvement Act of 2002, 2 p.m., 334 Cannon. Committee on Ways and Means, July 10, to mark up H.R. 5005, Homeland Security Act of 2002, 10:30 a.m., 1100 Longworth. July 11, Subcommittee on Social Security, to continue hearings on Social Security Disability Programs’ Challengers and Opportunities, 10 a.m., B–318 Rayburn."
329,CREC-2001-05-09-pt1-PgD417,1,"Committee on Environment and Public Works: Subcommittee on Fisheries, Wildlife, and Water held hearings to examine the listing and de-listing processes of the Endangered Species Act, receiving testimony from Senator Thomas; Gary Frazer, Assistant Director, Endangered Species, Fish and Wildlife Service, Department of the Interior; Don Knowles, Director, Office of Protected Resources, National Marine Fisheries Service, National Oceanic and Atmospheric Administration, Department of Commerce; Deborah M. Brosnan, Sustainable Ecosystems Institute, Portland, Oregon; David S. Wilcove, Environmental Defense, John D. Echeverria, Georgetown University Law Center, on behalf of the Environmental Policy Project, Steven P. Quarles, on behalf"
330,CREC-2002-07-17-pt1-PgD770,1,"Points of Order Sustained Against: Shadegg amendment that sought to allow Regional Foresters to exempt projects involving the removal of trees from the applicability of the citizen suit authority contained in the Endangered Species Act on the basis that a wildfire is likely to cause harm to the forest ecosystem and destroy human life and dwellings. Pages H4849–50 Dicks amendment that sought to provide funding to acquire lands or waters within the Everglades watershed; and Pages H4855–56 Flake amendment that sought to prohibit the use of any funding to entities not specifically identified by name as recipients in the Act. Page H4856 H. Res. 483, the rule that provided for consideration of the bill was agreed to on July 16. Company Accounting Reform and Investor Protection Act: The House disagreed to the Senate amendment to H.R. 3763, to protect investors by improving the accuracy and reliability of corporate disclosures made pursuant to the securities laws and agreed to a conference. Appointed as conferees: From the Committee on Financial Services, for consideration of the House bill and the Senate amendments, and modifications committed to conference: Chairman Oxley and Representatives Baker, Royce, Ney, Kelly, Cox, LaFalce, Frank, Kanjorski, and Waters. Provided that Representative Shows is appointed in lieu of Representative Waters for consideration of section 11 of the House bill and section 305 of the Senate amendment, and modifications committed to conference. Pages H4838–47 Appointed as conferees from the Committee on Education and the Workforce, for consideration of sections 306 and 904 of the Senate amendment, and modifications committed to conference: Chairman Boehner and Representatives Sam Johnson of Texas and George Miller of California. Page H4847 Appointed as conferees from the Committee on Energy and Commerce, for consideration of sections 108 and 109 of the Senate amendment, and modifications committed to conference: Chairman Tauzin and Representatives Greenwood and Dingell. Page H4847 Appointed as conferees from the Committee on the Judiciary, for consideration of section 105 and titles 8 and 9 of the Senate amendment, and modifications committed to conference: Chairman Sensenbrenner and Representatives Smith of Texas and Conyers. Page H4847 Appointed as conferees from the Committee on Ways and Means, for consideration of section 109 of the Senate amendment, and modifications committed to conference: Chairman Thomas and Representatives McCrery and Rangel. Page H4847"
331,CREC-2000-02-02-pt1-PgD48-2 (1),1,"Committee on Resources: Held a hearing on H.R. 3160, Common Sense Protections for Endangered Species Act. Testimony was heard from public witnesses."
332,CREC-1999-10-19-pt1-PgD1157,1,"Committee on Environment and Public Works: Subcommittee on Fisheries, Wildlife, and Drinking Water held hearings to examine how species listed under the Endangered Species Act (ESA) benefit from conservation and mitigation measures required in Habitat Conservation Plans (HCPs), focusing on negotiation and implementation, appropriateness and adequacy of conservation measures, and the Administration’s no surprises policy, receiving testimony from Eric R. Glitzenstein, Meyer and Glitzenstein, on behalf of the Spirit of the Sage Council/Defenders of Wildlife, and Steven P. Quarles, on behalf of the American Forest and Paper Association, both of Washington, DC; Robert D. Thornton, Nossaman, Guthner, Knox, and Elliott, Irvine, California, on behalf of the Orange County Transportation Corridor Agencies; William C. Pauli, California Farm Bureau Federation, Sacramento, on behalf of the American Farm Bureau Federation; Rudolph Willey, Presley Homes, Martinez, California; Brooke S. Fox, Douglas County Board of Commissioners, Castle Rock, Colorado; James E. Moore, Nature Conservancy of Nevada, Las Vegas; and Don Rose, Sempra Energy, San Diego, California, on behalf of the Edison Electric Institute. Hearings recessed subject to call."
333,CREC-2008-04-01-pt1-PgD353,1,"Subcommittee on Defense, to meet in closed session to examine National Reconnaissance Office (NRO)/Space Programs, 10:30 a.m., S–407, Capitol. Committee on Armed Services: Subcommittee on Emerging Threats and Capabilities, to hold hearings to examine the defense authorization request for fiscal year 2009 for the Cooperative Threat Reduction Program and the Proliferation Security Initiative at the Department of Defense, and nuclear nonproliferation programs at the National Nuclear Security Administration, and the future years defense program, 10 a.m., SR–232A. Subcommittee on Readiness and Management Support, to hold hearings to examine the Department of Defense contracting in Iraq and Afghanistan, 2:30 p.m., SR–222. Committee on Commerce, Science, and Transportation: business meeting to consider S. 2688, to improve the protections afforded under Federal law to consumers from contaminated seafood by directing the Secretary of Commerce to establish a program, in coordination with other appropriate Federal agencies, to strengthen activities for ensuring that seafood sold or offered for sale to the public in or affecting interstate commerce is fit for human consumption, S.J. Res. 28, disapproving the rule submitted by the Federal Communications Commission with respect to broadcast media ownership, S. 2607, to make a technical correction to section 3009 of the Deficit Reduction Act of 2005, H.R. 3985, to amend title 49, United States Code, to direct the Secretary of Transportation to register a person providing transportation by an over-theroad bus as a motor carrier of passengers only if the person is willing and able to comply with certain accessibility requirements in addition to other existing requirements, H.R. 802, to amend the Act to Prevent Pollution from Ships to implement MARPOL Annex VI, and the nomination of Robert A. Sturgell, of Maryland, to be Administrator of the Federal Aviation Administration, 2:30 p.m., SR–253. Committee on Environment and Public Works: to hold an oversight hearing to examine the listing decision for the polar bear under the Endangered Species Act, 10 a.m.,"
334,CREC-2009-09-22-pt1-PgD1071,1,"Committee on Natural Resources: Subcommittee on Insular Affairs, Oceans and Wildlife held a hearing on the following bills: H.R. 1054, To amend the Marine Mammal Protection Act of 1972 to allow importation of polar bear trophies taken in sport hunts in Canada before the date the polar bear was determined to be a threatened species under the Endangered Species Act of 1973; H.R. 2213, To reauthorize the Neotropical Migratory Bird Conservation Act; H.R. 3433, To amend the North American"
335,CREC-2000-09-14-pt1-PgD915,1,"Committee on Resources: Held an oversight hearing on GAO review of Endangered Species Act implementation in Southern California. Testimony was heard from Derek Stewart, Associate Director, Energy, Resources, and Science Issues, Resources, Community, and Economic Development Division, GAO; and Jamie Clark, Director, U.S. Fish and Wildlife Service, Department of the Interior."
336,CREC-2011-05-12-pt1-PgD496,1,"Frm 00007 Fmt 0627 sport hunts in Canada before the date the polar bear was determined to be a threatened species under the Endangered Species Act of 1973; H.R. 1160, McKinney Lake National Fish Hatchery Conveyance Act; H.R. 1670, Sikes Act Amendments Act. Testimony was heard from Rep. Kissell; Rowan Gould, Acting Director, Fish and Wildlife Service; Capt. John Lowell, Director, Office of Coast Survey, NOAA; Gordon Myers, Executive Director, North Carolina Wildlife Resources Commission; and public witnesses."
